file,venue,team1,team2,MR,MRN,MW,OR,ORN,OW,win
335991,Chandigarh,Kings XI Punjab,Mumbai Indians,78,8.666666666666666,3,62,6.888888888888889,5,Kings XI Punjab
980931,Pune,Royal Challengers Bangalore,Rising Pune Supergiants,80,8.88888888888889,0,79,8.777777777777779,1,Royal Challengers Bangalore
829745,Bangalore,Chennai Super Kings,Royal Challengers Bangalore,89,9.88888888888889,3,73,8.11111111111111,3,Chennai Super Kings
419118,Ahmedabad,Rajasthan Royals,Kolkata Knight Riders,68,7.555555555555555,2,61,6.777777777777777,2,Rajasthan Royals
501206,Chandigarh,Chennai Super Kings,Kings XI Punjab,95,10.555555555555555,1,73,8.11111111111111,3,Kings XI Punjab
980973,Visakhapatnam,Sunrisers Hyderabad,Mumbai Indians,65,7.222222222222222,2,53,5.888888888888889,4,Sunrisers Hyderabad
829797,Chennai,Chennai Super Kings,Rajasthan Royals,72,8.0,0,53,5.888888888888889,4,Chennai Super Kings
598068,Bangalore,Royal Challengers Bangalore,Chennai Super Kings,30,13.846153846153845,1,26,12.0,3,Royal Challengers Bangalore
336036,Jaipur,Mumbai Indians,Rajasthan Royals,68,7.555555555555555,2,54,6.0,3,Rajasthan Royals
501225,Jaipur,Kochi Tuskers Kerala,Rajasthan Royals,56,6.222222222222221,1,73,8.938775510204081,2,Rajasthan Royals
729309,neutral,Mumbai Indians,Delhi Daredevils,32,3.5555555555555554,3,72,8.0,2,Delhi Daredevils
598028,Dharamsala,Kings XI Punjab,Delhi Daredevils,50,5.555555555555555,2,79,8.777777777777779,1,Kings XI Punjab
419119,Mumbai,Mumbai Indians,Royal Challengers Bangalore,57,6.333333333333334,4,62,6.888888888888889,2,Royal Challengers Bangalore
548330,Chennai,Chennai Super Kings,Pune Warriors,73,8.11111111111111,0,54,6.0,3,Chennai Super Kings
598026,Chennai,Rajasthan Royals,Chennai Super Kings,76,8.444444444444445,3,82,9.11111111111111,1,Chennai Super Kings
829769,Mumbai,Mumbai Indians,Rajasthan Royals,73,8.11111111111111,3,72,8.0,2,Mumbai Indians
733975,Delhi,Delhi Daredevils,Rajasthan Royals,48,5.333333333333333,2,77,8.555555555555555,2,Rajasthan Royals
419115,Bangalore,Rajasthan Royals,Royal Challengers Bangalore,47,5.222222222222222,3,34,6.580645161290322,0,Royal Challengers Bangalore
734019,Delhi,Delhi Daredevils,Kings XI Punjab,66,7.333333333333334,1,61,6.777777777777777,5,Kings XI Punjab
598047,Jaipur,Pune Warriors,Rajasthan Royals,64,7.111111111111111,2,75,8.333333333333332,2,Rajasthan Royals
598044,Hyderabad,Delhi Daredevils,Sunrisers Hyderabad,44,4.888888888888888,5,40,4.8979591836734695,2,Sunrisers Hyderabad
548352,Chennai,Chennai Super Kings,Deccan Chargers,68,7.555555555555555,3,55,6.111111111111112,2,Chennai Super Kings
980991,Chandigarh,Kings XI Punjab,Sunrisers Hyderabad,74,8.222222222222223,1,75,8.333333333333332,2,Sunrisers Hyderabad
392228,Johannesburg,Kolkata Knight Riders,Deccan Chargers,58,6.444444444444445,1,55,6.111111111111112,2,Deccan Chargers
829801,Raipur,Chennai Super Kings,Delhi Daredevils,67,7.444444444444445,2,69,7.666666666666666,1,Delhi Daredevils
392213,Centurion,Royal Challengers Bangalore,Rajasthan Royals,47,5.222222222222222,3,76,8.444444444444445,2,Rajasthan Royals
419160,Delhi,Deccan Chargers,Delhi Daredevils,79,8.777777777777779,3,47,5.222222222222222,3,Deccan Chargers
598027,Bangalore,Royal Challengers Bangalore,Pune Warriors,134,14.88888888888889,1,68,7.555555555555555,1,Royal Challengers Bangalore
598039,Hyderabad,Mumbai Indians,Sunrisers Hyderabad,48,5.333333333333333,2,70,7.777777777777778,1,Sunrisers Hyderabad
598016,Chandigarh,Kings XI Punjab,Kolkata Knight Riders,64,7.111111111111111,5,71,7.888888888888889,2,Kings XI Punjab
392231,Centurion,Chennai Super Kings,Kolkata Knight Riders,69,7.666666666666666,2,75,8.333333333333332,1,Kolkata Knight Riders
980955,Rajkot,Kings XI Punjab,Gujarat Lions,51,5.666666666666666,5,51,5.666666666666666,5,Kings XI Punjab
829749,Ahmedabad,Rajasthan Royals,Royal Challengers Bangalore,52,5.777777777777778,3,75,8.333333333333332,0,Royal Challengers Bangalore
419144,Kolkata,Kolkata Knight Riders,Delhi Daredevils,76,8.444444444444445,3,91,10.11111111111111,3,Kolkata Knight Riders
548339,Chandigarh,Kings XI Punjab,Mumbai Indians,56,6.222222222222221,2,66,7.333333333333334,4,Mumbai Indians
392237,Centurion,Delhi Daredevils,Deccan Chargers,60,6.666666666666667,1,62,6.888888888888889,3,Deccan Chargers
501212,Hyderabad,Deccan Chargers,Kings XI Punjab,65,7.222222222222222,3,77,8.555555555555555,1,Kings XI Punjab
336028,Mumbai,Kings XI Punjab,Mumbai Indians,91,10.11111111111111,1,76,8.444444444444445,2,Kings XI Punjab
548324,Bangalore,Rajasthan Royals,Royal Challengers Bangalore,70,7.777777777777778,1,51,5.666666666666666,4,Rajasthan Royals
392185,Port Elizabeth,Chennai Super Kings,Royal Challengers Bangalore,67,7.444444444444445,2,39,4.333333333333333,7,Chennai Super Kings
829751,Mumbai,Mumbai Indians,Sunrisers Hyderabad,66,7.333333333333334,3,52,5.777777777777778,2,Mumbai Indians
733981,Delhi,Delhi Daredevils,Chennai Super Kings,76,8.444444444444445,3,78,8.666666666666666,1,Chennai Super Kings
980903,Kolkata,Delhi Daredevils,Kolkata Knight Riders,57,6.333333333333334,4,52,6.0,1,Kolkata Knight Riders
392239,Johannesburg,Deccan Chargers,Royal Challengers Bangalore,70,7.777777777777778,1,67,7.444444444444445,5,Deccan Chargers
336000,Jaipur,Rajasthan Royals,Kolkata Knight Riders,97,10.777777777777779,3,77,8.555555555555555,2,Rajasthan Royals
501202,Mumbai,Kings XI Punjab,Pune Warriors,32,3.5555555555555554,1,69,9.200000000000001,2,Pune Warriors
419151,Nagpur,Deccan Chargers,Royal Challengers Bangalore,76,8.444444444444445,1,64,7.111111111111111,3,Deccan Chargers
548379,Bangalore,Chennai Super Kings,Mumbai Indians,84,9.333333333333334,2,58,6.444444444444445,6,Chennai Super Kings
336034,Bangalore,Royal Challengers Bangalore,Deccan Chargers,68,7.555555555555555,4,79,8.777777777777779,0,Royal Challengers Bangalore
501228,Mumbai,Pune Warriors,Chennai Super Kings,54,6.0,2,76,8.444444444444445,1,Chennai Super Kings
598069,Hyderabad,Kolkata Knight Riders,Sunrisers Hyderabad,56,6.222222222222221,2,61,6.777777777777777,3,Sunrisers Hyderabad
419109,Kolkata,Royal Challengers Bangalore,Kolkata Knight Riders,65,7.222222222222222,2,55,6.111111111111112,2,Kolkata Knight Riders
598004,Hyderabad,Royal Challengers Bangalore,Sunrisers Hyderabad,54,6.0,2,54,6.0,2,tie
501245,Kolkata,Chennai Super Kings,Kolkata Knight Riders,62,6.888888888888889,1,28,6.720000000000001,0,Kolkata Knight Riders
335992,Bangalore,Royal Challengers Bangalore,Rajasthan Royals,38,4.222222222222222,5,76,8.444444444444445,0,Rajasthan Royals
598059,Delhi,Delhi Daredevils,Kings XI Punjab,50,5.555555555555555,4,45,5.0,1,Kings XI Punjab
598002,Chennai,Mumbai Indians,Chennai Super Kings,55,6.111111111111112,4,57,6.333333333333334,3,Mumbai Indians
392238,Johannesburg,Chennai Super Kings,Royal Challengers Bangalore,55,6.111111111111112,3,51,5.666666666666666,1,Royal Challengers Bangalore
598007,Chandigarh,Kings XI Punjab,Chennai Super Kings,73,8.11111111111111,2,65,7.222222222222222,0,Chennai Super Kings
729301,neutral,Sunrisers Hyderabad,Delhi Daredevils,63,7.0,1,75,8.333333333333332,2,Sunrisers Hyderabad
392190,Cape Town,Rajasthan Royals,Kolkata Knight Riders,53,5.888888888888889,2,60,6.666666666666667,4,tie
829787,Mumbai,Sunrisers Hyderabad,Rajasthan Royals,77,8.555555555555555,2,90,10.0,3,Sunrisers Hyderabad
335994,Mumbai,Mumbai Indians,Deccan Chargers,72,8.0,2,95,14.25,0,Deccan Chargers
829823,Kolkata,Mumbai Indians,Chennai Super Kings,85,9.444444444444445,2,81,9.0,3,Mumbai Indians
829767,Delhi,Kings XI Punjab,Delhi Daredevils,47,5.222222222222222,2,78,9.176470588235293,1,Delhi Daredevils
501242,Kochi,Kochi Tuskers Kerala,Kolkata Knight Riders,63,7.0,2,57,6.333333333333334,3,Kochi Tuskers Kerala
548354,Chandigarh,Rajasthan Royals,Kings XI Punjab,62,6.888888888888889,2,64,7.111111111111111,3,Rajasthan Royals
598013,Kolkata,Kolkata Knight Riders,Sunrisers Hyderabad,61,6.777777777777777,2,65,7.222222222222222,3,Kolkata Knight Riders
392226,Bloemfontein,Delhi Daredevils,Kings XI Punjab,59,6.555555555555555,2,49,5.444444444444445,0,Kings XI Punjab
548357,Delhi,Delhi Daredevils,Kolkata Knight Riders,58,6.444444444444445,2,68,7.555555555555555,1,Kolkata Knight Riders
419129,Ahmedabad,Rajasthan Royals,Chennai Super Kings,71,7.888888888888889,2,61,6.777777777777777,2,Rajasthan Royals
419158,Kolkata,Rajasthan Royals,Kolkata Knight Riders,55,6.111111111111112,5,76,8.444444444444445,0,Kolkata Knight Riders
734025,Chandigarh,Kings XI Punjab,Mumbai Indians,59,6.555555555555555,4,71,7.888888888888889,2,Mumbai Indians
419163,Mumbai,Chennai Super Kings,Deccan Chargers,57,6.333333333333334,2,58,6.444444444444445,3,Chennai Super Kings
734015,Hyderabad,Sunrisers Hyderabad,Kolkata Knight Riders,68,7.555555555555555,3,73,8.11111111111111,1,Kolkata Knight Riders
598045,Bangalore,Royal Challengers Bangalore,Kings XI Punjab,80,8.88888888888889,0,94,10.444444444444445,0,Kings XI Punjab
598040,Raipur,Kolkata Knight Riders,Delhi Daredevils,46,5.111111111111111,2,66,7.333333333333334,0,Delhi Daredevils
829759,Chandigarh,Sunrisers Hyderabad,Kings XI Punjab,48,5.333333333333333,1,57,6.333333333333334,3,Sunrisers Hyderabad
548319,Chandigarh,Pune Warriors,Kings XI Punjab,67,7.444444444444445,2,50,5.555555555555555,2,Kings XI Punjab
392215,East London,Mumbai Indians,Delhi Daredevils,44,4.888888888888888,1,38,4.222222222222222,2,Delhi Daredevils
598056,Chandigarh,Sunrisers Hyderabad,Kings XI Punjab,61,6.777777777777777,4,52,5.777777777777778,3,Sunrisers Hyderabad
829731,Visakhapatnam,Delhi Daredevils,Sunrisers Hyderabad,81,9.0,1,60,6.666666666666667,3,Delhi Daredevils
734041,Mumbai,Rajasthan Royals,Mumbai Indians,99,11.0,1,124,13.777777777777779,2,Mumbai Indians
419116,Delhi,Delhi Daredevils,Chennai Super Kings,87,9.666666666666668,3,97,10.777777777777779,2,Chennai Super Kings
501222,Kolkata,Kolkata Knight Riders,Royal Challengers Bangalore,64,7.111111111111111,1,95,10.555555555555555,1,Royal Challengers Bangalore
501207,Mumbai,Kochi Tuskers Kerala,Pune Warriors,74,8.222222222222223,0,71,7.888888888888889,4,Pune Warriors
419120,Cuttack,Deccan Chargers,Delhi Daredevils,68,7.555555555555555,2,68,7.555555555555555,3,Deccan Chargers
598046,Mumbai,Mumbai Indians,Chennai Super Kings,50,5.555555555555555,4,46,5.111111111111111,5,Mumbai Indians
981005,Visakhapatnam,Kings XI Punjab,Rising Pune Supergiants,68,7.555555555555555,2,59,6.555555555555555,4,Rising Pune Supergiants
829785,Bangalore,Royal Challengers Bangalore,Kings XI Punjab,103,11.444444444444445,1,54,6.893617021276596,5,Royal Challengers Bangalore
734021,Hyderabad,Royal Challengers Bangalore,Sunrisers Hyderabad,80,8.88888888888889,1,65,7.222222222222222,1,Sunrisers Hyderabad
335990,Hyderabad,Deccan Chargers,Rajasthan Royals,90,10.0,1,86,9.555555555555555,2,Rajasthan Royals
548368,Kolkata,Kolkata Knight Riders,Chennai Super Kings,62,6.888888888888889,3,64,7.111111111111111,3,Chennai Super Kings
392200,Durban,Kings XI Punjab,Mumbai Indians,60,6.666666666666667,3,58,6.444444444444445,1,Kings XI Punjab
419157,Bangalore,Mumbai Indians,Royal Challengers Bangalore,104,11.555555555555555,1,64,7.111111111111111,4,Mumbai Indians
419136,Chandigarh,Kings XI Punjab,Royal Challengers Bangalore,78,8.666666666666666,2,71,7.888888888888889,1,Royal Challengers Bangalore
335982,Bangalore,Kolkata Knight Riders,Royal Challengers Bangalore,93,10.333333333333334,1,55,6.111111111111112,5,Kolkata Knight Riders
548367,Bangalore,Royal Challengers Bangalore,Mumbai Indians,67,7.444444444444445,2,74,8.222222222222223,2,Mumbai Indians
335999,Hyderabad,Deccan Chargers,Kings XI Punjab,61,6.777777777777777,5,88,9.777777777777777,2,Kings XI Punjab
501247,Bangalore,Kochi Tuskers Kerala,Royal Challengers Bangalore,48,5.333333333333333,4,49,6.837209302325581,0,Royal Challengers Bangalore
598020,Delhi,Chennai Super Kings,Delhi Daredevils,77,8.555555555555555,1,48,5.333333333333333,3,Chennai Super Kings
501213,Mumbai,Pune Warriors,Delhi Daredevils,65,7.222222222222222,3,61,6.777777777777777,5,Delhi Daredevils
734007,Hyderabad,Sunrisers Hyderabad,Kings XI Punjab,72,8.0,2,83,9.222222222222221,3,Kings XI Punjab
548377,Jaipur,Rajasthan Royals,Mumbai Indians,75,8.333333333333332,2,96,10.666666666666666,0,Mumbai Indians
419161,Kolkata,Mumbai Indians,Kolkata Knight Riders,44,4.888888888888888,2,63,7.0,1,Kolkata Knight Riders
501261,Chennai,Chennai Super Kings,Kochi Tuskers Kerala,60,6.666666666666667,2,50,5.555555555555555,2,Chennai Super Kings
980911,Rajkot,Rising Pune Supergiants,Gujarat Lions,64,7.111111111111111,1,70,7.777777777777778,2,Gujarat Lions
980907,Bangalore,Royal Challengers Bangalore,Sunrisers Hyderabad,107,11.88888888888889,0,83,9.222222222222221,4,Royal Challengers Bangalore
829727,Visakhapatnam,Sunrisers Hyderabad,Rajasthan Royals,55,6.111111111111112,1,60,6.666666666666667,3,Rajasthan Royals
336039,Mumbai,Kings XI Punjab,Chennai Super Kings,33,3.666666666666667,3,81,9.0,0,Chennai Super Kings
733983,Mumbai,Mumbai Indians,Royal Challengers Bangalore,69,7.666666666666666,3,61,6.777777777777777,3,Mumbai Indians
336003,Chandigarh,Kings XI Punjab,Kolkata Knight Riders,70,7.777777777777778,4,70,7.777777777777778,1,Kings XI Punjab
598005,Jaipur,Rajasthan Royals,Kolkata Knight Riders,65,7.222222222222222,2,59,6.555555555555555,5,Rajasthan Royals
501256,Mumbai,Deccan Chargers,Mumbai Indians,50,5.555555555555555,4,50,5.555555555555555,1,Deccan Chargers
548366,Chandigarh,Deccan Chargers,Kings XI Punjab,79,8.777777777777779,1,86,9.555555555555555,2,Kings XI Punjab
548380,Chennai,Chennai Super Kings,Delhi Daredevils,110,12.222222222222223,2,82,9.11111111111111,5,Chennai Super Kings
548321,Delhi,Deccan Chargers,Delhi Daredevils,70,7.777777777777778,3,81,9.0,2,Delhi Daredevils
548314,Visakhapatnam,Deccan Chargers,Mumbai Indians,51,5.666666666666666,2,56,6.222222222222221,1,Mumbai Indians
501237,Mumbai,Mumbai Indians,Kings XI Punjab,79,8.777777777777779,1,77,8.555555555555555,3,Mumbai Indians
598019,Jaipur,Rajasthan Royals,Mumbai Indians,67,7.444444444444445,2,45,5.0,5,Rajasthan Royals
392212,Centurion,Deccan Chargers,Mumbai Indians,62,6.888888888888889,2,59,6.555555555555555,2,Deccan Chargers
335984,Delhi,Rajasthan Royals,Delhi Daredevils,56,6.222222222222221,5,73,8.11111111111111,0,Delhi Daredevils
419164,Mumbai,Deccan Chargers,Royal Challengers Bangalore,51,5.666666666666666,2,53,6.76595744680851,1,Royal Challengers Bangalore
598018,Pune,Sunrisers Hyderabad,Pune Warriors,50,5.555555555555555,3,46,5.111111111111111,2,Sunrisers Hyderabad
419111,Ahmedabad,Rajasthan Royals,Delhi Daredevils,44,4.888888888888888,1,71,7.888888888888889,2,Delhi Daredevils
501269,Mumbai,Kolkata Knight Riders,Mumbai Indians,77,8.555555555555555,1,58,6.444444444444445,4,Mumbai Indians
501239,Hyderabad,Kolkata Knight Riders,Deccan Chargers,69,7.666666666666666,2,67,7.444444444444445,2,Kolkata Knight Riders
548378,Pune,Kolkata Knight Riders,Delhi Daredevils,51,5.666666666666666,2,60,6.666666666666667,2,Kolkata Knight Riders
548325,Mumbai,Mumbai Indians,Delhi Daredevils,56,6.222222222222221,5,52,5.777777777777778,2,Delhi Daredevils
336019,Chandigarh,Kings XI Punjab,Rajasthan Royals,93,10.333333333333334,1,102,11.333333333333332,3,Kings XI Punjab
548365,Jaipur,Rajasthan Royals,Pune Warriors,81,9.0,1,64,7.111111111111111,2,Rajasthan Royals
419146,Chandigarh,Mumbai Indians,Kings XI Punjab,58,6.444444444444445,3,60,6.666666666666667,1,Kings XI Punjab
335983,Chandigarh,Chennai Super Kings,Kings XI Punjab,108,12.0,3,102,11.333333333333332,2,Chennai Super Kings
419155,Chennai,Chennai Super Kings,Delhi Daredevils,35,3.888888888888889,4,47,5.222222222222222,1,Delhi Daredevils
598071,Delhi,Sunrisers Hyderabad,Rajasthan Royals,50,5.555555555555555,1,55,6.111111111111112,4,Rajasthan Royals
336024,Hyderabad,Mumbai Indians,Deccan Chargers,57,6.333333333333334,3,74,8.222222222222223,1,Mumbai Indians
598065,Hyderabad,Sunrisers Hyderabad,Rajasthan Royals,69,7.666666666666666,1,40,4.444444444444445,5,Sunrisers Hyderabad
419138,Mumbai,Mumbai Indians,Deccan Chargers,61,6.777777777777777,3,58,6.444444444444445,4,Mumbai Indians
734049,Bangalore,Kings XI Punjab,Kolkata Knight Riders,99,11.0,0,92,10.222222222222221,2,Kolkata Knight Riders
829741,Ahmedabad,Rajasthan Royals,Kings XI Punjab,93,10.333333333333334,2,80,8.88888888888889,3,tie
548372,Delhi,Royal Challengers Bangalore,Delhi Daredevils,95,10.555555555555555,0,98,10.88888888888889,2,Royal Challengers Bangalore
419123,Bangalore,Royal Challengers Bangalore,Chennai Super Kings,66,7.333333333333334,2,66,7.333333333333334,4,Royal Challengers Bangalore
392219,Johannesburg,Kolkata Knight Riders,Delhi Daredevils,40,4.444444444444445,3,53,5.888888888888889,3,Delhi Daredevils
598010,Delhi,Delhi Daredevils,Sunrisers Hyderabad,43,4.777777777777778,2,38,4.222222222222222,4,Sunrisers Hyderabad
829789,Chennai,Chennai Super Kings,Mumbai Indians,59,6.555555555555555,2,40,4.444444444444445,3,Mumbai Indians
548369,Delhi,Kings XI Punjab,Delhi Daredevils,52,5.777777777777778,4,66,7.333333333333334,1,Delhi Daredevils
548322,Pune,Chennai Super Kings,Pune Warriors,71,7.888888888888889,3,50,5.555555555555555,2,Pune Warriors
734045,Mumbai,Mumbai Indians,Chennai Super Kings,74,8.222222222222223,2,72,8.0,3,Chennai Super Kings
980943,Hyderabad,Sunrisers Hyderabad,Rising Pune Supergiants,45,5.0,2,48,9.0,2,Rising Pune Supergiants
829773,Hyderabad,Sunrisers Hyderabad,Chennai Super Kings,67,7.444444444444445,3,76,8.444444444444445,3,Sunrisers Hyderabad
980917,Mumbai,Mumbai Indians,Gujarat Lions,51,5.666666666666666,3,57,6.333333333333334,3,Gujarat Lions
501218,Mumbai,Pune Warriors,Mumbai Indians,67,7.444444444444445,3,57,6.333333333333334,2,Mumbai Indians
829721,Ahmedabad,Mumbai Indians,Rajasthan Royals,52,5.777777777777778,2,71,7.888888888888889,2,Rajasthan Royals
729303,neutral,Mumbai Indians,Chennai Super Kings,77,8.555555555555555,0,56,6.222222222222221,2,Chennai Super Kings
829725,Pune,Kings XI Punjab,Delhi Daredevils,74,8.222222222222223,2,73,8.11111111111111,1,Delhi Daredevils
419156,Dharamsala,Kings XI Punjab,Deccan Chargers,55,6.111111111111112,1,86,9.555555555555555,3,Deccan Chargers
829781,Kolkata,Kolkata Knight Riders,Sunrisers Hyderabad,56,6.222222222222221,5,55,6.111111111111112,4,Kolkata Knight Riders
501226,Chennai,Chennai Super Kings,Pune Warriors,54,6.0,2,53,5.888888888888889,1,Chennai Super Kings
598000,Hyderabad,Sunrisers Hyderabad,Pune Warriors,49,5.444444444444445,3,51,5.666666666666666,4,Sunrisers Hyderabad
980983,Hyderabad,Sunrisers Hyderabad,Delhi Daredevils,62,6.888888888888889,3,64,7.111111111111111,2,Delhi Daredevils
548346,Mumbai,Deccan Chargers,Mumbai Indians,44,4.888888888888888,5,46,5.111111111111111,2,Mumbai Indians
981017,Delhi,Gujarat Lions,Sunrisers Hyderabad,71,7.888888888888889,3,70,7.777777777777778,3,Sunrisers Hyderabad
419110,Chennai,Deccan Chargers,Chennai Super Kings,70,7.777777777777778,0,74,8.222222222222223,2,Deccan Chargers
598051,Hyderabad,Chennai Super Kings,Sunrisers Hyderabad,86,9.555555555555555,0,60,6.666666666666667,4,Chennai Super Kings
980987,Bangalore,Royal Challengers Bangalore,Gujarat Lions,94,10.444444444444445,0,53,5.888888888888889,6,Royal Challengers Bangalore
734047,Mumbai,Kings XI Punjab,Chennai Super Kings,97,10.777777777777779,2,55,6.111111111111112,4,Kings XI Punjab
392197,Port Elizabeth,Mumbai Indians,Kolkata Knight Riders,90,10.0,3,48,5.333333333333333,5,Mumbai Indians
335997,Kolkata,Kolkata Knight Riders,Mumbai Indians,47,5.222222222222222,3,72,8.0,0,Mumbai Indians
392199,Durban,Kolkata Knight Riders,Royal Challengers Bangalore,49,5.444444444444445,2,52,5.777777777777778,2,Royal Challengers Bangalore
392194,Port Elizabeth,Royal Challengers Bangalore,Delhi Daredevils,55,6.111111111111112,2,56,6.222222222222221,1,Delhi Daredevils
336022,Delhi,Delhi Daredevils,Kings XI Punjab,50,9.09090909090909,4,21,10.5,0,Kings XI Punjab
548343,Chennai,Kings XI Punjab,Chennai Super Kings,78,8.666666666666666,2,51,5.666666666666666,5,Kings XI Punjab
598042,Pune,Royal Challengers Bangalore,Pune Warriors,89,9.88888888888889,2,83,9.222222222222221,3,Royal Challengers Bangalore
981007,Kanpur,Mumbai Indians,Gujarat Lions,85,9.444444444444445,1,77,8.555555555555555,3,Gujarat Lions
733995,Mumbai,Mumbai Indians,Chennai Super Kings,57,6.333333333333334,1,74,8.222222222222223,1,Chennai Super Kings
980909,Kolkata,Kolkata Knight Riders,Mumbai Indians,98,10.88888888888889,1,86,9.555555555555555,2,Mumbai Indians
336040,Mumbai,Chennai Super Kings,Rajasthan Royals,75,8.333333333333332,2,71,7.888888888888889,3,Rajasthan Royals
548348,Cuttack,Deccan Chargers,Pune Warriors,77,8.555555555555555,0,68,7.555555555555555,2,Deccan Chargers
335985,Mumbai,Mumbai Indians,Royal Challengers Bangalore,58,6.444444444444445,1,78,8.666666666666666,3,Royal Challengers Bangalore
598054,Delhi,Royal Challengers Bangalore,Delhi Daredevils,59,6.555555555555555,1,74,8.222222222222223,2,Royal Challengers Bangalore
598035,Raipur,Delhi Daredevils,Pune Warriors,64,7.111111111111111,3,67,7.444444444444445,2,Delhi Daredevils
829715,Delhi,Delhi Daredevils,Rajasthan Royals,68,7.555555555555555,1,88,9.777777777777777,3,Rajasthan Royals
829775,Chandigarh,Mumbai Indians,Kings XI Punjab,72,8.0,1,68,7.555555555555555,1,Mumbai Indians
335995,Chandigarh,Delhi Daredevils,Kings XI Punjab,62,6.888888888888889,2,68,7.555555555555555,2,Kings XI Punjab
419128,Bangalore,Delhi Daredevils,Royal Challengers Bangalore,64,7.111111111111111,1,75,8.333333333333332,5,Delhi Daredevils
981013,Bangalore,Gujarat Lions,Royal Challengers Bangalore,81,9.0,1,79,8.777777777777779,1,Royal Challengers Bangalore
729293,Abu Dhabi,Chennai Super Kings,Delhi Daredevils,77,8.555555555555555,2,58,6.444444444444445,5,Chennai Super Kings
336001,Chennai,Chennai Super Kings,Delhi Daredevils,79,8.777777777777779,2,78,8.666666666666666,2,Delhi Daredevils
829819,Pune,Royal Challengers Bangalore,Rajasthan Royals,72,8.0,1,52,5.777777777777778,5,Royal Challengers Bangalore
829757,Delhi,Delhi Daredevils,Royal Challengers Bangalore,47,5.222222222222222,5,49,10.5,0,Royal Challengers Bangalore
392209,East London,Chennai Super Kings,Deccan Chargers,77,8.555555555555555,2,48,5.433962264150944,7,Chennai Super Kings
336015,Jaipur,Delhi Daredevils,Rajasthan Royals,49,5.444444444444445,4,99,11.0,2,Rajasthan Royals
419159,Dharamsala,Kings XI Punjab,Chennai Super Kings,82,9.11111111111111,2,81,9.0,1,Chennai Super Kings
548373,Hyderabad,Rajasthan Royals,Deccan Chargers,52,5.777777777777778,3,41,4.555555555555555,3,Deccan Chargers
829821,Ranchi,Royal Challengers Bangalore,Chennai Super Kings,61,6.777777777777777,2,57,6.333333333333334,2,Chennai Super Kings
336011,Jaipur,Deccan Chargers,Rajasthan Royals,53,5.888888888888889,4,79,8.777777777777779,1,Rajasthan Royals
501203,Kolkata,Kolkata Knight Riders,Deccan Chargers,72,8.0,2,71,7.888888888888889,3,Kolkata Knight Riders
335986,Kolkata,Deccan Chargers,Kolkata Knight Riders,38,4.222222222222222,4,55,6.111111111111112,1,Kolkata Knight Riders
548331,Chandigarh,Kings XI Punjab,Royal Challengers Bangalore,64,7.111111111111111,3,80,8.88888888888889,0,Royal Challengers Bangalore
501219,Kolkata,Kochi Tuskers Kerala,Kolkata Knight Riders,55,6.111111111111112,5,49,5.444444444444445,2,Kochi Tuskers Kerala
392210,Durban,Rajasthan Royals,Kings XI Punjab,79,8.777777777777779,1,67,7.444444444444445,2,Rajasthan Royals
597999,Bangalore,Royal Challengers Bangalore,Mumbai Indians,69,7.666666666666666,3,58,6.444444444444445,3,Royal Challengers Bangalore
548342,Delhi,Delhi Daredevils,Mumbai Indians,99,11.0,1,90,10.0,1,Delhi Daredevils
501263,Mumbai,Mumbai Indians,Rajasthan Royals,68,7.555555555555555,1,82,11.181818181818182,0,Rajasthan Royals
597998,Kolkata,Delhi Daredevils,Kolkata Knight Riders,51,5.666666666666666,3,54,6.0,3,Kolkata Knight Riders
419162,Mumbai,Mumbai Indians,Royal Challengers Bangalore,53,5.888888888888889,2,74,8.222222222222223,6,Mumbai Indians
548345,Delhi,Delhi Daredevils,Rajasthan Royals,63,7.0,2,68,7.555555555555555,1,Delhi Daredevils
598070,Delhi,Chennai Super Kings,Mumbai Indians,78,8.666666666666666,1,71,7.888888888888889,4,Chennai Super Kings
548376,Hyderabad,Deccan Chargers,Royal Challengers Bangalore,52,5.777777777777778,1,49,5.444444444444445,2,Deccan Chargers
501266,Bangalore,Chennai Super Kings,Royal Challengers Bangalore,56,6.222222222222221,1,60,6.666666666666667,1,Royal Challengers Bangalore
419150,Jaipur,Mumbai Indians,Rajasthan Royals,59,6.555555555555555,1,55,6.111111111111112,4,Mumbai Indians
501209,Jaipur,Rajasthan Royals,Kolkata Knight Riders,71,7.888888888888889,2,68,7.555555555555555,0,Kolkata Knight Riders
548371,Dharamsala,Chennai Super Kings,Kings XI Punjab,52,5.777777777777778,2,71,7.888888888888889,3,Kings XI Punjab
336025,Kolkata,Kolkata Knight Riders,Chennai Super Kings,66,7.333333333333334,0,12,5.538461538461538,0,Chennai Super Kings
501236,Chennai,Chennai Super Kings,Deccan Chargers,62,6.888888888888889,1,54,6.0,3,Chennai Super Kings
419149,Delhi,Delhi Daredevils,Kings XI Punjab,36,4.0,4,49,5.444444444444445,2,Kings XI Punjab
733971,Ranchi,Chennai Super Kings,Kolkata Knight Riders,83,9.222222222222221,2,52,5.777777777777778,3,Chennai Super Kings
980957,Pune,Rising Pune Supergiants,Mumbai Indians,66,7.333333333333334,2,68,7.555555555555555,1,Mumbai Indians
419131,Delhi,Delhi Daredevils,Kolkata Knight Riders,73,8.11111111111111,0,62,6.888888888888889,2,Delhi Daredevils
734005,Bangalore,Royal Challengers Bangalore,Delhi Daredevils,74,8.222222222222223,3,73,8.11111111111111,3,Royal Challengers Bangalore
598024,Delhi,Mumbai Indians,Delhi Daredevils,83,9.222222222222221,0,84,9.333333333333334,0,Delhi Daredevils
980929,Rajkot,Gujarat Lions,Sunrisers Hyderabad,54,6.0,3,74,8.222222222222223,0,Sunrisers Hyderabad
392214,Centurion,Chennai Super Kings,Kings XI Punjab,88,9.777777777777777,1,95,10.555555555555555,2,Chennai Super Kings
598030,Chennai,Sunrisers Hyderabad,Chennai Super Kings,56,6.222222222222221,1,56,6.222222222222221,3,Chennai Super Kings
729305,Abu Dhabi,Royal Challengers Bangalore,Rajasthan Royals,48,5.333333333333333,5,35,5.0,2,Rajasthan Royals
734027,Kolkata,Kolkata Knight Riders,Royal Challengers Bangalore,96,10.666666666666666,1,70,7.777777777777778,2,Kolkata Knight Riders
336035,Kolkata,Kings XI Punjab,Kolkata Knight Riders,86,9.555555555555555,2,53,5.888888888888889,3,Kolkata Knight Riders
501227,Delhi,Delhi Daredevils,Royal Challengers Bangalore,73,8.11111111111111,2,52,5.777777777777778,4,Royal Challengers Bangalore
598041,Chennai,Chennai Super Kings,Kings XI Punjab,80,8.88888888888889,2,86,9.555555555555555,1,Chennai Super Kings
501229,Kochi,Deccan Chargers,Kochi Tuskers Kerala,70,7.777777777777778,0,44,4.888888888888888,1,Deccan Chargers
980975,Kolkata,Kolkata Knight Riders,Gujarat Lions,70,7.777777777777778,0,89,9.88888888888889,2,Gujarat Lions
734035,Bangalore,Royal Challengers Bangalore,Chennai Super Kings,67,7.444444444444445,1,47,5.222222222222222,1,Chennai Super Kings
392222,Centurion,Kings XI Punjab,Mumbai Indians,41,4.555555555555555,4,71,7.888888888888889,0,Mumbai Indians
548370,Mumbai,Kolkata Knight Riders,Mumbai Indians,62,6.888888888888889,3,54,6.0,2,Kolkata Knight Riders
980921,Bangalore,Royal Challengers Bangalore,Delhi Daredevils,80,8.88888888888889,1,95,10.555555555555555,0,Delhi Daredevils
733985,Delhi,Delhi Daredevils,Kolkata Knight Riders,74,8.222222222222223,2,76,8.444444444444445,1,Kolkata Knight Riders
336037,Hyderabad,Deccan Chargers,Chennai Super Kings,67,7.444444444444445,1,70,7.777777777777778,1,Chennai Super Kings
501243,Hyderabad,Deccan Chargers,Delhi Daredevils,82,9.11111111111111,2,120,13.333333333333334,1,Delhi Daredevils
829771,Bangalore,Kolkata Knight Riders,Royal Challengers Bangalore,50,11.538461538461538,3,53,13.826086956521738,1,Royal Challengers Bangalore
980981,Bangalore,Royal Challengers Bangalore,Mumbai Indians,66,7.333333333333334,1,58,6.444444444444445,2,Mumbai Indians
829799,Hyderabad,Sunrisers Hyderabad,Kings XI Punjab,84,9.333333333333334,2,57,6.333333333333334,5,Sunrisers Hyderabad
548323,Kolkata,Kings XI Punjab,Kolkata Knight Riders,61,6.777777777777777,2,46,5.111111111111111,4,Kings XI Punjab
980937,Rajkot,Royal Challengers Bangalore,Gujarat Lions,65,7.222222222222222,1,64,7.111111111111111,1,Gujarat Lions
392186,Durban,Kings XI Punjab,Kolkata Knight Riders,71,7.888888888888889,3,19,5.699999999999999,0,Kolkata Knight Riders
598034,Chennai,Chennai Super Kings,Kolkata Knight Riders,84,9.333333333333334,1,63,7.0,1,Chennai Super Kings
392236,Centurion,Royal Challengers Bangalore,Deccan Chargers,83,9.222222222222221,2,55,6.111111111111112,3,Royal Challengers Bangalore
829735,Ahmedabad,Chennai Super Kings,Rajasthan Royals,67,7.444444444444445,2,91,10.11111111111111,0,Rajasthan Royals
548315,Bangalore,Kolkata Knight Riders,Royal Challengers Bangalore,68,7.555555555555555,3,61,6.777777777777777,4,Kolkata Knight Riders
829719,Bangalore,Royal Challengers Bangalore,Sunrisers Hyderabad,67,7.444444444444445,3,72,8.0,2,Sunrisers Hyderabad
419141,Nagpur,Rajasthan Royals,Deccan Chargers,80,8.88888888888889,2,66,7.333333333333334,2,Rajasthan Royals
336014,Hyderabad,Kolkata Knight Riders,Deccan Chargers,75,8.333333333333332,1,70,7.777777777777778,3,Kolkata Knight Riders
392232,Johannesburg,Delhi Daredevils,Royal Challengers Bangalore,52,5.777777777777778,2,75,8.333333333333332,2,Royal Challengers Bangalore
548358,Pune,Pune Warriors,Rajasthan Royals,56,6.222222222222221,3,63,7.0,1,Rajasthan Royals
419124,Chandigarh,Rajasthan Royals,Kings XI Punjab,80,8.88888888888889,2,51,5.666666666666666,5,Rajasthan Royals
419117,Cuttack,Deccan Chargers,Kings XI Punjab,69,7.666666666666666,3,71,7.888888888888889,3,Deccan Chargers
501208,Hyderabad,Deccan Chargers,Royal Challengers Bangalore,73,8.11111111111111,2,64,7.111111111111111,2,Deccan Chargers
729299,neutral,Kolkata Knight Riders,Royal Challengers Bangalore,64,7.111111111111111,2,67,7.444444444444445,2,Kolkata Knight Riders
829739,Delhi,Delhi Daredevils,Kolkata Knight Riders,69,7.666666666666666,3,71,7.888888888888889,1,Kolkata Knight Riders
548360,Mumbai,Mumbai Indians,Royal Challengers Bangalore,70,7.777777777777778,2,76,8.444444444444445,1,Royal Challengers Bangalore
598011,Mumbai,Mumbai Indians,Pune Warriors,67,7.444444444444445,2,78,8.666666666666666,2,Mumbai Indians
336029,Chennai,Royal Challengers Bangalore,Chennai Super Kings,53,5.888888888888889,3,48,5.333333333333333,4,Royal Challengers Bangalore
729297,neutral,Chennai Super Kings,Rajasthan Royals,50,5.555555555555555,5,49,5.444444444444445,6,Chennai Super Kings
981011,Raipur,Delhi Daredevils,Royal Challengers Bangalore,55,6.111111111111112,4,62,6.888888888888889,2,Royal Challengers Bangalore
501232,Bangalore,Royal Challengers Bangalore,Pune Warriors,61,6.777777777777777,2,66,7.333333333333334,2,Royal Challengers Bangalore
980961,Rajkot,Gujarat Lions,Delhi Daredevils,64,7.111111111111111,1,60,6.666666666666667,2,Delhi Daredevils
598017,Bangalore,Delhi Daredevils,Royal Challengers Bangalore,51,5.666666666666666,3,78,8.666666666666666,0,tie
501233,Kochi,Delhi Daredevils,Kochi Tuskers Kerala,60,6.666666666666667,2,55,6.111111111111112,2,Delhi Daredevils
598021,Hyderabad,Kings XI Punjab,Sunrisers Hyderabad,56,6.222222222222221,3,54,6.0,2,Sunrisers Hyderabad
598062,Chennai,Chennai Super Kings,Delhi Daredevils,62,6.888888888888889,3,54,6.0,4,Chennai Super Kings
829705,Kolkata,Mumbai Indians,Kolkata Knight Riders,64,7.111111111111111,0,91,10.11111111111111,2,Kolkata Knight Riders
734003,Ranchi,Rajasthan Royals,Chennai Super Kings,72,8.0,4,58,6.444444444444445,2,Chennai Super Kings
501240,Chennai,Rajasthan Royals,Chennai Super Kings,66,7.333333333333334,3,75,8.333333333333332,0,Chennai Super Kings
419127,Chandigarh,Kolkata Knight Riders,Kings XI Punjab,76,8.444444444444445,1,60,6.666666666666667,3,Kolkata Knight Riders
548347,Chennai,Chennai Super Kings,Kolkata Knight Riders,55,6.111111111111112,2,66,7.333333333333334,1,Kolkata Knight Riders
548363,Kolkata,Mumbai Indians,Kolkata Knight Riders,83,9.222222222222221,0,74,8.222222222222223,1,Mumbai Indians
501257,Dharamsala,Kings XI Punjab,Delhi Daredevils,83,9.222222222222221,2,55,6.111111111111112,5,Kings XI Punjab
980959,Bangalore,Royal Challengers Bangalore,Kolkata Knight Riders,72,8.0,2,86,9.555555555555555,2,Kolkata Knight Riders
598053,Pune,Kolkata Knight Riders,Pune Warriors,46,5.111111111111111,3,46,5.111111111111111,3,Kolkata Knight Riders
548381,Chennai,Chennai Super Kings,Kolkata Knight Riders,82,9.11111111111111,1,85,9.444444444444445,1,Kolkata Knight Riders
598057,Ranchi,Royal Challengers Bangalore,Kolkata Knight Riders,62,6.888888888888889,2,54,6.0,1,Kolkata Knight Riders
733997,Cuttack,Kings XI Punjab,Kolkata Knight Riders,67,7.444444444444445,2,68,7.555555555555555,1,Kolkata Knight Riders
336009,Delhi,Delhi Daredevils,Chennai Super Kings,83,9.222222222222221,0,80,8.88888888888889,4,Chennai Super Kings
501255,Bangalore,Kolkata Knight Riders,Royal Challengers Bangalore,56,7.636363636363637,1,40,5.853658536585366,4,Royal Challengers Bangalore
598014,Jaipur,Kings XI Punjab,Rajasthan Royals,54,6.0,3,46,5.111111111111111,3,Rajasthan Royals
501230,Delhi,Kolkata Knight Riders,Delhi Daredevils,63,7.0,4,45,5.0,5,Kolkata Knight Riders
981019,Bangalore,Sunrisers Hyderabad,Royal Challengers Bangalore,81,9.0,3,99,11.0,3,Sunrisers Hyderabad
392234,Durban,Chennai Super Kings,Kings XI Punjab,46,5.111111111111111,5,30,3.3333333333333335,3,Chennai Super Kings
729311,neutral,Sunrisers Hyderabad,Chennai Super Kings,61,6.777777777777777,2,77,8.555555555555555,2,Chennai Super Kings
598066,Dharamsala,Kings XI Punjab,Mumbai Indians,96,10.666666666666666,0,56,6.222222222222221,3,Kings XI Punjab
729317,neutral,Sunrisers Hyderabad,Mumbai Indians,73,8.11111111111111,0,74,8.222222222222223,0,Sunrisers Hyderabad
501249,Jaipur,Chennai Super Kings,Rajasthan Royals,81,9.0,2,66,7.333333333333334,3,Chennai Super Kings
501254,Indore,Kochi Tuskers Kerala,Kings XI Punjab,68,7.555555555555555,3,96,10.666666666666666,2,Kings XI Punjab
598033,Mumbai,Mumbai Indians,Royal Challengers Bangalore,91,10.11111111111111,2,59,6.555555555555555,6,Mumbai Indians
501258,Indore,Rajasthan Royals,Kochi Tuskers Kerala,55,6.111111111111112,5,11,7.333333333333334,0,Kochi Tuskers Kerala
501198,Chennai,Chennai Super Kings,Kolkata Knight Riders,62,6.888888888888889,1,59,6.555555555555555,2,Chennai Super Kings
980967,Hyderabad,Gujarat Lions,Sunrisers Hyderabad,59,6.555555555555555,2,53,5.888888888888889,2,Sunrisers Hyderabad
734037,Kolkata,Sunrisers Hyderabad,Kolkata Knight Riders,72,8.0,3,112,13.176470588235295,5,Kolkata Knight Riders
419139,Kolkata,Kolkata Knight Riders,Kings XI Punjab,96,10.666666666666666,1,87,9.666666666666668,1,Kings XI Punjab
980933,Delhi,Delhi Daredevils,Mumbai Indians,69,7.666666666666666,2,62,6.888888888888889,3,Delhi Daredevils
392218,Port Elizabeth,Mumbai Indians,Royal Challengers Bangalore,58,6.444444444444445,1,61,6.777777777777777,4,Mumbai Indians
336027,Kolkata,Kolkata Knight Riders,Rajasthan Royals,70,7.777777777777778,3,86,9.555555555555555,1,Rajasthan Royals
548350,Bangalore,Royal Challengers Bangalore,Kings XI Punjab,89,9.88888888888889,0,79,8.777777777777779,1,Kings XI Punjab
548332,Chennai,Rajasthan Royals,Chennai Super Kings,66,7.333333333333334,1,59,6.555555555555555,1,Chennai Super Kings
980915,Hyderabad,Sunrisers Hyderabad,Kolkata Knight Riders,58,6.444444444444445,1,76,8.444444444444445,2,Kolkata Knight Riders
598006,Mumbai,Mumbai Indians,Delhi Daredevils,100,11.11111111111111,1,80,8.88888888888889,3,Mumbai Indians
598012,Chennai,Royal Challengers Bangalore,Chennai Super Kings,82,9.11111111111111,1,70,7.777777777777778,2,Chennai Super Kings
392216,Kimberley,Deccan Chargers,Kings XI Punjab,48,5.333333333333333,3,74,8.222222222222223,3,Kings XI Punjab
336012,Bangalore,Royal Challengers Bangalore,Mumbai Indians,56,6.222222222222221,5,78,8.666666666666666,1,Mumbai Indians
829717,Mumbai,Kings XI Punjab,Mumbai Indians,70,7.777777777777778,3,62,6.888888888888889,3,Kings XI Punjab
829809,Chandigarh,Kings XI Punjab,Chennai Super Kings,45,5.0,3,64,7.111111111111111,1,Chennai Super Kings
392225,Durban,Rajasthan Royals,Mumbai Indians,81,9.0,2,72,8.0,2,Rajasthan Royals
829729,Mumbai,Mumbai Indians,Chennai Super Kings,101,11.222222222222223,2,78,8.666666666666666,4,Chennai Super Kings
392188,Cape Town,Deccan Chargers,Royal Challengers Bangalore,77,8.555555555555555,2,78,8.666666666666666,2,Deccan Chargers
501224,Hyderabad,Mumbai Indians,Deccan Chargers,45,5.0,3,59,6.555555555555555,4,Mumbai Indians
336013,Chennai,Chennai Super Kings,Kings XI Punjab,91,10.11111111111111,1,80,8.88888888888889,4,Chennai Super Kings
501248,Chandigarh,Kings XI Punjab,Pune Warriors,62,6.888888888888889,3,74,8.222222222222223,2,Pune Warriors
548344,Kolkata,Kolkata Knight Riders,Royal Challengers Bangalore,88,9.777777777777777,1,52,5.777777777777778,1,Kolkata Knight Riders
501223,Delhi,Delhi Daredevils,Kings XI Punjab,103,11.444444444444445,2,101,11.222222222222223,2,Delhi Daredevils
392204,Durban,Royal Challengers Bangalore,Kings XI Punjab,62,6.888888888888889,4,60,6.666666666666667,3,Royal Challengers Bangalore
548308,Mumbai,Pune Warriors,Mumbai Indians,61,6.777777777777777,1,47,5.222222222222222,2,Pune Warriors
501231,Jaipur,Mumbai Indians,Rajasthan Royals,36,4.0,2,55,6.111111111111112,1,Rajasthan Royals
980925,Chandigarh,Kings XI Punjab,Kolkata Knight Riders,54,6.0,4,52,5.777777777777778,3,Kolkata Knight Riders
501260,Dharamsala,Kings XI Punjab,Royal Challengers Bangalore,143,15.88888888888889,0,63,7.0,5,Kings XI Punjab
501221,Mumbai,Mumbai Indians,Chennai Super Kings,67,7.444444444444445,1,75,8.333333333333332,2,Mumbai Indians
336033,Chennai,Rajasthan Royals,Chennai Super Kings,100,11.11111111111111,2,92,10.222222222222221,2,Rajasthan Royals
598058,Jaipur,Chennai Super Kings,Rajasthan Royals,63,7.0,3,106,11.777777777777779,1,Rajasthan Royals
336026,Bangalore,Royal Challengers Bangalore,Delhi Daredevils,61,6.777777777777777,2,56,6.222222222222221,4,Delhi Daredevils
548316,Delhi,Chennai Super Kings,Delhi Daredevils,39,4.333333333333333,3,61,8.318181818181818,0,Delhi Daredevils
419133,Chennai,Royal Challengers Bangalore,Chennai Super Kings,65,7.222222222222222,1,69,7.666666666666666,2,Chennai Super Kings
548341,Pune,Deccan Chargers,Pune Warriors,72,8.0,1,57,6.333333333333334,3,Deccan Chargers
501271,Chennai,Chennai Super Kings,Royal Challengers Bangalore,105,11.666666666666666,1,60,6.666666666666667,5,Chennai Super Kings
548306,Chennai,Chennai Super Kings,Mumbai Indians,53,5.888888888888889,3,47,5.222222222222222,3,Mumbai Indians
501264,Dharamsala,Deccan Chargers,Kings XI Punjab,89,9.88888888888889,1,54,6.0,3,Deccan Chargers
980905,Chandigarh,Kings XI Punjab,Gujarat Lions,73,8.11111111111111,4,77,8.555555555555555,2,Gujarat Lions
335988,Hyderabad,Deccan Chargers,Delhi Daredevils,48,5.333333333333333,3,95,12.391304347826086,0,Delhi Daredevils
980927,Mumbai,Royal Challengers Bangalore,Mumbai Indians,63,7.0,3,77,8.555555555555555,2,Mumbai Indians
733999,Bangalore,Royal Challengers Bangalore,Rajasthan Royals,75,8.333333333333332,2,77,8.555555555555555,5,Rajasthan Royals
548312,Jaipur,Rajasthan Royals,Kolkata Knight Riders,79,8.777777777777779,2,67,7.444444444444445,3,Rajasthan Royals
829709,Pune,Rajasthan Royals,Kings XI Punjab,75,8.333333333333332,2,53,5.888888888888889,2,Rajasthan Royals
419106,Mumbai,Kolkata Knight Riders,Deccan Chargers,54,6.0,0,60,6.666666666666667,3,Kolkata Knight Riders
733973,Mumbai,Kings XI Punjab,Mumbai Indians,90,10.0,1,69,7.666666666666666,1,Mumbai Indians
980999,Bangalore,Royal Challengers Bangalore,Kings XI Punjab,148,16.444444444444446,3,61,7.469387755102041,5,Royal Challengers Bangalore
336032,Delhi,Mumbai Indians,Delhi Daredevils,63,7.0,4,74,8.222222222222223,3,Delhi Daredevils
598067,Pune,Pune Warriors,Delhi Daredevils,67,7.444444444444445,3,57,6.333333333333334,3,Pune Warriors
392220,Kimberley,Deccan Chargers,Rajasthan Royals,66,7.333333333333334,2,65,7.222222222222222,4,Deccan Chargers
392224,Durban,Chennai Super Kings,Royal Challengers Bangalore,53,5.888888888888889,2,58,6.444444444444445,1,Royal Challengers Bangalore
598055,Pune,Pune Warriors,Mumbai Indians,52,5.777777777777778,3,46,5.111111111111111,1,Mumbai Indians
729313,neutral,Royal Challengers Bangalore,Kings XI Punjab,54,6.0,3,68,7.555555555555555,3,Kings XI Punjab
598061,Ranchi,Pune Warriors,Kolkata Knight Riders,70,7.777777777777778,1,89,9.88888888888889,0,Pune Warriors
734011,Ahmedabad,Rajasthan Royals,Delhi Daredevils,89,9.88888888888889,1,59,6.555555555555555,6,Rajasthan Royals
336023,Jaipur,Rajasthan Royals,Royal Challengers Bangalore,92,10.222222222222221,1,60,6.666666666666667,4,Rajasthan Royals
598009,Pune,Rajasthan Royals,Pune Warriors,58,6.444444444444445,3,53,5.888888888888889,1,Pune Warriors
734023,Kolkata,Chennai Super Kings,Kolkata Knight Riders,71,7.888888888888889,1,67,7.444444444444445,2,Kolkata Knight Riders
392203,East London,Mumbai Indians,Kolkata Knight Riders,48,5.333333333333333,2,72,8.0,1,Mumbai Indians
829779,Chennai,Chennai Super Kings,Royal Challengers Bangalore,64,7.111111111111111,2,58,6.444444444444445,2,Chennai Super Kings
392223,Durban,Delhi Daredevils,Deccan Chargers,53,5.888888888888889,3,84,9.333333333333334,1,Delhi Daredevils
829791,Kolkata,Kings XI Punjab,Kolkata Knight Riders,89,9.88888888888889,1,79,8.777777777777779,4,Kolkata Knight Riders
980953,Hyderabad,Sunrisers Hyderabad,Royal Challengers Bangalore,92,10.222222222222221,0,87,9.666666666666668,3,Sunrisers Hyderabad
335987,Jaipur,Kings XI Punjab,Rajasthan Royals,61,6.777777777777777,3,89,9.88888888888889,1,Rajasthan Royals
980949,Pune,Rising Pune Supergiants,Gujarat Lions,87,9.666666666666668,1,75,8.333333333333332,2,Gujarat Lions
548353,Kolkata,Kolkata Knight Riders,Pune Warriors,53,5.888888888888889,2,64,7.111111111111111,3,Kolkata Knight Riders
419148,Bangalore,Kolkata Knight Riders,Royal Challengers Bangalore,63,7.0,3,72,8.0,2,Royal Challengers Bangalore
548351,Pune,Mumbai Indians,Pune Warriors,50,5.555555555555555,5,39,4.333333333333333,3,Mumbai Indians
980923,Hyderabad,Mumbai Indians,Sunrisers Hyderabad,71,7.888888888888889,2,75,8.333333333333332,2,Sunrisers Hyderabad
335996,Bangalore,Chennai Super Kings,Royal Challengers Bangalore,66,7.333333333333334,2,87,9.666666666666668,2,Chennai Super Kings
733989,Ahmedabad,Sunrisers Hyderabad,Rajasthan Royals,52,5.777777777777778,4,44,4.888888888888888,2,Sunrisers Hyderabad
419121,Chennai,Kings XI Punjab,Chennai Super Kings,60,6.666666666666667,3,67,7.444444444444445,4,tie
392208,Johannesburg,Mumbai Indians,Royal Challengers Bangalore,61,6.777777777777777,1,71,7.888888888888889,0,Royal Challengers Bangalore
501250,Hyderabad,Deccan Chargers,Pune Warriors,50,5.555555555555555,4,60,6.666666666666667,3,Pune Warriors
980939,Pune,Rising Pune Supergiants,Kolkata Knight Riders,69,7.666666666666666,2,55,6.111111111111112,2,Kolkata Knight Riders
392233,Durban,Rajasthan Royals,Kolkata Knight Riders,33,3.666666666666667,3,36,4.0,3,Kolkata Knight Riders
392189,Durban,Delhi Daredevils,Chennai Super Kings,64,7.111111111111111,2,87,9.666666666666668,3,Delhi Daredevils
980985,Visakhapatnam,Mumbai Indians,Kings XI Punjab,59,6.555555555555555,3,78,8.666666666666666,0,Kings XI Punjab
734033,Chandigarh,Kings XI Punjab,Rajasthan Royals,67,7.444444444444445,3,48,5.333333333333333,4,Kings XI Punjab
734031,Mumbai,Mumbai Indians,Delhi Daredevils,84,9.333333333333334,4,58,6.444444444444445,2,Mumbai Indians
501220,Chandigarh,Kings XI Punjab,Rajasthan Royals,92,10.222222222222221,1,68,7.555555555555555,3,Kings XI Punjab
501246,Mumbai,Mumbai Indians,Delhi Daredevils,79,8.777777777777779,1,76,8.444444444444445,1,Mumbai Indians
419134,Delhi,Delhi Daredevils,Rajasthan Royals,68,7.555555555555555,1,68,7.555555555555555,4,Delhi Daredevils
501267,Kolkata,Kolkata Knight Riders,Mumbai Indians,75,8.333333333333332,1,56,6.222222222222221,3,Mumbai Indians
829713,Kolkata,Kolkata Knight Riders,Royal Challengers Bangalore,69,7.666666666666666,2,78,8.666666666666666,4,Royal Challengers Bangalore
419140,Delhi,Delhi Daredevils,Royal Challengers Bangalore,71,7.888888888888889,3,73,8.11111111111111,3,Delhi Daredevils
392202,Centurion,Chennai Super Kings,Rajasthan Royals,64,7.111111111111111,2,60,6.666666666666667,3,Chennai Super Kings
501201,Delhi,Delhi Daredevils,Mumbai Indians,49,5.444444444444445,3,54,6.0,1,Mumbai Indians
733979,Ahmedabad,Rajasthan Royals,Kolkata Knight Riders,66,7.333333333333334,2,72,8.0,3,Rajasthan Royals
598001,Delhi,Rajasthan Royals,Delhi Daredevils,82,9.11111111111111,1,81,9.0,1,Rajasthan Royals
980997,Visakhapatnam,Delhi Daredevils,Rising Pune Supergiants,45,5.0,3,32,6.4,0,Rising Pune Supergiants
501199,Hyderabad,Deccan Chargers,Rajasthan Royals,46,5.111111111111111,3,62,6.888888888888889,1,Rajasthan Royals
392198,Centurion,Delhi Daredevils,Rajasthan Royals,59,6.555555555555555,1,63,7.0,3,Rajasthan Royals
829795,Mumbai,Royal Challengers Bangalore,Mumbai Indians,108,12.0,0,90,10.0,2,Royal Challengers Bangalore
548364,Chennai,Delhi Daredevils,Chennai Super Kings,51,5.666666666666666,1,67,7.444444444444445,1,Chennai Super Kings
392235,Centurion,Mumbai Indians,Delhi Daredevils,79,8.777777777777779,2,86,9.555555555555555,3,Delhi Daredevils
829805,Mumbai,Mumbai Indians,Kolkata Knight Riders,53,5.888888888888889,2,72,8.0,2,Mumbai Indians
729289,neutral,Kolkata Knight Riders,Delhi Daredevils,81,9.0,1,74,8.222222222222223,2,Delhi Daredevils
548356,Bangalore,Deccan Chargers,Royal Challengers Bangalore,71,7.888888888888889,1,67,7.444444444444445,3,Royal Challengers Bangalore
829811,Mumbai,Rajasthan Royals,Kolkata Knight Riders,80,8.88888888888889,4,91,10.11111111111111,3,Rajasthan Royals
392211,Durban,Kolkata Knight Riders,Delhi Daredevils,49,5.444444444444445,2,57,6.333333333333334,1,Delhi Daredevils
336002,Hyderabad,Deccan Chargers,Royal Challengers Bangalore,82,9.11111111111111,4,63,7.0,2,Royal Challengers Bangalore
419125,Mumbai,Chennai Super Kings,Mumbai Indians,75,8.333333333333332,0,70,7.777777777777778,3,Mumbai Indians
501259,Mumbai,Pune Warriors,Deccan Chargers,53,5.888888888888889,5,51,5.666666666666666,2,Deccan Chargers
501211,Chennai,Chennai Super Kings,Royal Challengers Bangalore,81,9.0,2,79,8.777777777777779,2,Chennai Super Kings
734013,Ranchi,Chennai Super Kings,Royal Challengers Bangalore,68,7.555555555555555,1,69,7.666666666666666,1,Royal Challengers Bangalore
501268,Mumbai,Royal Challengers Bangalore,Chennai Super Kings,78,8.666666666666666,2,85,9.444444444444445,1,Chennai Super Kings
980901,Mumbai,Mumbai Indians,Rising Pune Supergiants,31,3.4444444444444446,2,69,7.666666666666666,1,Rising Pune Supergiants
501270,Chennai,Royal Challengers Bangalore,Mumbai Indians,82,9.11111111111111,2,51,5.666666666666666,5,Royal Challengers Bangalore
392192,Durban,Deccan Chargers,Mumbai Indians,82,9.11111111111111,4,58,6.444444444444445,3,Deccan Chargers
501204,Jaipur,Delhi Daredevils,Rajasthan Royals,59,6.555555555555555,2,64,7.111111111111111,2,Rajasthan Royals
548307,Kolkata,Kolkata Knight Riders,Delhi Daredevils,51,8.5,5,52,10.064516129032258,2,Delhi Daredevils
980913,Delhi,Kings XI Punjab,Delhi Daredevils,36,4.0,5,85,10.625,1,Delhi Daredevils
336008,Mumbai,Rajasthan Royals,Mumbai Indians,54,6.0,5,68,7.555555555555555,3,Mumbai Indians
548328,Chandigarh,Kings XI Punjab,Kolkata Knight Riders,44,4.888888888888888,3,54,6.0,1,Kolkata Knight Riders
392182,Cape Town,Royal Challengers Bangalore,Rajasthan Royals,58,6.444444444444445,2,44,4.888888888888888,7,Royal Challengers Bangalore
729281,neutral,Delhi Daredevils,Royal Challengers Bangalore,52,5.777777777777778,1,74,8.222222222222223,1,Royal Challengers Bangalore
419143,Jaipur,Kings XI Punjab,Rajasthan Royals,74,8.222222222222223,3,87,9.666666666666668,1,Rajasthan Royals
419114,Delhi,Mumbai Indians,Delhi Daredevils,98,10.88888888888889,2,63,7.0,7,Mumbai Indians
392191,Durban,Royal Challengers Bangalore,Kings XI Punjab,69,7.666666666666666,1,65,7.222222222222222,2,Kings XI Punjab
980971,Chandigarh,Kings XI Punjab,Delhi Daredevils,74,8.222222222222223,2,81,9.0,2,Kings XI Punjab
734001,Hyderabad,Sunrisers Hyderabad,Mumbai Indians,60,6.666666666666667,1,87,9.666666666666668,0,Mumbai Indians
981003,Raipur,Sunrisers Hyderabad,Delhi Daredevils,69,7.666666666666666,3,70,7.777777777777778,1,Delhi Daredevils
598032,Jaipur,Sunrisers Hyderabad,Rajasthan Royals,63,7.0,2,79,8.777777777777779,1,Rajasthan Royals
980945,Delhi,Gujarat Lions,Delhi Daredevils,61,6.777777777777777,4,94,10.444444444444445,1,Gujarat Lions
981001,Kanpur,Kolkata Knight Riders,Gujarat Lions,39,4.333333333333333,3,70,8.399999999999999,1,Gujarat Lions
548375,Pune,Kolkata Knight Riders,Pune Warriors,74,8.222222222222223,1,42,4.666666666666667,3,Kolkata Knight Riders
336006,Bangalore,Royal Challengers Bangalore,Kings XI Punjab,71,7.888888888888889,1,57,6.333333333333334,3,Kings XI Punjab
548329,Hyderabad,Deccan Chargers,Delhi Daredevils,94,10.444444444444445,0,103,11.444444444444445,0,Delhi Daredevils
729285,Abu Dhabi,Sunrisers Hyderabad,Rajasthan Royals,49,5.444444444444445,2,72,8.0,1,Rajasthan Royals
392230,Bloemfontein,Delhi Daredevils,Rajasthan Royals,60,6.666666666666667,0,69,7.666666666666666,3,Delhi Daredevils
501238,Delhi,Delhi Daredevils,Kochi Tuskers Kerala,56,6.222222222222221,2,74,8.222222222222223,2,Kochi Tuskers Kerala
548313,Pune,Pune Warriors,Kings XI Punjab,75,8.333333333333332,1,80,8.88888888888889,3,Pune Warriors
419132,Mumbai,Kings XI Punjab,Mumbai Indians,70,7.777777777777778,2,73,8.11111111111111,2,Mumbai Indians
336017,Kolkata,Kolkata Knight Riders,Delhi Daredevils,60,6.666666666666667,2,60,6.666666666666667,2,Kolkata Knight Riders
829817,Mumbai,Mumbai Indians,Chennai Super Kings,87,9.666666666666668,2,67,7.444444444444445,4,Mumbai Indians
548333,Delhi,Pune Warriors,Delhi Daredevils,73,8.11111111111111,1,82,9.11111111111111,4,Pune Warriors
501244,Bangalore,Royal Challengers Bangalore,Kings XI Punjab,107,11.88888888888889,2,51,5.666666666666666,3,Royal Challengers Bangalore
336010,Kolkata,Kolkata Knight Riders,Royal Challengers Bangalore,74,8.222222222222223,4,76,8.444444444444445,2,Kolkata Knight Riders
598022,Kolkata,Kolkata Knight Riders,Chennai Super Kings,42,4.666666666666667,5,43,4.777777777777778,3,Chennai Super Kings
980979,Visakhapatnam,Sunrisers Hyderabad,Rising Pune Supergiants,62,6.888888888888889,1,61,6.777777777777777,3,Sunrisers Hyderabad
335993,Chennai,Kolkata Knight Riders,Chennai Super Kings,43,4.777777777777778,3,76,8.444444444444445,1,Chennai Super Kings
729291,neutral,Rajasthan Royals,Kings XI Punjab,89,9.88888888888889,2,93,10.333333333333334,1,Kings XI Punjab
729283,Abu Dhabi,Chennai Super Kings,Kings XI Punjab,75,8.333333333333332,1,92,10.222222222222221,0,Kings XI Punjab
598043,Kolkata,Rajasthan Royals,Kolkata Knight Riders,68,7.555555555555555,2,66,7.333333333333334,1,Kolkata Knight Riders
419130,Mumbai,Mumbai Indians,Deccan Chargers,48,5.333333333333333,5,72,8.0,3,Mumbai Indians
501205,Bangalore,Royal Challengers Bangalore,Mumbai Indians,67,7.444444444444445,0,76,8.444444444444445,0,Mumbai Indians
419153,Chennai,Kolkata Knight Riders,Chennai Super Kings,71,7.888888888888889,1,76,9.702127659574467,0,Chennai Super Kings
981015,Delhi,Sunrisers Hyderabad,Kolkata Knight Riders,66,7.333333333333334,2,64,7.111111111111111,3,Sunrisers Hyderabad
548320,Kolkata,Rajasthan Royals,Kolkata Knight Riders,40,4.444444444444445,3,59,6.555555555555555,2,Kolkata Knight Riders
980919,Chandigarh,Rising Pune Supergiants,Kings XI Punjab,60,6.666666666666667,2,62,6.888888888888889,3,Kings XI Punjab
598029,Kolkata,Kolkata Knight Riders,Mumbai Indians,51,5.666666666666666,2,74,8.222222222222223,2,Mumbai Indians
392205,Port Elizabeth,Deccan Chargers,Rajasthan Royals,63,7.0,1,68,7.555555555555555,3,Rajasthan Royals
501252,Jaipur,Rajasthan Royals,Royal Challengers Bangalore,69,7.666666666666666,3,60,6.666666666666667,1,Royal Challengers Bangalore
336016,Chandigarh,Royal Challengers Bangalore,Kings XI Punjab,52,5.777777777777778,2,99,11.0,1,Kings XI Punjab
598073,Kolkata,Mumbai Indians,Chennai Super Kings,66,7.333333333333334,1,48,5.333333333333333,4,Mumbai Indians
829793,Raipur,Sunrisers Hyderabad,Delhi Daredevils,58,6.444444444444445,2,55,6.111111111111112,3,Sunrisers Hyderabad
598060,Mumbai,Sunrisers Hyderabad,Mumbai Indians,79,8.777777777777779,1,74,8.222222222222223,3,Mumbai Indians
598049,Jaipur,Delhi Daredevils,Rajasthan Royals,59,6.555555555555555,2,77,8.555555555555555,1,Rajasthan Royals
336018,Mumbai,Chennai Super Kings,Mumbai Indians,61,6.777777777777777,2,80,9.056603773584907,1,Mumbai Indians
598063,Mumbai,Mumbai Indians,Rajasthan Royals,83,9.222222222222221,2,77,8.555555555555555,2,Mumbai Indians
548374,Dharamsala,Kings XI Punjab,Delhi Daredevils,64,7.111111111111111,1,74,8.222222222222223,3,Delhi Daredevils
829753,Chennai,Chennai Super Kings,Kings XI Punjab,84,9.333333333333334,1,40,4.444444444444445,5,Chennai Super Kings
980965,Delhi,Delhi Daredevils,Rising Pune Supergiants,64,7.111111111111111,2,66,7.333333333333334,2,Rising Pune Supergiants
419154,Jaipur,Rajasthan Royals,Royal Challengers Bangalore,57,6.333333333333334,3,65,7.222222222222222,3,Royal Challengers Bangalore
548361,Jaipur,Rajasthan Royals,Chennai Super Kings,61,6.777777777777777,2,41,4.555555555555555,2,Chennai Super Kings
419142,Chennai,Chennai Super Kings,Mumbai Indians,82,9.11111111111111,3,46,5.111111111111111,7,Chennai Super Kings
598015,Chennai,Pune Warriors,Chennai Super Kings,58,6.444444444444445,2,61,6.777777777777777,3,Pune Warriors
419152,Mumbai,Mumbai Indians,Delhi Daredevils,64,7.111111111111111,2,39,4.333333333333333,5,Mumbai Indians
419113,Kolkata,Chennai Super Kings,Kolkata Knight Riders,65,7.222222222222222,2,45,5.0,6,Chennai Super Kings
829765,Chennai,Chennai Super Kings,Kolkata Knight Riders,46,5.111111111111111,4,36,4.0,2,Chennai Super Kings
980963,Kolkata,Kolkata Knight Riders,Kings XI Punjab,81,9.0,1,80,8.88888888888889,1,Kolkata Knight Riders
548311,Visakhapatnam,Chennai Super Kings,Deccan Chargers,77,8.555555555555555,3,56,6.222222222222221,7,Chennai Super Kings
336004,Mumbai,Mumbai Indians,Delhi Daredevils,62,6.888888888888889,3,77,8.555555555555555,3,Mumbai Indians
419126,Ahmedabad,Deccan Chargers,Rajasthan Royals,53,5.888888888888889,4,85,9.444444444444445,2,Rajasthan Royals
336031,Chandigarh,Deccan Chargers,Kings XI Punjab,69,7.666666666666666,2,61,6.777777777777777,2,Kings XI Punjab
419122,Mumbai,Kolkata Knight Riders,Mumbai Indians,61,6.777777777777777,1,65,7.222222222222222,2,Mumbai Indians
734017,Ahmedabad,Mumbai Indians,Rajasthan Royals,80,8.88888888888889,2,49,5.444444444444445,4,Mumbai Indians
419112,Bangalore,Kings XI Punjab,Royal Challengers Bangalore,83,9.222222222222221,1,88,9.777777777777777,2,Royal Challengers Bangalore
392181,Cape Town,Mumbai Indians,Chennai Super Kings,65,7.222222222222222,3,68,7.555555555555555,3,Mumbai Indians
729279,Abu Dhabi,Kolkata Knight Riders,Mumbai Indians,79,8.777777777777779,0,63,7.0,1,Kolkata Knight Riders
548336,Jaipur,Royal Challengers Bangalore,Rajasthan Royals,70,7.777777777777778,2,55,6.111111111111112,5,Royal Challengers Bangalore
829803,Chandigarh,Kings XI Punjab,Royal Challengers Bangalore,34,8.5,2,23,5.5200000000000005,4,Kings XI Punjab
729295,neutral,Kings XI Punjab,Sunrisers Hyderabad,109,12.11111111111111,2,54,6.0,4,Kings XI Punjab
829815,Hyderabad,Sunrisers Hyderabad,Mumbai Indians,51,5.666666666666666,3,76,9.120000000000001,1,Mumbai Indians
548362,Pune,Royal Challengers Bangalore,Pune Warriors,63,7.0,2,55,6.111111111111112,3,Royal Challengers Bangalore
598038,Pune,Chennai Super Kings,Pune Warriors,73,8.11111111111111,0,47,5.222222222222222,3,Chennai Super Kings
733991,Bangalore,Kings XI Punjab,Royal Challengers Bangalore,76,8.444444444444445,3,75,8.333333333333332,3,Kings XI Punjab
548349,Jaipur,Rajasthan Royals,Delhi Daredevils,48,5.333333333333333,5,73,8.11111111111111,3,Delhi Daredevils
729287,neutral,Mumbai Indians,Royal Challengers Bangalore,43,4.777777777777778,3,62,6.888888888888889,0,Royal Challengers Bangalore
548355,Mumbai,Chennai Super Kings,Mumbai Indians,71,7.888888888888889,2,85,9.444444444444445,0,Mumbai Indians
501235,Jaipur,Pune Warriors,Rajasthan Royals,53,5.888888888888889,3,58,6.444444444444445,3,Rajasthan Royals
598050,Mumbai,Mumbai Indians,Kolkata Knight Riders,65,7.222222222222222,2,54,6.0,6,Mumbai Indians
548335,Cuttack,Deccan Chargers,Kolkata Knight Riders,59,6.555555555555555,2,55,6.111111111111112,3,Kolkata Knight Riders
419135,Kolkata,Kolkata Knight Riders,Deccan Chargers,70,7.777777777777778,1,66,7.333333333333334,2,Kolkata Knight Riders
598048,Bangalore,Sunrisers Hyderabad,Royal Challengers Bangalore,58,6.444444444444445,2,70,7.777777777777778,2,Royal Challengers Bangalore
336007,Chennai,Chennai Super Kings,Deccan Chargers,52,5.777777777777778,3,65,7.222222222222222,1,Deccan Chargers
829777,Mumbai,Rajasthan Royals,Delhi Daredevils,71,7.888888888888889,1,65,7.222222222222222,2,Rajasthan Royals
419108,Chandigarh,Kings XI Punjab,Delhi Daredevils,69,7.666666666666666,3,66,7.333333333333334,2,Delhi Daredevils
501251,Chandigarh,Kings XI Punjab,Mumbai Indians,85,9.444444444444445,1,54,7.363636363636363,7,Kings XI Punjab
598072,Kolkata,Rajasthan Royals,Mumbai Indians,62,6.888888888888889,4,81,9.0,2,Mumbai Indians
733977,Bangalore,Sunrisers Hyderabad,Royal Challengers Bangalore,59,6.555555555555555,1,61,6.777777777777777,3,Royal Challengers Bangalore
734043,Kolkata,Kolkata Knight Riders,Kings XI Punjab,57,6.333333333333334,4,46,5.111111111111111,4,Kolkata Knight Riders
980941,Chandigarh,Mumbai Indians,Kings XI Punjab,101,11.222222222222223,1,81,9.0,1,Mumbai Indians
598008,Bangalore,Kolkata Knight Riders,Royal Challengers Bangalore,69,7.666666666666666,2,74,8.222222222222223,1,Royal Challengers Bangalore
829733,Pune,Kings XI Punjab,Kolkata Knight Riders,64,7.111111111111111,2,72,8.0,3,Kolkata Knight Riders
419107,Mumbai,Mumbai Indians,Rajasthan Royals,90,10.0,2,104,11.555555555555555,2,Mumbai Indians
980935,Hyderabad,Kings XI Punjab,Sunrisers Hyderabad,68,7.555555555555555,3,54,6.0,3,Sunrisers Hyderabad
729315,Abu Dhabi,Rajasthan Royals,Kolkata Knight Riders,61,6.777777777777777,1,68,7.555555555555555,3,tie
335989,Chennai,Chennai Super Kings,Mumbai Indians,90,10.0,1,82,9.11111111111111,3,Chennai Super Kings
336005,Jaipur,Chennai Super Kings,Rajasthan Royals,53,5.888888888888889,3,66,7.333333333333334,2,Rajasthan Royals
501234,Kolkata,Kings XI Punjab,Kolkata Knight Riders,46,5.111111111111111,3,57,6.333333333333334,0,Kolkata Knight Riders
980977,Chandigarh,Royal Challengers Bangalore,Kings XI Punjab,57,6.333333333333334,3,73,8.11111111111111,2,Royal Challengers Bangalore
419147,Nagpur,Chennai Super Kings,Deccan Chargers,55,6.111111111111112,3,65,7.222222222222222,1,Deccan Chargers
335998,Delhi,Delhi Daredevils,Royal Challengers Bangalore,93,10.333333333333334,1,79,8.777777777777779,0,Delhi Daredevils
733987,Cuttack,Kings XI Punjab,Chennai Super Kings,115,12.777777777777779,0,73,8.11111111111111,3,Kings XI Punjab
501216,Delhi,Deccan Chargers,Delhi Daredevils,86,9.555555555555555,2,69,7.666666666666666,2,Deccan Chargers
501241,Mumbai,Mumbai Indians,Pune Warriors,48,5.333333333333333,3,59,6.555555555555555,2,Mumbai Indians
548326,Jaipur,Deccan Chargers,Rajasthan Royals,62,6.888888888888889,2,72,8.0,2,Rajasthan Royals
734039,Chandigarh,Delhi Daredevils,Kings XI Punjab,59,6.555555555555555,3,71,8.352941176470587,1,Kings XI Punjab
501262,Mumbai,Pune Warriors,Kolkata Knight Riders,52,5.777777777777778,3,70,7.777777777777778,1,Kolkata Knight Riders
829707,Chennai,Chennai Super Kings,Delhi Daredevils,57,6.333333333333334,2,62,6.888888888888889,2,Chennai Super Kings
829743,Visakhapatnam,Sunrisers Hyderabad,Kolkata Knight Riders,90,10.0,1,52,8.666666666666666,2,Sunrisers Hyderabad
392201,Centurion,Deccan Chargers,Delhi Daredevils,81,9.0,3,60,6.666666666666667,1,Delhi Daredevils
336038,Mumbai,Rajasthan Royals,Delhi Daredevils,84,9.333333333333334,4,54,6.0,5,Rajasthan Royals
598036,Jaipur,Royal Challengers Bangalore,Rajasthan Royals,61,6.777777777777777,2,75,8.333333333333332,2,Rajasthan Royals
392229,Johannesburg,Kings XI Punjab,Deccan Chargers,55,6.111111111111112,1,40,4.444444444444445,3,Kings XI Punjab
598031,Kolkata,Kings XI Punjab,Kolkata Knight Riders,66,7.333333333333334,4,73,8.11111111111111,1,Kolkata Knight Riders
598037,Mumbai,Mumbai Indians,Kings XI Punjab,66,7.333333333333334,2,63,7.0,5,Mumbai Indians
980947,Mumbai,Kolkata Knight Riders,Mumbai Indians,67,7.444444444444445,3,62,6.888888888888889,3,Mumbai Indians
501215,Kochi,Chennai Super Kings,Kochi Tuskers Kerala,67,7.444444444444445,2,86,9.555555555555555,2,Kochi Tuskers Kerala
980951,Delhi,Delhi Daredevils,Kolkata Knight Riders,83,9.222222222222221,0,84,9.333333333333334,3,Delhi Daredevils
548327,Bangalore,Pune Warriors,Royal Challengers Bangalore,76,8.444444444444445,3,75,8.333333333333332,1,Royal Challengers Bangalore
829723,Kolkata,Chennai Super Kings,Kolkata Knight Riders,52,5.777777777777778,1,80,8.88888888888889,2,Kolkata Knight Riders
829747,Delhi,Delhi Daredevils,Mumbai Indians,92,10.222222222222221,0,72,8.0,2,Delhi Daredevils
419137,Chennai,Chennai Super Kings,Rajasthan Royals,104,11.555555555555555,1,113,12.555555555555555,2,Chennai Super Kings
729307,Abu Dhabi,Kings XI Punjab,Kolkata Knight Riders,60,6.666666666666667,4,51,5.666666666666666,4,Kings XI Punjab
501200,Kochi,Kochi Tuskers Kerala,Royal Challengers Bangalore,63,7.0,2,70,7.777777777777778,1,Royal Challengers Bangalore
419145,Bangalore,Royal Challengers Bangalore,Deccan Chargers,61,6.777777777777777,3,93,10.333333333333334,2,Deccan Chargers
392184,Cape Town,Kolkata Knight Riders,Deccan Chargers,43,4.777777777777778,2,67,9.136363636363637,0,Deccan Chargers
392206,Johannesburg,Chennai Super Kings,Delhi Daredevils,77,8.555555555555555,2,71,7.888888888888889,1,Chennai Super Kings
734029,Ranchi,Chennai Super Kings,Sunrisers Hyderabad,57,6.333333333333334,2,84,9.333333333333334,1,Sunrisers Hyderabad
598003,Pune,Pune Warriors,Kings XI Punjab,40,4.444444444444445,4,44,6.6000000000000005,1,Kings XI Punjab
501253,Chennai,Chennai Super Kings,Delhi Daredevils,63,7.0,1,55,6.111111111111112,2,Chennai Super Kings
548318,Chennai,Royal Challengers Bangalore,Chennai Super Kings,93,10.333333333333334,0,79,8.777777777777779,3,Chennai Super Kings
336020,Delhi,Delhi Daredevils,Deccan Chargers,90,10.0,0,57,6.333333333333334,3,Delhi Daredevils
548310,Bangalore,Royal Challengers Bangalore,Delhi Daredevils,62,6.888888888888889,4,45,5.0,4,Royal Challengers Bangalore
392217,Kimberley,Rajasthan Royals,Chennai Super Kings,65,7.222222222222222,3,60,6.666666666666667,0,Chennai Super Kings
501210,Mumbai,Mumbai Indians,Kochi Tuskers Kerala,81,9.0,1,84,9.333333333333334,1,Kochi Tuskers Kerala
392195,Cape Town,Kings XI Punjab,Rajasthan Royals,60,6.666666666666667,2,50,5.555555555555555,2,Kings XI Punjab
548309,Jaipur,Rajasthan Royals,Kings XI Punjab,70,7.777777777777778,2,72,8.0,3,Rajasthan Royals
598023,Bangalore,Rajasthan Royals,Royal Challengers Bangalore,70,7.777777777777778,2,50,5.555555555555555,3,Royal Challengers Bangalore
598064,Chandigarh,Royal Challengers Bangalore,Kings XI Punjab,75,8.333333333333332,1,97,10.777777777777779,2,Kings XI Punjab
419165,Mumbai,Chennai Super Kings,Mumbai Indians,68,7.555555555555555,3,68,7.555555555555555,4,Chennai Super Kings
980995,Kolkata,Kolkata Knight Riders,Royal Challengers Bangalore,73,8.11111111111111,3,72,8.0,1,Royal Challengers Bangalore
598025,Chandigarh,Pune Warriors,Kings XI Punjab,76,8.444444444444445,1,74,8.222222222222223,1,Kings XI Punjab
829783,Mumbai,Delhi Daredevils,Mumbai Indians,51,5.666666666666666,2,58,6.444444444444445,0,Mumbai Indians
981009,Kolkata,Kolkata Knight Riders,Sunrisers Hyderabad,93,10.333333333333334,1,66,7.333333333333334,3,Kolkata Knight Riders
829761,Kolkata,Kolkata Knight Riders,Delhi Daredevils,59,6.555555555555555,3,70,7.777777777777778,4,Kolkata Knight Riders
392221,Centurion,Kolkata Knight Riders,Royal Challengers Bangalore,64,7.111111111111111,1,73,8.11111111111111,3,Royal Challengers Bangalore
548334,Mumbai,Mumbai Indians,Kings XI Punjab,90,10.0,2,71,7.888888888888889,2,Kings XI Punjab
501214,Kolkata,Rajasthan Royals,Kolkata Knight Riders,44,4.888888888888888,7,59,6.9411764705882355,1,Kolkata Knight Riders
548359,Hyderabad,Kings XI Punjab,Deccan Chargers,78,8.666666666666666,3,59,6.555555555555555,3,Kings XI Punjab
980969,Bangalore,Rising Pune Supergiants,Royal Challengers Bangalore,78,8.666666666666666,1,96,10.666666666666666,2,Royal Challengers Bangalore
392196,Durban,Chennai Super Kings,Deccan Chargers,51,5.666666666666666,3,60,6.666666666666667,2,Deccan Chargers
829711,Chennai,Chennai Super Kings,Sunrisers Hyderabad,94,10.444444444444445,2,69,7.666666666666666,2,Chennai Super Kings
829737,Bangalore,Mumbai Indians,Royal Challengers Bangalore,85,9.444444444444445,1,96,10.666666666666666,5,Mumbai Indians
598052,Chandigarh,Kings XI Punjab,Rajasthan Royals,70,7.777777777777778,2,67,7.444444444444445,1,Rajasthan Royals
392207,Port Elizabeth,Kolkata Knight Riders,Kings XI Punjab,64,7.111111111111111,1,65,7.222222222222222,2,Kings XI Punjab
548317,Mumbai,Mumbai Indians,Rajasthan Royals,83,9.222222222222221,2,92,10.222222222222221,3,Mumbai Indians
980993,Visakhapatnam,Mumbai Indians,Delhi Daredevils,99,11.0,2,59,6.555555555555555,4,Mumbai Indians
734009,Cuttack,Mumbai Indians,Kolkata Knight Riders,62,6.888888888888889,1,55,6.111111111111112,2,Kolkata Knight Riders
548337,Pune,Pune Warriors,Delhi Daredevils,67,7.444444444444445,0,73,8.11111111111111,1,Delhi Daredevils
392227,Port Elizabeth,Mumbai Indians,Chennai Super Kings,47,5.222222222222222,1,67,7.444444444444445,1,Chennai Super Kings
file,venue,team1,team2,MR,MRN,MW,OR,ORN,OW,win
