op_player1,op_player2,op_team,op_partnership,op_winner,op_looser
AC Gilchrist,HH Gibbs,Deccan Chargers,101,Royal Challengers Bangalore,Deccan Chargers
JH Kallis,W Jaffer,Royal Challengers Bangalore,20,Royal Challengers Bangalore,Deccan Chargers
NV Ojha,SR Watson,Rajasthan Royals,59,Kolkata Knight Riders,Rajasthan Royals
BB McCullum,SC Ganguly,Kolkata Knight Riders,21,Kolkata Knight Riders,Rajasthan Royals
BB McCullum,DR Smith,Chennai Super Kings,12,Chennai Super Kings,Royal Challengers Bangalore
MS Bisla,RR Rossouw,Royal Challengers Bangalore,31,Chennai Super Kings,Royal Challengers Bangalore
JR Hopes,SE Marsh,Kings XI Punjab,24,Kolkata Knight Riders,Kings XI Punjab
SC Ganguly,Salman Butt,Kolkata Knight Riders,45,Kolkata Knight Riders,Kings XI Punjab
FY Fazal,R Dravid,Rajasthan Royals,18,Kochi Tuskers Kerala,Rajasthan Royals
BB McCullum,DPMD Jayawardene,Kochi Tuskers Kerala,26,Kochi Tuskers Kerala,Rajasthan Royals
PA Patel,SP Fleming,Chennai Super Kings,0,Rajasthan Royals,Chennai Super Kings
GC Smith,SA Asnodkar,Rajasthan Royals,78,Rajasthan Royals,Chennai Super Kings
PA Patel,S Dhawan,Deccan Chargers,7,Mumbai Indians,Deccan Chargers
RE Levi,TL Suman,Mumbai Indians,7,Mumbai Indians,Deccan Chargers
M Vijay,ML Hayden,Chennai Super Kings,9,Delhi Daredevils,Chennai Super Kings
DA Warner,V Sehwag,Delhi Daredevils,1,Delhi Daredevils,Chennai Super Kings
M Vijay,V Sehwag,Kings XI Punjab,0,Kolkata Knight Riders,Kings XI Punjab
G Gambhir,RV Uthappa,Kolkata Knight Riders,16,Kolkata Knight Riders,Kings XI Punjab
BB McCullum,SC Ganguly,Kolkata Knight Riders,7,Delhi Daredevils,Kolkata Knight Riders
DA Warner,G Gambhir,Delhi Daredevils,53,Delhi Daredevils,Kolkata Knight Riders
JR Hopes,SE Marsh,Kings XI Punjab,8,Chennai Super Kings,Kings XI Punjab
PA Patel,S Vidyut,Chennai Super Kings,14,Chennai Super Kings,Kings XI Punjab
BB McCullum,DR Smith,Gujarat Lions,2,Sunrisers Hyderabad,Gujarat Lions
DA Warner,S Dhawan,Sunrisers Hyderabad,26,Sunrisers Hyderabad,Gujarat Lions
Mandeep Singh,SE Marsh,Kings XI Punjab,24,Delhi Daredevils,Kings XI Punjab
DA Warner,V Sehwag,Delhi Daredevils,21,Delhi Daredevils,Kings XI Punjab
SR Tendulkar,TL Suman,Mumbai Indians,7,Rajasthan Royals,Mumbai Indians
R Dravid,SR Watson,Rajasthan Royals,134,Rajasthan Royals,Mumbai Indians
AP Tare,GJ Maxwell,Mumbai Indians,25,Mumbai Indians,Rajasthan Royals
AM Rahane,R Dravid,Rajasthan Royals,5,Mumbai Indians,Rajasthan Royals
BB McCullum,DR Smith,Chennai Super Kings,12,Chennai Super Kings,Rajasthan Royals
AM Rahane,SR Watson,Rajasthan Royals,37,Chennai Super Kings,Rajasthan Royals
BB McCullum,DR Smith,Chennai Super Kings,50,Chennai Super Kings,Kings XI Punjab
M Vijay,V Sehwag,Kings XI Punjab,4,Chennai Super Kings,Kings XI Punjab
AJ Finch,S Dhawan,Sunrisers Hyderabad,31,Mumbai Indians,Sunrisers Hyderabad
CM Gautam,LMP Simmons,Mumbai Indians,2,Mumbai Indians,Sunrisers Hyderabad
AM Rahane,F du Plessis,Rising Pune Supergiants,10,Kings XI Punjab,Rising Pune Supergiants
M Vijay,M Vohra,Kings XI Punjab,97,Kings XI Punjab,Rising Pune Supergiants
DA Warner,G Gambhir,Delhi Daredevils,7,Delhi Daredevils,Deccan Chargers
AC Gilchrist,TL Suman,Deccan Chargers,33,Delhi Daredevils,Deccan Chargers
AM Rahane,SR Watson,Rajasthan Royals,52,Rajasthan Royals,Delhi Daredevils
MA Agarwal,SS Iyer,Delhi Daredevils,20,Rajasthan Royals,Delhi Daredevils
DA Warner,V Sehwag,Delhi Daredevils,43,Draw,Draw
CH Gayle,KL Rahul,Royal Challengers Bangalore,20,Draw,Draw
AB de Villiers,CH Gayle,Royal Challengers Bangalore,15,Draw,Draw
BJ Rohrer,DA Warner,Delhi Daredevils,0,Draw,Draw
PA Patel,S Dhawan,Deccan Chargers,37,Mumbai Indians,Deccan Chargers
RE Levi,SR Tendulkar,Mumbai Indians,0,Mumbai Indians,Deccan Chargers
Mandeep Singh,V Sehwag,Kings XI Punjab,33,Kings XI Punjab,Chennai Super Kings
BB McCullum,DR Smith,Chennai Super Kings,5,Kings XI Punjab,Chennai Super Kings
G Gambhir,MS Bisla,Kolkata Knight Riders,4,Delhi Daredevils,Kolkata Knight Riders
DPMD Jayawardene,V Sehwag,Delhi Daredevils,23,Delhi Daredevils,Kolkata Knight Riders
CH Gayle,TM Dilshan,Royal Challengers Bangalore,3,Royal Challengers Bangalore,Mumbai Indians
RT Ponting,SR Tendulkar,Mumbai Indians,52,Royal Challengers Bangalore,Mumbai Indians
DA Warner,V Sehwag,Delhi Daredevils,11,Mumbai Indians,Delhi Daredevils
DJ Jacobs,SR Tendulkar,Mumbai Indians,1,Mumbai Indians,Delhi Daredevils
ML Hayden,PA Patel,Chennai Super Kings,0,Deccan Chargers,Chennai Super Kings
AC Gilchrist,HH Gibbs,Deccan Chargers,67,Deccan Chargers,Chennai Super Kings
G Gambhir,V Sehwag,Delhi Daredevils,45,Chennai Super Kings,Delhi Daredevils
S Vidyut,SP Fleming,Chennai Super Kings,62,Chennai Super Kings,Delhi Daredevils
B Chipli,W Jaffer,Royal Challengers Bangalore,13,Royal Challengers Bangalore,Deccan Chargers
AC Gilchrist,VVS Laxman,Deccan Chargers,22,Royal Challengers Bangalore,Deccan Chargers
M Vijay,V Sehwag,Kings XI Punjab,60,Kings XI Punjab,Mumbai Indians
AJ Finch,RG Sharma,Mumbai Indians,0,Kings XI Punjab,Mumbai Indians
L Ronchi,ST Jayasuriya,Mumbai Indians,15,Deccan Chargers,Mumbai Indians
AC Gilchrist,VVS Laxman,Deccan Chargers,155,Deccan Chargers,Mumbai Indians
AM Rahane,KK Nair,Rajasthan Royals,13,Draw,Draw
G Gambhir,MS Bisla,Kolkata Knight Riders,21,Draw,Draw
SA Yadav,Shakib Al Hasan,Kolkata Knight Riders,1,Draw,Draw
SPD Smith,SR Watson,Rajasthan Royals,11,Draw,Draw
AC Gilchrist,Mandeep Singh,Kings XI Punjab,15,Sunrisers Hyderabad,Kings XI Punjab
PA Reddy,Q de Kock,Sunrisers Hyderabad,0,Sunrisers Hyderabad,Kings XI Punjab
DR Smith,SR Tendulkar,Mumbai Indians,29,Mumbai Indians,Royal Challengers Bangalore
CH Gayle,TM Dilshan,Royal Challengers Bangalore,35,Mumbai Indians,Royal Challengers Bangalore
G Gambhir,RV Uthappa,Kolkata Knight Riders,15,Gujarat Lions,Kolkata Knight Riders
BB McCullum,DR Smith,Gujarat Lions,42,Gujarat Lions,Kolkata Knight Riders
G Gambhir,JH Kallis,Kolkata Knight Riders,60,Kolkata Knight Riders,Royal Challengers Bangalore
CA Pujara,CH Gayle,Royal Challengers Bangalore,7,Kolkata Knight Riders,Royal Challengers Bangalore
DA Warner,S Dhawan,Sunrisers Hyderabad,10,Sunrisers Hyderabad,Kings XI Punjab
M Vijay,M Vohra,Kings XI Punjab,10,Sunrisers Hyderabad,Kings XI Punjab
GJ Bailey,PA Patel,Chennai Super Kings,59,Kolkata Knight Riders,Chennai Super Kings
BB McCullum,SC Ganguly,Kolkata Knight Riders,34,Kolkata Knight Riders,Chennai Super Kings
PA Patel,S Dhawan,Deccan Chargers,0,Deccan Chargers,Pune Warriors
MJ Clarke,MK Pandey,Pune Warriors,0,Deccan Chargers,Pune Warriors
AJ Finch,RV Uthappa,Pune Warriors,96,Pune Warriors,Chennai Super Kings
M Vijay,S Anirudha,Chennai Super Kings,0,Pune Warriors,Chennai Super Kings
BB McCullum,MN van Wyk,Kolkata Knight Riders,58,Delhi Daredevils,Kolkata Knight Riders
DA Warner,G Gambhir,Delhi Daredevils,60,Delhi Daredevils,Kolkata Knight Riders
F du Plessis,M Vijay,Chennai Super Kings,0,Delhi Daredevils,Chennai Super Kings
NV Ojha,V Sehwag,Delhi Daredevils,32,Delhi Daredevils,Chennai Super Kings
DA Warner,S Dhawan,Sunrisers Hyderabad,18,Kolkata Knight Riders,Sunrisers Hyderabad
G Gambhir,RV Uthappa,Kolkata Knight Riders,92,Kolkata Knight Riders,Sunrisers Hyderabad
G Gambhir,RV Uthappa,Kolkata Knight Riders,14,Royal Challengers Bangalore,Kolkata Knight Riders
CH Gayle,V Kohli,Royal Challengers Bangalore,71,Royal Challengers Bangalore,Kolkata Knight Riders
M Vijay,MEK Hussey,Chennai Super Kings,6,Chennai Super Kings,Delhi Daredevils
DA Warner,NV Ojha,Delhi Daredevils,30,Chennai Super Kings,Delhi Daredevils
DA Warner,NV Ojha,Delhi Daredevils,24,Draw,Draw
BB McCullum,G Gambhir,Kolkata Knight Riders,6,Kolkata Knight Riders,Mumbai Indians
HH Gibbs,SR Tendulkar,Mumbai Indians,26,Kolkata Knight Riders,Mumbai Indians
ML Hayden,PA Patel,Chennai Super Kings,34,Chennai Super Kings,Mumbai Indians
L Ronchi,ST Jayasuriya,Mumbai Indians,9,Chennai Super Kings,Mumbai Indians
JH Kallis,SP Goswami,Royal Challengers Bangalore,7,Royal Challengers Bangalore,Chennai Super Kings
PA Patel,SP Fleming,Chennai Super Kings,60,Royal Challengers Bangalore,Chennai Super Kings
BB McCullum,G Gambhir,Kolkata Knight Riders,48,Kolkata Knight Riders,Delhi Daredevils
DA Warner,V Sehwag,Delhi Daredevils,24,Kolkata Knight Riders,Delhi Daredevils
S Dhawan,S Sohal,Deccan Chargers,14,Deccan Chargers,Delhi Daredevils
DA Warner,V Sehwag,Delhi Daredevils,28,Deccan Chargers,Delhi Daredevils
M Vijay,ML Hayden,Chennai Super Kings,44,Chennai Super Kings,Mumbai Indians
S Dhawan,SR Tendulkar,Mumbai Indians,1,Chennai Super Kings,Mumbai Indians
CH Gayle,V Kohli,Royal Challengers Bangalore,41,Royal Challengers Bangalore,Rajasthan Royals
AM Rahane,SR Watson,Rajasthan Royals,14,Royal Challengers Bangalore,Rajasthan Royals
DA Warner,S Dhawan,Sunrisers Hyderabad,67,Delhi Daredevils,Sunrisers Hyderabad
MA Agarwal,Q de Kock,Delhi Daredevils,20,Delhi Daredevils,Sunrisers Hyderabad
CH Gayle,MA Agarwal,Royal Challengers Bangalore,53,Chennai Super Kings,Royal Challengers Bangalore
F du Plessis,M Vijay,Chennai Super Kings,56,Chennai Super Kings,Royal Challengers Bangalore
DA Warner,S Dhawan,Sunrisers Hyderabad,56,Sunrisers Hyderabad,Kings XI Punjab
M Vijay,M Vohra,Kings XI Punjab,42,Sunrisers Hyderabad,Kings XI Punjab
MA Agarwal,SS Iyer,Delhi Daredevils,0,Mumbai Indians,Delhi Daredevils
LMP Simmons,PA Patel,Mumbai Indians,1,Mumbai Indians,Delhi Daredevils
BB McCullum,DR Smith,Chennai Super Kings,35,Chennai Super Kings,Rajasthan Royals
AM Nayar,AM Rahane,Rajasthan Royals,10,Chennai Super Kings,Rajasthan Royals
JD Ryder,SP Goswami,Royal Challengers Bangalore,2,Royal Challengers Bangalore,Kings XI Punjab
K Goel,Yuvraj Singh,Kings XI Punjab,70,Royal Challengers Bangalore,Kings XI Punjab
CH Gayle,SC Ganguly,Kolkata Knight Riders,94,Kolkata Knight Riders,Delhi Daredevils
DA Warner,V Sehwag,Delhi Daredevils,0,Kolkata Knight Riders,Delhi Daredevils
R Dravid,S Chanderpaul,Royal Challengers Bangalore,1,Rajasthan Royals,Royal Challengers Bangalore
GC Smith,M Rawat,Rajasthan Royals,1,Rajasthan Royals,Royal Challengers Bangalore
SR Tendulkar,ST Jayasuriya,Mumbai Indians,12,Mumbai Indians,Rajasthan Royals
MJ Lumb,NV Ojha,Rajasthan Royals,9,Mumbai Indians,Rajasthan Royals
AJ Finch,S Dhawan,Sunrisers Hyderabad,20,Royal Challengers Bangalore,Sunrisers Hyderabad
CH Gayle,PA Patel,Royal Challengers Bangalore,5,Royal Challengers Bangalore,Sunrisers Hyderabad
M Vohra,WP Saha,Kings XI Punjab,16,Chennai Super Kings,Kings XI Punjab
BB McCullum,MEK Hussey,Chennai Super Kings,2,Chennai Super Kings,Kings XI Punjab
JEC Franklin,SR Tendulkar,Mumbai Indians,1,Royal Challengers Bangalore,Mumbai Indians
CH Gayle,TM Dilshan,Royal Challengers Bangalore,48,Royal Challengers Bangalore,Mumbai Indians
LMP Simmons,MEK Hussey,Mumbai Indians,76,Chennai Super Kings,Mumbai Indians
DR Smith,F du Plessis,Chennai Super Kings,60,Chennai Super Kings,Mumbai Indians
AM Rahane,F du Plessis,Rising Pune Supergiants,27,Gujarat Lions,Rising Pune Supergiants
AJ Finch,BB McCullum,Gujarat Lions,85,Gujarat Lions,Rising Pune Supergiants
G Gambhir,RV Uthappa,Kolkata Knight Riders,38,Kolkata Knight Riders,Delhi Daredevils
MK Tiwary,SS Iyer,Delhi Daredevils,63,Kolkata Knight Riders,Delhi Daredevils
SR Tendulkar,ST Jayasuriya,Mumbai Indians,70,Delhi Daredevils,Mumbai Indians
G Gambhir,V Sehwag,Delhi Daredevils,20,Delhi Daredevils,Mumbai Indians
T Kohli,YK Pathan,Rajasthan Royals,17,Delhi Daredevils,Rajasthan Royals
G Gambhir,V Sehwag,Delhi Daredevils,20,Delhi Daredevils,Rajasthan Royals
C Madan,SR Tendulkar,Mumbai Indians,41,Mumbai Indians,Delhi Daredevils
DA Warner,V Sehwag,Delhi Daredevils,39,Mumbai Indians,Delhi Daredevils
ST Jayasuriya,YV Takawale,Mumbai Indians,46,Mumbai Indians,Delhi Daredevils
G Gambhir,V Sehwag,Delhi Daredevils,3,Mumbai Indians,Delhi Daredevils
AM Rahane,SR Watson,Rajasthan Royals,11,Rajasthan Royals,Kolkata Knight Riders
G Gambhir,MS Bisla,Kolkata Knight Riders,19,Rajasthan Royals,Kolkata Knight Riders
AG Paunikar,SR Watson,Rajasthan Royals,24,Kolkata Knight Riders,Rajasthan Royals
JH Kallis,MS Bisla,Kolkata Knight Riders,0,Kolkata Knight Riders,Rajasthan Royals
G Gambhir,V Sehwag,Delhi Daredevils,75,Kings XI Punjab,Delhi Daredevils
JR Hopes,SE Marsh,Kings XI Punjab,3,Kings XI Punjab,Delhi Daredevils
MJ Lumb,NV Ojha,Rajasthan Royals,47,Rajasthan Royals,Chennai Super Kings
M Vijay,ML Hayden,Chennai Super Kings,24,Rajasthan Royals,Chennai Super Kings
IR Jaggi,S Dhawan,Deccan Chargers,40,Rajasthan Royals,Deccan Chargers
AG Paunikar,R Dravid,Rajasthan Royals,31,Rajasthan Royals,Deccan Chargers
CH Gayle,V Kohli,Royal Challengers Bangalore,10,Draw,Draw
F du Plessis,MEK Hussey,Chennai Super Kings,5,Kolkata Knight Riders,Chennai Super Kings
BB McCullum,G Gambhir,Kolkata Knight Riders,14,Kolkata Knight Riders,Chennai Super Kings
CH Gayle,MA Agarwal,Royal Challengers Bangalore,6,Chennai Super Kings,Royal Challengers Bangalore
M Vijay,MEK Hussey,Chennai Super Kings,4,Chennai Super Kings,Royal Challengers Bangalore
DA Warner,V Sehwag,Delhi Daredevils,4,Delhi Daredevils,Kochi Tuskers Kerala
BB McCullum,M Klinger,Kochi Tuskers Kerala,10,Delhi Daredevils,Kochi Tuskers Kerala
DA Warner,V Sehwag,Delhi Daredevils,146,Delhi Daredevils,Kings XI Punjab
AC Gilchrist,PC Valthaty,Kings XI Punjab,25,Delhi Daredevils,Kings XI Punjab
DA Warner,V Sehwag,Delhi Daredevils,5,Rajasthan Royals,Delhi Daredevils
AG Paunikar,R Dravid,Rajasthan Royals,26,Rajasthan Royals,Delhi Daredevils
CH Gayle,SC Ganguly,Kolkata Knight Riders,15,Kolkata Knight Riders,Deccan Chargers
AC Gilchrist,HH Gibbs,Deccan Chargers,31,Kolkata Knight Riders,Deccan Chargers
DPMD Jayawardene,V Sehwag,Delhi Daredevils,20,Delhi Daredevils,Pune Warriors
AJ Finch,RV Uthappa,Pune Warriors,76,Delhi Daredevils,Pune Warriors
AP Tare,RG Sharma,Mumbai Indians,10,Delhi Daredevils,Mumbai Indians
M Vijay,Q de Kock,Delhi Daredevils,34,Delhi Daredevils,Mumbai Indians
AJ Finch,S Dhawan,Sunrisers Hyderabad,21,Sunrisers Hyderabad,Mumbai Indians
BR Dunk,RG Sharma,Mumbai Indians,6,Sunrisers Hyderabad,Mumbai Indians
SR Watson,V Kohli,Royal Challengers Bangalore,8,Gujarat Lions,Royal Challengers Bangalore
BB McCullum,DR Smith,Gujarat Lions,47,Gujarat Lions,Royal Challengers Bangalore
DA Warner,V Sehwag,Delhi Daredevils,0,Sunrisers Hyderabad,Delhi Daredevils
PA Patel,PA Reddy,Sunrisers Hyderabad,2,Sunrisers Hyderabad,Delhi Daredevils
BB McCullum,DR Smith,Chennai Super Kings,20,Chennai Super Kings,Delhi Daredevils
CM Gautam,MA Agarwal,Delhi Daredevils,15,Chennai Super Kings,Delhi Daredevils
ML Hayden,PA Patel,Chennai Super Kings,26,Chennai Super Kings,Kings XI Punjab
JR Hopes,K Goel,Kings XI Punjab,56,Chennai Super Kings,Kings XI Punjab
S Dhawan,SR Tendulkar,Mumbai Indians,24,Mumbai Indians,Deccan Chargers
AC Gilchrist,MD Mishra,Deccan Chargers,0,Mumbai Indians,Deccan Chargers
DB Ravi Teja,S Dhawan,Deccan Chargers,19,Delhi Daredevils,Deccan Chargers
AJ Finch,V Sehwag,Delhi Daredevils,0,Delhi Daredevils,Deccan Chargers
AC Gilchrist,PC Valthaty,Kings XI Punjab,22,Kings XI Punjab,Mumbai Indians
AC Blizzard,SR Tendulkar,Mumbai Indians,19,Kings XI Punjab,Mumbai Indians
DA Warner,V Sehwag,Delhi Daredevils,40,Kolkata Knight Riders,Delhi Daredevils
BB McCullum,G Gambhir,Kolkata Knight Riders,68,Kolkata Knight Riders,Delhi Daredevils
GC Smith,NV Ojha,Rajasthan Royals,135,Rajasthan Royals,Kings XI Punjab
KC Sangakkara,S Sohal,Kings XI Punjab,0,Rajasthan Royals,Kings XI Punjab
Mandeep Singh,SE Marsh,Kings XI Punjab,55,Kings XI Punjab,Deccan Chargers
DJ Harris,S Dhawan,Deccan Chargers,10,Kings XI Punjab,Deccan Chargers
F du Plessis,M Vijay,Chennai Super Kings,43,Pune Warriors,Chennai Super Kings
JD Ryder,RV Uthappa,Pune Warriors,31,Pune Warriors,Chennai Super Kings
AC Gilchrist,MD Mishra,Deccan Chargers,11,Deccan Chargers,Delhi Daredevils
DA Warner,V Sehwag,Delhi Daredevils,9,Deccan Chargers,Delhi Daredevils
DA Warner,V Sehwag,Delhi Daredevils,21,Kochi Tuskers Kerala,Delhi Daredevils
BB McCullum,M Klinger,Kochi Tuskers Kerala,61,Kochi Tuskers Kerala,Delhi Daredevils
M Vohra,V Sehwag,Kings XI Punjab,23,Mumbai Indians,Kings XI Punjab
LMP Simmons,MEK Hussey,Mumbai Indians,68,Mumbai Indians,Kings XI Punjab
AC Gilchrist,HH Gibbs,Deccan Chargers,34,Rajasthan Royals,Deccan Chargers
GC Smith,SA Asnodkar,Rajasthan Royals,0,Rajasthan Royals,Deccan Chargers
JH Kallis,MS Bisla,Kolkata Knight Riders,51,Kolkata Knight Riders,Deccan Chargers
IR Jaggi,S Dhawan,Deccan Chargers,10,Kolkata Knight Riders,Deccan Chargers
KP Pietersen,M Vijay,Delhi Daredevils,13,Kings XI Punjab,Delhi Daredevils
M Vohra,V Sehwag,Kings XI Punjab,67,Kings XI Punjab,Delhi Daredevils
MJ Lumb,NV Ojha,Rajasthan Royals,35,Rajasthan Royals,Kings XI Punjab
KC Sangakkara,RS Bopara,Kings XI Punjab,41,Rajasthan Royals,Kings XI Punjab
DA Warner,S Dhawan,Sunrisers Hyderabad,46,Delhi Daredevils,Sunrisers Hyderabad
Q de Kock,RR Pant,Delhi Daredevils,9,Delhi Daredevils,Sunrisers Hyderabad
DPMD Jayawardene,SE Marsh,Kings XI Punjab,34,Chennai Super Kings,Kings XI Punjab
M Vijay,ML Hayden,Chennai Super Kings,13,Chennai Super Kings,Kings XI Punjab
BB McCullum,DR Smith,Chennai Super Kings,15,Rajasthan Royals,Chennai Super Kings
AM Rahane,SR Watson,Rajasthan Royals,144,Rajasthan Royals,Chennai Super Kings
KP Pietersen,MA Agarwal,Delhi Daredevils,13,Kings XI Punjab,Delhi Daredevils
M Vohra,V Sehwag,Kings XI Punjab,13,Kings XI Punjab,Delhi Daredevils
MJ Guptill,RG Sharma,Mumbai Indians,46,Mumbai Indians,Delhi Daredevils
MA Agarwal,Q de Kock,Delhi Daredevils,11,Mumbai Indians,Delhi Daredevils
CH Gayle,TM Dilshan,Royal Challengers Bangalore,11,Royal Challengers Bangalore,Delhi Daredevils
DA Warner,UBT Chand,Delhi Daredevils,17,Royal Challengers Bangalore,Delhi Daredevils
BR Dunk,CM Gautam,Mumbai Indians,25,Mumbai Indians,Royal Challengers Bangalore
CH Gayle,PA Patel,Royal Challengers Bangalore,53,Mumbai Indians,Royal Challengers Bangalore
M Vijay,ML Hayden,Chennai Super Kings,36,Chennai Super Kings,Delhi Daredevils
DA Warner,G Gambhir,Delhi Daredevils,20,Chennai Super Kings,Delhi Daredevils
AJ Finch,S Dhawan,Sunrisers Hyderabad,37,Sunrisers Hyderabad,Rajasthan Royals
AM Rahane,KK Nair,Rajasthan Royals,0,Sunrisers Hyderabad,Rajasthan Royals
CH Gayle,TM Dilshan,Royal Challengers Bangalore,8,Draw,Draw
PA Patel,PA Reddy,Sunrisers Hyderabad,4,Draw,Draw
CL White,NLTC Perera,Sunrisers Hyderabad,20,Draw,Draw
CH Gayle,V Kohli,Royal Challengers Bangalore,15,Draw,Draw
M Vijay,Q de Kock,Delhi Daredevils,36,Chennai Super Kings,Delhi Daredevils
BB McCullum,DR Smith,Chennai Super Kings,82,Chennai Super Kings,Delhi Daredevils
GC Smith,SA Asnodkar,Rajasthan Royals,109,Rajasthan Royals,Royal Challengers Bangalore
J Arunkumar,V Kohli,Royal Challengers Bangalore,0,Rajasthan Royals,Royal Challengers Bangalore
AC Gilchrist,HH Gibbs,Deccan Chargers,79,Kings XI Punjab,Deccan Chargers
KC Sangakkara,SE Marsh,Kings XI Punjab,84,Kings XI Punjab,Deccan Chargers
AJ Finch,S Dhawan,Sunrisers Hyderabad,56,Sunrisers Hyderabad,Delhi Daredevils
M Vijay,Q de Kock,Delhi Daredevils,99,Sunrisers Hyderabad,Delhi Daredevils
G Gambhir,MS Bisla,Kolkata Knight Riders,45,Kolkata Knight Riders,Pune Warriors
AJ Finch,RV Uthappa,Pune Warriors,20,Kolkata Knight Riders,Pune Warriors
S Vidyut,SP Fleming,Chennai Super Kings,10,Chennai Super Kings,Kings XI Punjab
JR Hopes,SE Marsh,Kings XI Punjab,16,Chennai Super Kings,Kings XI Punjab
B Chipli,JH Kallis,Royal Challengers Bangalore,31,Delhi Daredevils,Royal Challengers Bangalore
G Gambhir,V Sehwag,Delhi Daredevils,90,Delhi Daredevils,Royal Challengers Bangalore
M Vijay,ML Hayden,Chennai Super Kings,61,Chennai Super Kings,Deccan Chargers
AC Gilchrist,HH Gibbs,Deccan Chargers,0,Chennai Super Kings,Deccan Chargers
MA Agarwal,Q de Kock,Delhi Daredevils,24,Kolkata Knight Riders,Delhi Daredevils
G Gambhir,RV Uthappa,Kolkata Knight Riders,69,Kolkata Knight Riders,Delhi Daredevils
NV Ojha,RJ Quiney,Rajasthan Royals,22,Kolkata Knight Riders,Rajasthan Royals
BB McCullum,SC Ganguly,Kolkata Knight Riders,9,Kolkata Knight Riders,Rajasthan Royals
AM Rahane,UT Khawaja,Rising Pune Supergiants,26,Royal Challengers Bangalore,Rising Pune Supergiants
KL Rahul,V Kohli,Royal Challengers Bangalore,94,Royal Challengers Bangalore,Rising Pune Supergiants
BB McCullum,DR Smith,Chennai Super Kings,0,Kolkata Knight Riders,Chennai Super Kings
G Gambhir,RV Uthappa,Kolkata Knight Riders,33,Kolkata Knight Riders,Chennai Super Kings
AC Gilchrist,Mandeep Singh,Kings XI Punjab,5,Delhi Daredevils,Kings XI Punjab
DA Warner,UBT Chand,Delhi Daredevils,82,Delhi Daredevils,Kings XI Punjab
AC Gilchrist,PC Valthaty,Kings XI Punjab,67,Kings XI Punjab,Rajasthan Royals
R Dravid,SA Asnodkar,Rajasthan Royals,12,Kings XI Punjab,Rajasthan Royals
KL Rahul,V Kohli,Royal Challengers Bangalore,63,Royal Challengers Bangalore,Kings XI Punjab
HM Amla,M Vijay,Kings XI Punjab,45,Royal Challengers Bangalore,Kings XI Punjab
M Vijay,MEK Hussey,Chennai Super Kings,7,Royal Challengers Bangalore,Chennai Super Kings
AB de Villiers,CH Gayle,Royal Challengers Bangalore,0,Royal Challengers Bangalore,Chennai Super Kings
BB McCullum,DR Smith,Chennai Super Kings,44,Mumbai Indians,Chennai Super Kings
LMP Simmons,PA Patel,Mumbai Indians,84,Mumbai Indians,Chennai Super Kings
BB McCullum,DR Smith,Gujarat Lions,17,Delhi Daredevils,Gujarat Lions
Q de Kock,RR Pant,Delhi Daredevils,115,Delhi Daredevils,Gujarat Lions
DJ Jacobs,RE Levi,Mumbai Indians,2,Delhi Daredevils,Mumbai Indians
NV Ojha,V Sehwag,Delhi Daredevils,34,Delhi Daredevils,Mumbai Indians
G Gambhir,RV Uthappa,Kolkata Knight Riders,69,Mumbai Indians,Kolkata Knight Riders
PA Patel,RG Sharma,Mumbai Indians,8,Mumbai Indians,Kolkata Knight Riders
AC Gilchrist,HH Gibbs,Deccan Chargers,1,Deccan Chargers,Royal Challengers Bangalore
JH Kallis,MK Pandey,Royal Challengers Bangalore,0,Deccan Chargers,Royal Challengers Bangalore
CH Gayle,PA Patel,Royal Challengers Bangalore,21,Kings XI Punjab,Royal Challengers Bangalore
CA Pujara,V Sehwag,Kings XI Punjab,22,Kings XI Punjab,Royal Challengers Bangalore
PA Patel,S Dhawan,Sunrisers Hyderabad,2,Rajasthan Royals,Sunrisers Hyderabad
AM Rahane,R Dravid,Rajasthan Royals,13,Rajasthan Royals,Sunrisers Hyderabad
S Dhawan,S Sohal,Deccan Chargers,20,Deccan Chargers,Royal Challengers Bangalore
MA Agarwal,TM Dilshan,Royal Challengers Bangalore,8,Deccan Chargers,Royal Challengers Bangalore
S Dhawan,SR Tendulkar,Mumbai Indians,7,Kings XI Punjab,Mumbai Indians
AB Barath,DPMD Jayawardene,Kings XI Punjab,41,Kings XI Punjab,Mumbai Indians
K Goel,RS Bopara,Kings XI Punjab,67,Delhi Daredevils,Kings XI Punjab
G Gambhir,V Sehwag,Delhi Daredevils,58,Delhi Daredevils,Kings XI Punjab
AC Blizzard,SR Tendulkar,Mumbai Indians,50,Mumbai Indians,Delhi Daredevils
DA Warner,V Sehwag,Delhi Daredevils,3,Mumbai Indians,Delhi Daredevils
PA Patel,S Dhawan,Deccan Chargers,39,Deccan Chargers,Pune Warriors
JD Ryder,MK Pandey,Pune Warriors,15,Deccan Chargers,Pune Warriors
AC Gilchrist,VVS Laxman,Deccan Chargers,2,Rajasthan Royals,Deccan Chargers
MJ Lumb,NV Ojha,Rajasthan Royals,55,Rajasthan Royals,Deccan Chargers
LMP Simmons,RG Sharma,Mumbai Indians,8,Rising Pune Supergiants,Mumbai Indians
AM Rahane,F du Plessis,Rising Pune Supergiants,78,Rising Pune Supergiants,Mumbai Indians
AM Nayar,AM Rahane,Rajasthan Royals,22,Kings XI Punjab,Rajasthan Royals
CA Pujara,V Sehwag,Kings XI Punjab,5,Kings XI Punjab,Rajasthan Royals
S Sohal,SM Katich,Kings XI Punjab,12,Kings XI Punjab,Deccan Chargers
AC Gilchrist,HH Gibbs,Deccan Chargers,34,Kings XI Punjab,Deccan Chargers
AJ Finch,S Dhawan,Sunrisers Hyderabad,14,Kolkata Knight Riders,Sunrisers Hyderabad
G Gambhir,RV Uthappa,Kolkata Knight Riders,8,Kolkata Knight Riders,Sunrisers Hyderabad
DA Warner,S Dhawan,Sunrisers Hyderabad,28,Sunrisers Hyderabad,Royal Challengers Bangalore
KL Rahul,V Kohli,Royal Challengers Bangalore,42,Sunrisers Hyderabad,Royal Challengers Bangalore
DR Smith,SR Tendulkar,Mumbai Indians,11,Delhi Daredevils,Mumbai Indians
DPMD Jayawardene,V Sehwag,Delhi Daredevils,151,Delhi Daredevils,Mumbai Indians
RS Bopara,SE Marsh,Kings XI Punjab,5,Mumbai Indians,Kings XI Punjab
S Dhawan,SR Tendulkar,Mumbai Indians,42,Mumbai Indians,Kings XI Punjab
BB McCullum,DPMD Jayawardene,Kochi Tuskers Kerala,93,Kings XI Punjab,Kochi Tuskers Kerala
AC Gilchrist,PC Valthaty,Kings XI Punjab,25,Kings XI Punjab,Kochi Tuskers Kerala
CH Gayle,SC Ganguly,Kolkata Knight Riders,17,Chennai Super Kings,Kolkata Knight Riders
M Vijay,ML Hayden,Chennai Super Kings,6,Chennai Super Kings,Kolkata Knight Riders
CA Pujara,V Sehwag,Kings XI Punjab,9,Kings XI Punjab,Kolkata Knight Riders
JH Kallis,MK Pandey,Kolkata Knight Riders,13,Kings XI Punjab,Kolkata Knight Riders
MJ Guptill,PA Patel,Mumbai Indians,2,Sunrisers Hyderabad,Mumbai Indians
DA Warner,S Dhawan,Sunrisers Hyderabad,4,Sunrisers Hyderabad,Mumbai Indians
TM Dilshan,V Kohli,Royal Challengers Bangalore,23,Royal Challengers Bangalore,Rajasthan Royals
AM Rahane,R Dravid,Rajasthan Royals,56,Royal Challengers Bangalore,Rajasthan Royals
JH Kallis,MK Pandey,Royal Challengers Bangalore,7,Royal Challengers Bangalore,Deccan Chargers
AC Gilchrist,HH Gibbs,Deccan Chargers,68,Royal Challengers Bangalore,Deccan Chargers
DA Warner,V Sehwag,Delhi Daredevils,41,Delhi Daredevils,Royal Challengers Bangalore
CL White,JH Kallis,Royal Challengers Bangalore,25,Delhi Daredevils,Royal Challengers Bangalore
JH Kallis,MK Pandey,Royal Challengers Bangalore,18,Deccan Chargers,Royal Challengers Bangalore
AC Gilchrist,MD Mishra,Deccan Chargers,11,Deccan Chargers,Royal Challengers Bangalore
JD Ryder,RV Uthappa,Pune Warriors,63,Royal Challengers Bangalore,Pune Warriors
CH Gayle,TM Dilshan,Royal Challengers Bangalore,7,Royal Challengers Bangalore,Pune Warriors
M Vijay,M Vohra,Kings XI Punjab,21,Kolkata Knight Riders,Kings XI Punjab
G Gambhir,RV Uthappa,Kolkata Knight Riders,82,Kolkata Knight Riders,Kings XI Punjab
G Gambhir,V Sehwag,Delhi Daredevils,11,Kings XI Punjab,Delhi Daredevils
K Goel,SM Katich,Kings XI Punjab,2,Kings XI Punjab,Delhi Daredevils
BB McCullum,DR Smith,Chennai Super Kings,75,Chennai Super Kings,Sunrisers Hyderabad
DA Warner,S Dhawan,Sunrisers Hyderabad,30,Chennai Super Kings,Sunrisers Hyderabad
GC Smith,JD Ryder,Pune Warriors,28,Delhi Daredevils,Pune Warriors
DA Warner,V Sehwag,Delhi Daredevils,75,Delhi Daredevils,Pune Warriors
SR Tendulkar,ST Jayasuriya,Mumbai Indians,21,Royal Challengers Bangalore,Mumbai Indians
JH Kallis,W Jaffer,Royal Challengers Bangalore,24,Royal Challengers Bangalore,Mumbai Indians
G Gambhir,RV Uthappa,Kolkata Knight Riders,23,Gujarat Lions,Kolkata Knight Riders
BB McCullum,DR Smith,Gujarat Lions,0,Gujarat Lions,Kolkata Knight Riders
M Vijay,MEK Hussey,Chennai Super Kings,83,Rajasthan Royals,Chennai Super Kings
AM Rahane,R Dravid,Rajasthan Royals,14,Rajasthan Royals,Chennai Super Kings
LMP Simmons,PA Patel,Mumbai Indians,43,Mumbai Indians,Rajasthan Royals
AM Rahane,SR Watson,Rajasthan Royals,30,Mumbai Indians,Rajasthan Royals
DA Warner,S Dhawan,Sunrisers Hyderabad,86,Sunrisers Hyderabad,Chennai Super Kings
BB McCullum,DR Smith,Chennai Super Kings,14,Sunrisers Hyderabad,Chennai Super Kings
CH Gayle,SS Tiwary,Royal Challengers Bangalore,36,Royal Challengers Bangalore,Pune Warriors
AJ Finch,RV Uthappa,Pune Warriors,20,Royal Challengers Bangalore,Pune Warriors
PA Patel,S Vidyut,Chennai Super Kings,39,Rajasthan Royals,Chennai Super Kings
NK Patel,SA Asnodkar,Rajasthan Royals,19,Rajasthan Royals,Chennai Super Kings
DPMD Jayawardene,V Sehwag,Delhi Daredevils,13,Delhi Daredevils,Rajasthan Royals
AM Rahane,R Dravid,Rajasthan Royals,99,Delhi Daredevils,Rajasthan Royals
BB McCullum,CH Gayle,Kolkata Knight Riders,0,Royal Challengers Bangalore,Kolkata Knight Riders
JH Kallis,SP Goswami,Royal Challengers Bangalore,69,Royal Challengers Bangalore,Kolkata Knight Riders
DJ Jacobs,SR Tendulkar,Mumbai Indians,14,Mumbai Indians,Kings XI Punjab
AC Gilchrist,PC Valthaty,Kings XI Punjab,1,Mumbai Indians,Kings XI Punjab
S Dhawan,S Sohal,Deccan Chargers,13,Kings XI Punjab,Deccan Chargers
AC Gilchrist,PC Valthaty,Kings XI Punjab,136,Kings XI Punjab,Deccan Chargers
MJ Lumb,NV Ojha,Rajasthan Royals,0,Rajasthan Royals,Kolkata Knight Riders
BJ Hodge,MK Tiwary,Kolkata Knight Riders,18,Rajasthan Royals,Kolkata Knight Riders
PA Patel,PA Reddy,Sunrisers Hyderabad,12,Royal Challengers Bangalore,Sunrisers Hyderabad
CH Gayle,MA Agarwal,Royal Challengers Bangalore,39,Royal Challengers Bangalore,Sunrisers Hyderabad
M Vijay,MEK Hussey,Chennai Super Kings,1,Chennai Super Kings,Mumbai Indians
DR Smith,SR Tendulkar,Mumbai Indians,47,Chennai Super Kings,Mumbai Indians
CH Gayle,V Kohli,Royal Challengers Bangalore,20,Royal Challengers Bangalore,Mumbai Indians
LMP Simmons,PA Patel,Mumbai Indians,29,Royal Challengers Bangalore,Mumbai Indians
G Gambhir,JH Kallis,Kolkata Knight Riders,1,Delhi Daredevils,Kolkata Knight Riders
M Vijay,MA Agarwal,Delhi Daredevils,10,Delhi Daredevils,Kolkata Knight Riders
AC Gilchrist,Mandeep Singh,Kings XI Punjab,45,Kolkata Knight Riders,Kings XI Punjab
G Gambhir,MS Bisla,Kolkata Knight Riders,10,Kolkata Knight Riders,Kings XI Punjab
AM Rahane,F du Plessis,Rising Pune Supergiants,24,Kolkata Knight Riders,Rising Pune Supergiants
G Gambhir,RV Uthappa,Kolkata Knight Riders,0,Kolkata Knight Riders,Rising Pune Supergiants
HM Amla,M Vijay,Kings XI Punjab,33,Sunrisers Hyderabad,Kings XI Punjab
DA Warner,S Dhawan,Sunrisers Hyderabad,68,Sunrisers Hyderabad,Kings XI Punjab
BB McCullum,M Klinger,Kochi Tuskers Kerala,43,Royal Challengers Bangalore,Kochi Tuskers Kerala
CH Gayle,TM Dilshan,Royal Challengers Bangalore,67,Royal Challengers Bangalore,Kochi Tuskers Kerala
AC Gilchrist,SE Marsh,Kings XI Punjab,60,Kings XI Punjab,Delhi Daredevils
DPMD Jayawardene,UBT Chand,Delhi Daredevils,11,Kings XI Punjab,Delhi Daredevils
BB McCullum,DR Smith,Chennai Super Kings,0,Chennai Super Kings,Royal Challengers Bangalore
NJ Maddinson,V Kohli,Royal Challengers Bangalore,10,Chennai Super Kings,Royal Challengers Bangalore
A Mukund,CH Gayle,Royal Challengers Bangalore,44,Rajasthan Royals,Royal Challengers Bangalore
AM Rahane,R Dravid,Rajasthan Royals,21,Rajasthan Royals,Royal Challengers Bangalore
AJ Finch,S Dhawan,Sunrisers Hyderabad,2,Rajasthan Royals,Sunrisers Hyderabad
AM Nayar,AM Rahane,Rajasthan Royals,4,Rajasthan Royals,Sunrisers Hyderabad
M Vohra,V Sehwag,Kings XI Punjab,24,Kings XI Punjab,Rajasthan Royals
AM Rahane,KK Nair,Rajasthan Royals,21,Kings XI Punjab,Rajasthan Royals
R Dravid,SR Watson,Rajasthan Royals,86,Chennai Super Kings,Rajasthan Royals
M Vijay,MEK Hussey,Chennai Super Kings,8,Chennai Super Kings,Rajasthan Royals
BB McCullum,VVS Laxman,Kochi Tuskers Kerala,80,Royal Challengers Bangalore,Kochi Tuskers Kerala
MA Agarwal,TM Dilshan,Royal Challengers Bangalore,7,Royal Challengers Bangalore,Kochi Tuskers Kerala
G Gambhir,V Sehwag,Delhi Daredevils,12,Delhi Daredevils,Rajasthan Royals
GC Smith,RJ Quiney,Rajasthan Royals,7,Delhi Daredevils,Rajasthan Royals
AC Gilchrist,Y Venugopal Rao,Deccan Chargers,21,Kolkata Knight Riders,Deccan Chargers
BB McCullum,WP Saha,Kolkata Knight Riders,6,Kolkata Knight Riders,Deccan Chargers
CH Gayle,TM Dilshan,Royal Challengers Bangalore,57,Royal Challengers Bangalore,Pune Warriors
JD Ryder,TD Paine,Pune Warriors,35,Royal Challengers Bangalore,Pune Warriors
AC Gilchrist,Mandeep Singh,Kings XI Punjab,5,Rajasthan Royals,Kings XI Punjab
AM Rahane,SR Watson,Rajasthan Royals,43,Rajasthan Royals,Kings XI Punjab
AC Blizzard,SR Tendulkar,Mumbai Indians,18,Mumbai Indians,Pune Warriors
JD Ryder,MK Pandey,Pune Warriors,0,Mumbai Indians,Pune Warriors
DJ Jacobs,SR Tendulkar,Mumbai Indians,47,Mumbai Indians,Deccan Chargers
S Dhawan,S Sohal,Deccan Chargers,14,Mumbai Indians,Deccan Chargers
CA Pujara,CH Gayle,Royal Challengers Bangalore,15,Kolkata Knight Riders,Royal Challengers Bangalore
G Gambhir,MS Bisla,Kolkata Knight Riders,0,Kolkata Knight Riders,Royal Challengers Bangalore
DR Smith,F du Plessis,Chennai Super Kings,33,Sunrisers Hyderabad,Chennai Super Kings
DA Warner,S Dhawan,Sunrisers Hyderabad,116,Sunrisers Hyderabad,Chennai Super Kings
G Gambhir,RV Uthappa,Kolkata Knight Riders,2,Kolkata Knight Riders,Kings XI Punjab
M Vohra,V Sehwag,Kings XI Punjab,5,Kolkata Knight Riders,Kings XI Punjab
AP Tare,MEK Hussey,Mumbai Indians,20,Royal Challengers Bangalore,Mumbai Indians
NJ Maddinson,PA Patel,Royal Challengers Bangalore,16,Royal Challengers Bangalore,Mumbai Indians
DJ Jacobs,SR Tendulkar,Mumbai Indians,22,Rajasthan Royals,Mumbai Indians
R Dravid,SR Watson,Rajasthan Royals,17,Rajasthan Royals,Mumbai Indians
BB McCullum,DR Smith,Chennai Super Kings,23,Chennai Super Kings,Delhi Daredevils
M Vijay,MA Agarwal,Delhi Daredevils,8,Chennai Super Kings,Delhi Daredevils
AJ Finch,RG Sharma,Mumbai Indians,8,Kolkata Knight Riders,Mumbai Indians
G Gambhir,RV Uthappa,Kolkata Knight Riders,13,Kolkata Knight Riders,Mumbai Indians
AM Rahane,SR Watson,Rajasthan Royals,80,Rajasthan Royals,Kolkata Knight Riders
G Gambhir,RV Uthappa,Kolkata Knight Riders,8,Rajasthan Royals,Kolkata Knight Riders
MA Agarwal,SS Iyer,Delhi Daredevils,15,Delhi Daredevils,Sunrisers Hyderabad
DA Warner,S Dhawan,Sunrisers Hyderabad,50,Delhi Daredevils,Sunrisers Hyderabad
AM Rahane,KK Nair,Rajasthan Royals,44,Rajasthan Royals,Delhi Daredevils
KP Pietersen,MA Agarwal,Delhi Daredevils,19,Rajasthan Royals,Delhi Daredevils
M Vijay,ML Hayden,Chennai Super Kings,62,Chennai Super Kings,Rajasthan Royals
MJ Lumb,NV Ojha,Rajasthan Royals,69,Chennai Super Kings,Rajasthan Royals
RT Ponting,SR Tendulkar,Mumbai Indians,0,Mumbai Indians,Delhi Daredevils
DA Warner,UBT Chand,Delhi Daredevils,0,Mumbai Indians,Delhi Daredevils
GC Smith,RJ Quiney,Rajasthan Royals,43,Rajasthan Royals,Mumbai Indians
DJ Bravo,YV Takawale,Mumbai Indians,9,Rajasthan Royals,Mumbai Indians
S Sohal,SM Katich,Kings XI Punjab,5,Mumbai Indians,Kings XI Punjab
DJ Bravo,ST Jayasuriya,Mumbai Indians,5,Mumbai Indians,Kings XI Punjab
BB McCullum,DR Smith,Chennai Super Kings,20,Chennai Super Kings,Kolkata Knight Riders
G Gambhir,RV Uthappa,Kolkata Knight Riders,17,Chennai Super Kings,Kolkata Knight Riders
M Vijay,MA Agarwal,Delhi Daredevils,15,Royal Challengers Bangalore,Delhi Daredevils
NJ Maddinson,PA Patel,Royal Challengers Bangalore,6,Royal Challengers Bangalore,Delhi Daredevils
SR Watson,SV Samson,Rajasthan Royals,34,Mumbai Indians,Rajasthan Royals
LMP Simmons,MEK Hussey,Mumbai Indians,19,Mumbai Indians,Rajasthan Royals
M Vijay,ML Hayden,Chennai Super Kings,27,Chennai Super Kings,Mumbai Indians
S Dhawan,SR Tendulkar,Mumbai Indians,46,Chennai Super Kings,Mumbai Indians
CH Gayle,V Kohli,Royal Challengers Bangalore,23,Chennai Super Kings,Royal Challengers Bangalore
DR Smith,MEK Hussey,Chennai Super Kings,21,Chennai Super Kings,Royal Challengers Bangalore
DA Warner,V Sehwag,Delhi Daredevils,9,Delhi Daredevils,Kolkata Knight Riders
CH Gayle,SC Ganguly,Kolkata Knight Riders,19,Delhi Daredevils,Kolkata Knight Riders
A Chopra,Salman Butt,Kolkata Knight Riders,16,Mumbai Indians,Kolkata Knight Riders
SR Tendulkar,ST Jayasuriya,Mumbai Indians,6,Mumbai Indians,Kolkata Knight Riders
AP Tare,MEK Hussey,Mumbai Indians,11,Chennai Super Kings,Mumbai Indians
BB McCullum,DR Smith,Chennai Super Kings,57,Chennai Super Kings,Mumbai Indians
DA Warner,S Dhawan,Sunrisers Hyderabad,48,Sunrisers Hyderabad,Rajasthan Royals
AM Rahane,SR Watson,Rajasthan Royals,8,Sunrisers Hyderabad,Rajasthan Royals
CH Gayle,TM Dilshan,Royal Challengers Bangalore,80,Royal Challengers Bangalore,Pune Warriors
MD Mishra,MJ Clarke,Pune Warriors,4,Royal Challengers Bangalore,Pune Warriors
BB McCullum,SC Ganguly,Kolkata Knight Riders,61,Kolkata Knight Riders,Royal Challengers Bangalore
R Dravid,W Jaffer,Royal Challengers Bangalore,4,Kolkata Knight Riders,Royal Challengers Bangalore
M Vijay,MEK Hussey,Chennai Super Kings,87,Kolkata Knight Riders,Chennai Super Kings
G Gambhir,MS Bisla,Kolkata Knight Riders,3,Kolkata Knight Riders,Chennai Super Kings
DB Ravi Teja,S Dhawan,Deccan Chargers,51,Pune Warriors,Deccan Chargers
JD Ryder,MK Pandey,Pune Warriors,55,Pune Warriors,Deccan Chargers
JH Kallis,MK Pandey,Royal Challengers Bangalore,28,Royal Challengers Bangalore,Chennai Super Kings
ML Hayden,PA Patel,Chennai Super Kings,2,Royal Challengers Bangalore,Chennai Super Kings
M Vijay,M Vohra,Kings XI Punjab,14,Sunrisers Hyderabad,Kings XI Punjab
DA Warner,S Dhawan,Sunrisers Hyderabad,90,Sunrisers Hyderabad,Kings XI Punjab
BB McCullum,CH Gayle,Kolkata Knight Riders,23,Kings XI Punjab,Kolkata Knight Riders
KC Sangakkara,S Sohal,Kings XI Punjab,1,Kings XI Punjab,Kolkata Knight Riders
AM Rahane,MDKJ Perera,Rajasthan Royals,0,Pune Warriors,Rajasthan Royals
AJ Finch,RV Uthappa,Pune Warriors,58,Pune Warriors,Rajasthan Royals
GC Smith,SA Asnodkar,Rajasthan Royals,65,Rajasthan Royals,Delhi Daredevils
G Gambhir,V Sehwag,Delhi Daredevils,10,Rajasthan Royals,Delhi Daredevils
JR Hopes,SE Marsh,Kings XI Punjab,28,Kings XI Punjab,Kolkata Knight Riders
Mohammad Hafeez,SC Ganguly,Kolkata Knight Riders,22,Kings XI Punjab,Kolkata Knight Riders
Mandeep Singh,V Sehwag,Kings XI Punjab,60,Kings XI Punjab,Royal Challengers Bangalore
CH Gayle,PA Patel,Royal Challengers Bangalore,8,Kings XI Punjab,Royal Challengers Bangalore
CH Gayle,TM Dilshan,Royal Challengers Bangalore,167,Royal Challengers Bangalore,Pune Warriors
AJ Finch,RV Uthappa,Pune Warriors,0,Royal Challengers Bangalore,Pune Warriors
AC Gilchrist,MD Mishra,Deccan Chargers,3,Deccan Chargers,Delhi Daredevils
DA Warner,V Sehwag,Delhi Daredevils,34,Deccan Chargers,Delhi Daredevils
K Goel,RS Bopara,Kings XI Punjab,0,Kings XI Punjab,Rajasthan Royals
GC Smith,SA Asnodkar,Rajasthan Royals,7,Kings XI Punjab,Rajasthan Royals
AB McDonald,CA Pujara,Royal Challengers Bangalore,37,Royal Challengers Bangalore,Delhi Daredevils
AJ Finch,V Sehwag,Delhi Daredevils,13,Royal Challengers Bangalore,Delhi Daredevils
BB McCullum,CH Gayle,Kolkata Knight Riders,1,Deccan Chargers,Kolkata Knight Riders
AC Gilchrist,HH Gibbs,Deccan Chargers,24,Deccan Chargers,Kolkata Knight Riders
BB McCullum,SC Ganguly,Kolkata Knight Riders,13,Royal Challengers Bangalore,Kolkata Knight Riders
JD Ryder,JH Kallis,Royal Challengers Bangalore,58,Royal Challengers Bangalore,Kolkata Knight Riders
AM Rahane,SR Watson,Rajasthan Royals,36,Royal Challengers Bangalore,Rajasthan Royals
CH Gayle,V Kohli,Royal Challengers Bangalore,36,Royal Challengers Bangalore,Rajasthan Royals
K Goel,RS Bopara,Kings XI Punjab,9,Kolkata Knight Riders,Kings XI Punjab
BB McCullum,CH Gayle,Kolkata Knight Riders,57,Kolkata Knight Riders,Kings XI Punjab
M Vijay,MEK Hussey,Chennai Super Kings,159,Chennai Super Kings,Royal Challengers Bangalore
CH Gayle,MA Agarwal,Royal Challengers Bangalore,1,Chennai Super Kings,Royal Challengers Bangalore
G Gambhir,MS Bisla,Kolkata Knight Riders,59,Kolkata Knight Riders,Sunrisers Hyderabad
CL White,PA Patel,Sunrisers Hyderabad,57,Kolkata Knight Riders,Sunrisers Hyderabad
M Vohra,V Sehwag,Kings XI Punjab,1,Delhi Daredevils,Kings XI Punjab
MA Agarwal,SS Iyer,Delhi Daredevils,106,Delhi Daredevils,Kings XI Punjab
AC Gilchrist,Y Venugopal Rao,Deccan Chargers,9,Delhi Daredevils,Deccan Chargers
G Gambhir,V Sehwag,Delhi Daredevils,31,Delhi Daredevils,Deccan Chargers
G Gambhir,RV Uthappa,Kolkata Knight Riders,57,Kolkata Knight Riders,Sunrisers Hyderabad
DA Warner,S Dhawan,Sunrisers Hyderabad,5,Kolkata Knight Riders,Sunrisers Hyderabad
M Vijay,MEK Hussey,Chennai Super Kings,17,Kings XI Punjab,Chennai Super Kings
AC Gilchrist,Mandeep Singh,Kings XI Punjab,51,Kings XI Punjab,Chennai Super Kings
MK Pandey,RV Uthappa,Pune Warriors,1,Kings XI Punjab,Pune Warriors
AC Gilchrist,Mandeep Singh,Kings XI Punjab,21,Kings XI Punjab,Pune Warriors
CA Pujara,CH Gayle,Royal Challengers Bangalore,6,Royal Challengers Bangalore,Delhi Daredevils
DPMD Jayawardene,V Sehwag,Delhi Daredevils,25,Royal Challengers Bangalore,Delhi Daredevils
CH Gayle,PA Patel,Royal Challengers Bangalore,33,Royal Challengers Bangalore,Delhi Daredevils
M Vijay,Q de Kock,Delhi Daredevils,2,Royal Challengers Bangalore,Delhi Daredevils
BB McCullum,G Gambhir,Kolkata Knight Riders,21,Kolkata Knight Riders,Pune Warriors
JD Ryder,RV Uthappa,Pune Warriors,11,Kolkata Knight Riders,Pune Warriors
F du Plessis,M Vijay,Chennai Super Kings,2,Chennai Super Kings,Deccan Chargers
DJ Harris,S Dhawan,Deccan Chargers,32,Chennai Super Kings,Deccan Chargers
AM Rahane,R Dravid,Rajasthan Royals,6,Chennai Super Kings,Rajasthan Royals
M Vijay,MEK Hussey,Chennai Super Kings,1,Chennai Super Kings,Rajasthan Royals
JD Ryder,MK Pandey,Pune Warriors,9,Kolkata Knight Riders,Pune Warriors
G Gambhir,SP Goswami,Kolkata Knight Riders,7,Kolkata Knight Riders,Pune Warriors
BB McCullum,SC Ganguly,Kolkata Knight Riders,5,Mumbai Indians,Kolkata Knight Riders
AM Rahane,ST Jayasuriya,Mumbai Indians,16,Mumbai Indians,Kolkata Knight Riders
DA Warner,S Dhawan,Sunrisers Hyderabad,29,Sunrisers Hyderabad,Delhi Daredevils
Q de Kock,SS Iyer,Delhi Daredevils,13,Sunrisers Hyderabad,Delhi Daredevils
ML Hayden,PA Patel,Chennai Super Kings,106,Chennai Super Kings,Royal Challengers Bangalore
P Kumar,RV Uthappa,Royal Challengers Bangalore,0,Chennai Super Kings,Royal Challengers Bangalore
AC Gilchrist,HH Gibbs,Deccan Chargers,31,Kings XI Punjab,Deccan Chargers
S Sohal,SM Katich,Kings XI Punjab,41,Kings XI Punjab,Deccan Chargers
F du Plessis,S Badrinath,Chennai Super Kings,116,Chennai Super Kings,Pune Warriors
JD Ryder,RV Uthappa,Pune Warriors,13,Chennai Super Kings,Pune Warriors
MA Agarwal,SS Iyer,Delhi Daredevils,2,Royal Challengers Bangalore,Delhi Daredevils
CH Gayle,V Kohli,Royal Challengers Bangalore,99,Royal Challengers Bangalore,Delhi Daredevils
CH Gayle,MA Agarwal,Royal Challengers Bangalore,30,Chennai Super Kings,Royal Challengers Bangalore
M Vijay,MEK Hussey,Chennai Super Kings,3,Chennai Super Kings,Royal Challengers Bangalore
JH Kallis,SP Goswami,Kolkata Knight Riders,29,Kolkata Knight Riders,Delhi Daredevils
DA Warner,V Sehwag,Delhi Daredevils,14,Kolkata Knight Riders,Delhi Daredevils
DJ Harris,S Dhawan,Deccan Chargers,86,Royal Challengers Bangalore,Deccan Chargers
CH Gayle,TM Dilshan,Royal Challengers Bangalore,91,Royal Challengers Bangalore,Deccan Chargers
G Gambhir,YK Pathan,Kolkata Knight Riders,27,Mumbai Indians,Kolkata Knight Riders
DR Smith,SR Tendulkar,Mumbai Indians,29,Mumbai Indians,Kolkata Knight Riders
G Gambhir,V Sehwag,Delhi Daredevils,20,Rajasthan Royals,Delhi Daredevils
GC Smith,RJ Quiney,Rajasthan Royals,20,Rajasthan Royals,Delhi Daredevils
G Gambhir,RV Uthappa,Kolkata Knight Riders,5,Kolkata Knight Riders,Royal Challengers Bangalore
CH Gayle,YV Takawale,Royal Challengers Bangalore,7,Kolkata Knight Riders,Royal Challengers Bangalore
MEK Hussey,WP Saha,Chennai Super Kings,27,Chennai Super Kings,Kings XI Punjab
LA Pomersbach,Mandeep Singh,Kings XI Punjab,13,Chennai Super Kings,Kings XI Punjab
G Gambhir,V Sehwag,Delhi Daredevils,47,Rajasthan Royals,Delhi Daredevils
GC Smith,YK Pathan,Rajasthan Royals,11,Rajasthan Royals,Delhi Daredevils
G Gambhir,RV Uthappa,Kolkata Knight Riders,33,Kolkata Knight Riders,Sunrisers Hyderabad
DA Warner,S Dhawan,Sunrisers Hyderabad,28,Kolkata Knight Riders,Sunrisers Hyderabad
M Vijay,MEK Hussey,Chennai Super Kings,8,Kolkata Knight Riders,Chennai Super Kings
EJG Morgan,JH Kallis,Kolkata Knight Riders,9,Kolkata Knight Riders,Chennai Super Kings
SR Tendulkar,ST Jayasuriya,Mumbai Indians,38,Mumbai Indians,Rajasthan Royals
GC Smith,SA Asnodkar,Rajasthan Royals,0,Mumbai Indians,Rajasthan Royals
AM Rahane,R Dravid,Rajasthan Royals,9,Mumbai Indians,Rajasthan Royals
DR Smith,SR Tendulkar,Mumbai Indians,163,Mumbai Indians,Rajasthan Royals
CH Gayle,V Kohli,Royal Challengers Bangalore,0,Delhi Daredevils,Royal Challengers Bangalore
Q de Kock,SS Iyer,Delhi Daredevils,11,Delhi Daredevils,Royal Challengers Bangalore
JH Kallis,MK Pandey,Royal Challengers Bangalore,12,Chennai Super Kings,Royal Challengers Bangalore
M Vijay,ML Hayden,Chennai Super Kings,61,Chennai Super Kings,Royal Challengers Bangalore
JD Ryder,RV Uthappa,Pune Warriors,26,Pune Warriors,Delhi Daredevils
DPMD Jayawardene,V Sehwag,Delhi Daredevils,12,Pune Warriors,Delhi Daredevils
AM Rahane,SR Watson,Rajasthan Royals,71,Chennai Super Kings,Rajasthan Royals
M Vijay,MEK Hussey,Chennai Super Kings,22,Chennai Super Kings,Rajasthan Royals
AC Gilchrist,HH Gibbs,Deccan Chargers,8,Delhi Daredevils,Deccan Chargers
G Gambhir,V Sehwag,Delhi Daredevils,30,Delhi Daredevils,Deccan Chargers
DR Smith,SR Tendulkar,Mumbai Indians,93,Mumbai Indians,Kolkata Knight Riders
G Gambhir,MS Bisla,Kolkata Knight Riders,1,Mumbai Indians,Kolkata Knight Riders
MA Agarwal,SS Iyer,Delhi Daredevils,2,Delhi Daredevils,Mumbai Indians
LMP Simmons,PA Patel,Mumbai Indians,35,Delhi Daredevils,Mumbai Indians
AJ Finch,S Dhawan,Sunrisers Hyderabad,65,Kings XI Punjab,Sunrisers Hyderabad
M Vohra,V Sehwag,Kings XI Punjab,4,Kings XI Punjab,Sunrisers Hyderabad
AM Rahane,KK Nair,Rajasthan Royals,52,Rajasthan Royals,Kolkata Knight Riders
G Gambhir,RV Uthappa,Kolkata Knight Riders,121,Rajasthan Royals,Kolkata Knight Riders
DA Warner,S Dhawan,Sunrisers Hyderabad,12,Sunrisers Hyderabad,Kolkata Knight Riders
G Gambhir,RV Uthappa,Kolkata Knight Riders,15,Sunrisers Hyderabad,Kolkata Knight Riders
PA Reddy,S Dhawan,Deccan Chargers,6,Deccan Chargers,Royal Challengers Bangalore
CH Gayle,TM Dilshan,Royal Challengers Bangalore,30,Deccan Chargers,Royal Challengers Bangalore
BB McCullum,DPMD Jayawardene,Kochi Tuskers Kerala,49,Kochi Tuskers Kerala,Kolkata Knight Riders
JH Kallis,MS Bisla,Kolkata Knight Riders,24,Kochi Tuskers Kerala,Kolkata Knight Riders
CH Gayle,V Kohli,Royal Challengers Bangalore,147,Royal Challengers Bangalore,Kings XI Punjab
HM Amla,M Vijay,Kings XI Punjab,17,Royal Challengers Bangalore,Kings XI Punjab
PA Patel,SP Fleming,Chennai Super Kings,23,Delhi Daredevils,Chennai Super Kings
G Gambhir,V Sehwag,Delhi Daredevils,115,Delhi Daredevils,Chennai Super Kings
M Vijay,MEK Hussey,Chennai Super Kings,19,Chennai Super Kings,Kochi Tuskers Kerala
BB McCullum,PA Patel,Kochi Tuskers Kerala,11,Chennai Super Kings,Kochi Tuskers Kerala
DA Warner,V Sehwag,Delhi Daredevils,4,Kings XI Punjab,Delhi Daredevils
DPMD Jayawardene,IK Pathan,Kings XI Punjab,41,Kings XI Punjab,Delhi Daredevils
S Dhawan,SR Tendulkar,Mumbai Indians,11,Mumbai Indians,Royal Challengers Bangalore
JH Kallis,R Dravid,Royal Challengers Bangalore,24,Mumbai Indians,Royal Challengers Bangalore
G Gambhir,RV Uthappa,Kolkata Knight Riders,101,Kolkata Knight Riders,Kings XI Punjab
M Vijay,MP Stoinis,Kings XI Punjab,1,Kolkata Knight Riders,Kings XI Punjab
DA Warner,S Dhawan,Sunrisers Hyderabad,25,Rajasthan Royals,Sunrisers Hyderabad
AM Rahane,SV Samson,Rajasthan Royals,64,Rajasthan Royals,Sunrisers Hyderabad
SR Tendulkar,ST Jayasuriya,Mumbai Indians,127,Mumbai Indians,Kolkata Knight Riders
BB McCullum,CH Gayle,Kolkata Knight Riders,8,Mumbai Indians,Kolkata Knight Riders
AJ Finch,BB McCullum,Gujarat Lions,2,Royal Challengers Bangalore,Gujarat Lions
CH Gayle,V Kohli,Royal Challengers Bangalore,12,Royal Challengers Bangalore,Gujarat Lions
CH Gayle,TM Dilshan,Royal Challengers Bangalore,43,Royal Challengers Bangalore,Kings XI Punjab
AC Gilchrist,PC Valthaty,Kings XI Punjab,0,Royal Challengers Bangalore,Kings XI Punjab
G Gambhir,RV Uthappa,Kolkata Knight Riders,33,Royal Challengers Bangalore,Kolkata Knight Riders
CH Gayle,V Kohli,Royal Challengers Bangalore,48,Royal Challengers Bangalore,Kolkata Knight Riders
KC Sangakkara,S Dhawan,Deccan Chargers,94,Rajasthan Royals,Deccan Chargers
AM Rahane,R Dravid,Rajasthan Royals,62,Rajasthan Royals,Deccan Chargers
AC Gilchrist,HH Gibbs,Deccan Chargers,11,Chennai Super Kings,Deccan Chargers
PA Patel,SP Fleming,Chennai Super Kings,26,Chennai Super Kings,Deccan Chargers
GC Smith,SA Asnodkar,Rajasthan Royals,12,Mumbai Indians,Rajasthan Royals
ST Jayasuriya,YV Takawale,Mumbai Indians,41,Mumbai Indians,Rajasthan Royals
KP Pietersen,Q de Kock,Delhi Daredevils,10,Sunrisers Hyderabad,Delhi Daredevils
AJ Finch,S Dhawan,Sunrisers Hyderabad,13,Sunrisers Hyderabad,Delhi Daredevils
M Vijay,ML Hayden,Chennai Super Kings,12,Chennai Super Kings,Deccan Chargers
AC Gilchrist,HH Gibbs,Deccan Chargers,19,Chennai Super Kings,Deccan Chargers
DPMD Jayawardene,V Sehwag,Delhi Daredevils,19,Rajasthan Royals,Delhi Daredevils
AM Rahane,R Dravid,Rajasthan Royals,108,Rajasthan Royals,Delhi Daredevils
M Vijay,MEK Hussey,Chennai Super Kings,45,Chennai Super Kings,Sunrisers Hyderabad
PA Patel,S Dhawan,Sunrisers Hyderabad,11,Chennai Super Kings,Sunrisers Hyderabad
AM Rahane,SR Watson,Rajasthan Royals,20,Kolkata Knight Riders,Rajasthan Royals
G Gambhir,MS Bisla,Kolkata Knight Riders,41,Kolkata Knight Riders,Rajasthan Royals
ML Hayden,PA Patel,Chennai Super Kings,4,Chennai Super Kings,Rajasthan Royals
GC Smith,RJ Quiney,Rajasthan Royals,9,Chennai Super Kings,Rajasthan Royals
KL Rahul,V Kohli,Royal Challengers Bangalore,32,Mumbai Indians,Royal Challengers Bangalore
PA Patel,RG Sharma,Mumbai Indians,6,Mumbai Indians,Royal Challengers Bangalore
CA Pujara,CH Gayle,Royal Challengers Bangalore,22,Kings XI Punjab,Royal Challengers Bangalore
AC Gilchrist,SE Marsh,Kings XI Punjab,24,Kings XI Punjab,Royal Challengers Bangalore
CH Gayle,V Kohli,Royal Challengers Bangalore,6,Rajasthan Royals,Royal Challengers Bangalore
AM Rahane,KK Nair,Rajasthan Royals,54,Rajasthan Royals,Royal Challengers Bangalore
AM Rahane,SV Samson,Rajasthan Royals,5,Rajasthan Royals,Kings XI Punjab
M Vijay,V Sehwag,Kings XI Punjab,0,Rajasthan Royals,Kings XI Punjab
JR Hopes,SE Marsh,Kings XI Punjab,133,Kings XI Punjab,Rajasthan Royals
M Kaif,NK Patel,Rajasthan Royals,5,Kings XI Punjab,Rajasthan Royals
M Vijay,MEK Hussey,Chennai Super Kings,51,Chennai Super Kings,Royal Challengers Bangalore
MA Agarwal,TM Dilshan,Royal Challengers Bangalore,1,Chennai Super Kings,Royal Challengers Bangalore
M Vijay,S Anirudha,Chennai Super Kings,5,Chennai Super Kings,Kolkata Knight Riders
JH Kallis,MS Bisla,Kolkata Knight Riders,64,Chennai Super Kings,Kolkata Knight Riders
F du Plessis,M Vijay,Chennai Super Kings,47,Mumbai Indians,Chennai Super Kings
JEC Franklin,SR Tendulkar,Mumbai Indians,8,Mumbai Indians,Chennai Super Kings
Mandeep Singh,V Sehwag,Kings XI Punjab,17,Kolkata Knight Riders,Kings XI Punjab
G Gambhir,RV Uthappa,Kolkata Knight Riders,68,Kolkata Knight Riders,Kings XI Punjab
AC Gilchrist,PC Valthaty,Kings XI Punjab,25,Kings XI Punjab,Royal Challengers Bangalore
CH Gayle,SS Tiwary,Royal Challengers Bangalore,4,Kings XI Punjab,Royal Challengers Bangalore
BB McCullum,DR Smith,Chennai Super Kings,123,Kings XI Punjab,Chennai Super Kings
CA Pujara,V Sehwag,Kings XI Punjab,31,Kings XI Punjab,Chennai Super Kings
R Sathish,SR Tendulkar,Mumbai Indians,9,Mumbai Indians,Chennai Super Kings
M Vijay,MEK Hussey,Chennai Super Kings,31,Mumbai Indians,Chennai Super Kings
BB McCullum,DR Smith,Chennai Super Kings,5,Kolkata Knight Riders,Chennai Super Kings
G Gambhir,RV Uthappa,Kolkata Knight Riders,64,Kolkata Knight Riders,Chennai Super Kings
CH Gayle,MA Agarwal,Royal Challengers Bangalore,113,Royal Challengers Bangalore,Mumbai Indians
AC Blizzard,SR Tendulkar,Mumbai Indians,23,Royal Challengers Bangalore,Mumbai Indians
SR Tendulkar,ST Jayasuriya,Mumbai Indians,6,Royal Challengers Bangalore,Mumbai Indians
JH Kallis,MK Pandey,Royal Challengers Bangalore,85,Royal Challengers Bangalore,Mumbai Indians
AC Gilchrist,PC Valthaty,Kings XI Punjab,24,Kolkata Knight Riders,Kings XI Punjab
BB McCullum,G Gambhir,Kolkata Knight Riders,53,Kolkata Knight Riders,Kings XI Punjab
AC Gilchrist,Mandeep Singh,Kings XI Punjab,24,Kings XI Punjab,Kolkata Knight Riders
G Gambhir,MS Bisla,Kolkata Knight Riders,0,Kings XI Punjab,Kolkata Knight Riders
AP Tare,DR Smith,Mumbai Indians,4,Mumbai Indians,Chennai Super Kings
M Vijay,MEK Hussey,Chennai Super Kings,2,Mumbai Indians,Chennai Super Kings
LMP Simmons,MEK Hussey,Mumbai Indians,120,Mumbai Indians,Rajasthan Royals
KK Nair,UBT Chand,Rajasthan Royals,17,Mumbai Indians,Rajasthan Royals
M Vijay,S Anirudha,Chennai Super Kings,0,Kings XI Punjab,Chennai Super Kings
AC Gilchrist,PC Valthaty,Kings XI Punjab,61,Kings XI Punjab,Chennai Super Kings
PA Patel,Q de Kock,Sunrisers Hyderabad,5,Sunrisers Hyderabad,Pune Warriors
AJ Finch,RV Uthappa,Pune Warriors,38,Sunrisers Hyderabad,Pune Warriors
RT Ponting,SR Tendulkar,Mumbai Indians,54,Mumbai Indians,Pune Warriors
AJ Finch,RV Uthappa,Pune Warriors,0,Mumbai Indians,Pune Warriors
JEC Franklin,SR Tendulkar,Mumbai Indians,50,Mumbai Indians,Pune Warriors
JD Ryder,RV Uthappa,Pune Warriors,20,Mumbai Indians,Pune Warriors
AJ Finch,RV Uthappa,Pune Warriors,13,Mumbai Indians,Pune Warriors
DR Smith,SR Tendulkar,Mumbai Indians,0,Mumbai Indians,Pune Warriors
M Vijay,Q de Kock,Delhi Daredevils,33,Rajasthan Royals,Delhi Daredevils
AM Rahane,KK Nair,Rajasthan Royals,20,Rajasthan Royals,Delhi Daredevils
JD Ryder,RV Uthappa,Royal Challengers Bangalore,6,Kings XI Punjab,Royal Challengers Bangalore
K Goel,RS Bopara,Kings XI Punjab,52,Kings XI Punjab,Royal Challengers Bangalore
JD Ryder,MK Pandey,Pune Warriors,31,Deccan Chargers,Pune Warriors
S Dhawan,S Sohal,Deccan Chargers,67,Deccan Chargers,Pune Warriors
AM Rahane,SR Watson,Rajasthan Royals,95,Draw,Draw
M Vijay,V Sehwag,Kings XI Punjab,3,Draw,Draw
DA Miller,SE Marsh,Kings XI Punjab,0,Draw,Draw
JP Faulkner,SR Watson,Rajasthan Royals,0,Draw,Draw
BB McCullum,SC Ganguly,Kolkata Knight Riders,32,Chennai Super Kings,Kolkata Knight Riders
ML Hayden,PA Patel,Chennai Super Kings,66,Chennai Super Kings,Kolkata Knight Riders
M Vohra,V Sehwag,Kings XI Punjab,110,Kings XI Punjab,Chennai Super Kings
DR Smith,F du Plessis,Chennai Super Kings,1,Kings XI Punjab,Chennai Super Kings
LMP Simmons,PA Patel,Mumbai Indians,1,Chennai Super Kings,Mumbai Indians
BB McCullum,DR Smith,Chennai Super Kings,109,Chennai Super Kings,Mumbai Indians
CH Gayle,MA Agarwal,Royal Challengers Bangalore,7,Kings XI Punjab,Royal Challengers Bangalore
Mandeep Singh,SE Marsh,Kings XI Punjab,38,Kings XI Punjab,Royal Challengers Bangalore
AJ Finch,RV Uthappa,Pune Warriors,41,Pune Warriors,Kolkata Knight Riders
G Gambhir,MS Bisla,Kolkata Knight Riders,17,Pune Warriors,Kolkata Knight Riders
BB McCullum,DR Smith,Gujarat Lions,112,Gujarat Lions,Delhi Daredevils
Q de Kock,SV Samson,Delhi Daredevils,2,Gujarat Lions,Delhi Daredevils
JD Ryder,SC Ganguly,Pune Warriors,13,Kings XI Punjab,Pune Warriors
AC Gilchrist,PC Valthaty,Kings XI Punjab,0,Kings XI Punjab,Pune Warriors
CH Gayle,SC Ganguly,Kolkata Knight Riders,56,Kings XI Punjab,Kolkata Knight Riders
DPMD Jayawardene,MS Bisla,Kings XI Punjab,51,Kings XI Punjab,Kolkata Knight Riders
AC Gilchrist,Mandeep Singh,Kings XI Punjab,16,Kings XI Punjab,Kolkata Knight Riders
G Gambhir,JH Kallis,Kolkata Knight Riders,13,Kings XI Punjab,Kolkata Knight Riders
Q de Kock,SS Iyer,Delhi Daredevils,11,Delhi Daredevils,Mumbai Indians
PA Patel,RG Sharma,Mumbai Indians,9,Delhi Daredevils,Mumbai Indians
CH Gayle,V Kohli,Royal Challengers Bangalore,19,Royal Challengers Bangalore,Gujarat Lions
BB McCullum,DR Smith,Gujarat Lions,9,Royal Challengers Bangalore,Gujarat Lions
PA Patel,S Dhawan,Sunrisers Hyderabad,38,Mumbai Indians,Sunrisers Hyderabad
DR Smith,SR Tendulkar,Mumbai Indians,26,Mumbai Indians,Sunrisers Hyderabad
IK Pathan,RS Bopara,Kings XI Punjab,18,Draw,Draw
ML Hayden,PA Patel,Chennai Super Kings,65,Draw,Draw
JA Morkel,ML Hayden,Chennai Super Kings,1,Draw,Draw
DPMD Jayawardene,Yuvraj Singh,Kings XI Punjab,6,Draw,Draw
S Vidyut,SP Fleming,Chennai Super Kings,18,Mumbai Indians,Chennai Super Kings
SR Tendulkar,ST Jayasuriya,Mumbai Indians,82,Mumbai Indians,Chennai Super Kings
LMP Simmons,PA Patel,Mumbai Indians,47,Mumbai Indians,Royal Challengers Bangalore
CH Gayle,MS Bisla,Royal Challengers Bangalore,26,Mumbai Indians,Royal Challengers Bangalore
BB McCullum,DR Smith,Chennai Super Kings,42,Chennai Super Kings,Kolkata Knight Riders
G Gambhir,RV Uthappa,Kolkata Knight Riders,1,Chennai Super Kings,Kolkata Knight Riders
CH Gayle,SC Ganguly,Kolkata Knight Riders,52,Royal Challengers Bangalore,Kolkata Knight Riders
JH Kallis,S Sriram,Royal Challengers Bangalore,11,Royal Challengers Bangalore,Kolkata Knight Riders
AM Rahane,R Dravid,Rajasthan Royals,62,Rajasthan Royals,Royal Challengers Bangalore
CH Gayle,MA Agarwal,Royal Challengers Bangalore,42,Rajasthan Royals,Royal Challengers Bangalore
JH Kallis,W Jaffer,Royal Challengers Bangalore,10,Rajasthan Royals,Royal Challengers Bangalore
GC Smith,NV Ojha,Rajasthan Royals,27,Rajasthan Royals,Royal Challengers Bangalore
GC Smith,PC Valthaty,Rajasthan Royals,8,Draw,Draw
BB McCullum,CH Gayle,Kolkata Knight Riders,25,Draw,Draw
BB McCullum,CH Gayle,Kolkata Knight Riders,15,Draw,Draw
AD Mascarenhas,YK Pathan,Rajasthan Royals,18,Draw,Draw
KL Rahul,V Kohli,Royal Challengers Bangalore,27,Royal Challengers Bangalore,Rising Pune Supergiants
AM Rahane,F du Plessis,Rising Pune Supergiants,12,Royal Challengers Bangalore,Rising Pune Supergiants
Mandeep Singh,N Saini,Kings XI Punjab,35,Mumbai Indians,Kings XI Punjab
JEC Franklin,SR Tendulkar,Mumbai Indians,52,Mumbai Indians,Kings XI Punjab
G Gambhir,JH Kallis,Kolkata Knight Riders,4,Kolkata Knight Riders,Mumbai Indians
AP Tare,MEK Hussey,Mumbai Indians,24,Kolkata Knight Riders,Mumbai Indians
DA Warner,V Sehwag,Delhi Daredevils,24,Delhi Daredevils,Rajasthan Royals
MJ Lumb,NV Ojha,Rajasthan Royals,0,Delhi Daredevils,Rajasthan Royals
BB McCullum,JH Kallis,Kolkata Knight Riders,14,Delhi Daredevils,Kolkata Knight Riders
AJ Finch,V Sehwag,Delhi Daredevils,49,Delhi Daredevils,Kolkata Knight Riders
DPMD Jayawardene,VVS Laxman,Kochi Tuskers Kerala,26,Rajasthan Royals,Kochi Tuskers Kerala
R Dravid,SR Watson,Rajasthan Royals,71,Rajasthan Royals,Kochi Tuskers Kerala
MEK Hussey,WP Saha,Chennai Super Kings,103,Chennai Super Kings,Kolkata Knight Riders
G Gambhir,MS Bisla,Kolkata Knight Riders,32,Chennai Super Kings,Kolkata Knight Riders
SR Tendulkar,ST Jayasuriya,Mumbai Indians,19,Mumbai Indians,Kolkata Knight Riders
CH Gayle,SC Ganguly,Kolkata Knight Riders,1,Mumbai Indians,Kolkata Knight Riders
DA Warner,V Sehwag,Delhi Daredevils,33,Royal Challengers Bangalore,Delhi Daredevils
CH Gayle,TM Dilshan,Royal Challengers Bangalore,1,Royal Challengers Bangalore,Delhi Daredevils
AM Rahane,R Dravid,Rajasthan Royals,71,Delhi Daredevils,Rajasthan Royals
DPMD Jayawardene,V Sehwag,Delhi Daredevils,0,Delhi Daredevils,Rajasthan Royals
AJ Finch,RV Uthappa,Pune Warriors,38,Pune Warriors,Delhi Daredevils
DA Warner,DPMD Jayawardene,Delhi Daredevils,17,Pune Warriors,Delhi Daredevils
DJ Bravo,ST Jayasuriya,Mumbai Indians,7,Chennai Super Kings,Mumbai Indians
ML Hayden,PA Patel,Chennai Super Kings,0,Chennai Super Kings,Mumbai Indians
MA Agarwal,SS Iyer,Delhi Daredevils,45,Rajasthan Royals,Delhi Daredevils
AM Rahane,SV Samson,Rajasthan Royals,37,Rajasthan Royals,Delhi Daredevils
AM Rahane,SS Tiwary,Rising Pune Supergiants,13,Gujarat Lions,Rising Pune Supergiants
BB McCullum,DR Smith,Gujarat Lions,93,Gujarat Lions,Rising Pune Supergiants
MV Boucher,SP Goswami,Royal Challengers Bangalore,35,Mumbai Indians,Royal Challengers Bangalore
SR Tendulkar,ST Jayasuriya,Mumbai Indians,96,Mumbai Indians,Royal Challengers Bangalore
DPMD Jayawardene,V Sehwag,Delhi Daredevils,4,Kings XI Punjab,Delhi Daredevils
AC Gilchrist,Mandeep Singh,Kings XI Punjab,6,Kings XI Punjab,Delhi Daredevils
A Chopra,BJ Hodge,Kolkata Knight Riders,9,Kolkata Knight Riders,Royal Challengers Bangalore
J Arunkumar,S Chanderpaul,Royal Challengers Bangalore,17,Kolkata Knight Riders,Royal Challengers Bangalore
PA Patel,SP Fleming,Chennai Super Kings,4,Deccan Chargers,Chennai Super Kings
AC Gilchrist,HH Gibbs,Deccan Chargers,24,Deccan Chargers,Chennai Super Kings
BB McCullum,DR Smith,Chennai Super Kings,29,Royal Challengers Bangalore,Chennai Super Kings
CH Gayle,PA Patel,Royal Challengers Bangalore,14,Royal Challengers Bangalore,Chennai Super Kings
AM Rahane,R Dravid,Rajasthan Royals,77,Rajasthan Royals,Kings XI Punjab
AC Gilchrist,PC Valthaty,Kings XI Punjab,36,Rajasthan Royals,Kings XI Punjab
F du Plessis,M Vijay,Chennai Super Kings,15,Chennai Super Kings,Deccan Chargers
PA Patel,S Dhawan,Deccan Chargers,9,Chennai Super Kings,Deccan Chargers
AC Gilchrist,VVS Laxman,Deccan Chargers,27,Kings XI Punjab,Deccan Chargers
RR Sarwan,SE Marsh,Kings XI Punjab,41,Kings XI Punjab,Deccan Chargers
SR Tendulkar,ST Jayasuriya,Mumbai Indians,39,Mumbai Indians,Deccan Chargers
AC Gilchrist,Shahid Afridi,Deccan Chargers,7,Mumbai Indians,Deccan Chargers
R McLaren,SR Tendulkar,Mumbai Indians,34,Mumbai Indians,Royal Challengers Bangalore
JH Kallis,MK Pandey,Royal Challengers Bangalore,30,Mumbai Indians,Royal Challengers Bangalore
AC Gilchrist,HH Gibbs,Deccan Chargers,0,Deccan Chargers,Royal Challengers Bangalore
JH Kallis,MK Pandey,Royal Challengers Bangalore,20,Deccan Chargers,Royal Challengers Bangalore
M Vijay,ML Hayden,Chennai Super Kings,16,Chennai Super Kings,Kolkata Knight Riders
BJ Hodge,MK Tiwary,Kolkata Knight Riders,0,Chennai Super Kings,Kolkata Knight Riders
G Gambhir,RV Uthappa,Kolkata Knight Riders,21,Mumbai Indians,Kolkata Knight Riders
PA Patel,RG Sharma,Mumbai Indians,53,Mumbai Indians,Kolkata Knight Riders
DA Warner,G Gambhir,Delhi Daredevils,0,Deccan Chargers,Delhi Daredevils
AC Gilchrist,HH Gibbs,Deccan Chargers,22,Deccan Chargers,Delhi Daredevils
RE Levi,TL Suman,Mumbai Indians,28,Mumbai Indians,Rajasthan Royals
AM Rahane,R Dravid,Rajasthan Royals,7,Mumbai Indians,Rajasthan Royals
JD Ryder,TD Paine,Pune Warriors,16,Mumbai Indians,Pune Warriors
JEC Franklin,SR Tendulkar,Mumbai Indians,9,Mumbai Indians,Pune Warriors
DA Warner,V Sehwag,Delhi Daredevils,5,Chennai Super Kings,Delhi Daredevils
M Vijay,MEK Hussey,Chennai Super Kings,75,Chennai Super Kings,Delhi Daredevils
MJ Lumb,S Sohal,Deccan Chargers,0,Deccan Chargers,Mumbai Indians
AC Blizzard,SR Tendulkar,Mumbai Indians,9,Deccan Chargers,Mumbai Indians
GC Smith,SA Asnodkar,Rajasthan Royals,14,Delhi Daredevils,Rajasthan Royals
G Gambhir,V Sehwag,Delhi Daredevils,42,Delhi Daredevils,Rajasthan Royals
M Vijay,MEK Hussey,Chennai Super Kings,30,Chennai Super Kings,Delhi Daredevils
DA Warner,V Sehwag,Delhi Daredevils,11,Chennai Super Kings,Delhi Daredevils
Mohammad Hafeez,Salman Butt,Kolkata Knight Riders,7,Rajasthan Royals,Kolkata Knight Riders
GC Smith,SA Asnodkar,Rajasthan Royals,16,Rajasthan Royals,Kolkata Knight Riders
M Vijay,V Sehwag,Kings XI Punjab,33,Delhi Daredevils,Kings XI Punjab
MA Agarwal,SS Iyer,Delhi Daredevils,23,Delhi Daredevils,Kings XI Punjab
MS Bisla,RS Bopara,Kings XI Punjab,129,Royal Challengers Bangalore,Kings XI Punjab
JH Kallis,MK Pandey,Royal Challengers Bangalore,74,Royal Challengers Bangalore,Kings XI Punjab
BJ Haddin,JH Kallis,Kolkata Knight Riders,44,Royal Challengers Bangalore,Kolkata Knight Riders
CH Gayle,TM Dilshan,Royal Challengers Bangalore,123,Royal Challengers Bangalore,Kolkata Knight Riders
G Gambhir,V Sehwag,Delhi Daredevils,7,Delhi Daredevils,Deccan Chargers
AC Gilchrist,Shahid Afridi,Deccan Chargers,21,Delhi Daredevils,Deccan Chargers
RR Pant,SV Samson,Delhi Daredevils,13,Rising Pune Supergiants,Delhi Daredevils
AM Rahane,UT Khawaja,Rising Pune Supergiants,59,Rising Pune Supergiants,Delhi Daredevils
LMP Simmons,PA Patel,Mumbai Indians,1,Mumbai Indians,Chennai Super Kings
DR Smith,MEK Hussey,Chennai Super Kings,22,Mumbai Indians,Chennai Super Kings
AC Gilchrist,HH Gibbs,Deccan Chargers,8,Deccan Chargers,Mumbai Indians
SR Tendulkar,ST Jayasuriya,Mumbai Indians,7,Deccan Chargers,Mumbai Indians
G Gambhir,JH Kallis,Kolkata Knight Riders,9,Mumbai Indians,Kolkata Knight Riders
AC Blizzard,SR Tendulkar,Mumbai Indians,81,Mumbai Indians,Kolkata Knight Riders
BB McCullum,G Gambhir,Kolkata Knight Riders,99,Chennai Super Kings,Kolkata Knight Riders
M Vijay,MEK Hussey,Chennai Super Kings,97,Chennai Super Kings,Kolkata Knight Riders
GC Smith,NV Ojha,Rajasthan Royals,1,Chennai Super Kings,Rajasthan Royals
M Vijay,ML Hayden,Chennai Super Kings,19,Chennai Super Kings,Rajasthan Royals
AC Gilchrist,PC Valthaty,Kings XI Punjab,25,Pune Warriors,Kings XI Punjab
JD Ryder,MK Pandey,Pune Warriors,32,Pune Warriors,Kings XI Punjab
N Saini,PC Valthaty,Kings XI Punjab,14,Royal Challengers Bangalore,Kings XI Punjab
CH Gayle,MA Agarwal,Royal Challengers Bangalore,4,Royal Challengers Bangalore,Kings XI Punjab
DA Warner,S Dhawan,Sunrisers Hyderabad,18,Sunrisers Hyderabad,Rising Pune Supergiants
AM Rahane,UT Khawaja,Rising Pune Supergiants,0,Sunrisers Hyderabad,Rising Pune Supergiants
AC Gilchrist,TL Suman,Deccan Chargers,21,Deccan Chargers,Rajasthan Royals
GC Smith,SA Asnodkar,Rajasthan Royals,5,Deccan Chargers,Rajasthan Royals
AM Rahane,R Dravid,Rajasthan Royals,44,Mumbai Indians,Rajasthan Royals
AP Tare,DR Smith,Mumbai Indians,70,Mumbai Indians,Rajasthan Royals
JP Duminy,L Ronchi,Mumbai Indians,1,Delhi Daredevils,Mumbai Indians
DA Warner,G Gambhir,Delhi Daredevils,42,Delhi Daredevils,Mumbai Indians
ML Hayden,PA Patel,Chennai Super Kings,32,Mumbai Indians,Chennai Super Kings
S Dhawan,SR Tendulkar,Mumbai Indians,92,Mumbai Indians,Chennai Super Kings
AP Tare,S Dhawan,Mumbai Indians,2,Kolkata Knight Riders,Mumbai Indians
BB McCullum,SC Ganguly,Kolkata Knight Riders,97,Kolkata Knight Riders,Mumbai Indians
AJ Finch,RV Uthappa,Pune Warriors,97,Rajasthan Royals,Pune Warriors
AM Rahane,R Dravid,Rajasthan Royals,98,Rajasthan Royals,Pune Warriors
MJ Clarke,SC Ganguly,Pune Warriors,30,Rajasthan Royals,Pune Warriors
AM Rahane,R Dravid,Rajasthan Royals,4,Rajasthan Royals,Pune Warriors
AM Rahane,UT Khawaja,Rising Pune Supergiants,19,Kolkata Knight Riders,Rising Pune Supergiants
G Gambhir,RV Uthappa,Kolkata Knight Riders,5,Kolkata Knight Riders,Rising Pune Supergiants
PA Patel,PA Reddy,Sunrisers Hyderabad,34,Sunrisers Hyderabad,Pune Warriors
MK Pandey,RV Uthappa,Pune Warriors,36,Sunrisers Hyderabad,Pune Warriors
CA Pujara,V Sehwag,Kings XI Punjab,13,Mumbai Indians,Kings XI Punjab
BR Dunk,CM Gautam,Mumbai Indians,6,Mumbai Indians,Kings XI Punjab
Q de Kock,RR Pant,Delhi Daredevils,11,Royal Challengers Bangalore,Delhi Daredevils
CH Gayle,V Kohli,Royal Challengers Bangalore,5,Royal Challengers Bangalore,Delhi Daredevils
RT Ponting,SR Tendulkar,Mumbai Indians,3,Mumbai Indians,Chennai Super Kings
M Vijay,MEK Hussey,Chennai Super Kings,10,Mumbai Indians,Chennai Super Kings
CH Gayle,SC Ganguly,Kolkata Knight Riders,70,Mumbai Indians,Kolkata Knight Riders
S Dhawan,SR Tendulkar,Mumbai Indians,61,Mumbai Indians,Kolkata Knight Riders
DJ Jacobs,SR Tendulkar,Mumbai Indians,61,Kochi Tuskers Kerala,Mumbai Indians
BB McCullum,DPMD Jayawardene,Kochi Tuskers Kerala,128,Kochi Tuskers Kerala,Mumbai Indians
S Dhawan,SR Tendulkar,Mumbai Indians,53,Mumbai Indians,Deccan Chargers
AC Gilchrist,HH Gibbs,Deccan Chargers,30,Mumbai Indians,Deccan Chargers
RG Sharma,UBT Chand,Mumbai Indians,7,Kings XI Punjab,Mumbai Indians
HM Amla,M Vijay,Kings XI Punjab,1,Kings XI Punjab,Mumbai Indians
GJ Bailey,PA Patel,Chennai Super Kings,40,Chennai Super Kings,Kings XI Punjab
S Sohal,SM Katich,Kings XI Punjab,6,Chennai Super Kings,Kings XI Punjab
DB Ravi Teja,S Dhawan,Deccan Chargers,131,Deccan Chargers,Kings XI Punjab
AC Gilchrist,PC Valthaty,Kings XI Punjab,9,Deccan Chargers,Kings XI Punjab
AM Rahane,R Dravid,Rajasthan Royals,29,Rajasthan Royals,Pune Warriors
JD Ryder,SC Ganguly,Pune Warriors,3,Rajasthan Royals,Pune Warriors
KC Sangakkara,S Dhawan,Deccan Chargers,10,Delhi Daredevils,Deccan Chargers
NV Ojha,V Sehwag,Delhi Daredevils,2,Delhi Daredevils,Deccan Chargers
DPMD Jayawardene,V Sehwag,Delhi Daredevils,135,Delhi Daredevils,Mumbai Indians
AC Blizzard,SR Tendulkar,Mumbai Indians,0,Delhi Daredevils,Mumbai Indians
CH Gayle,KL Rahul,Royal Challengers Bangalore,8,Kolkata Knight Riders,Royal Challengers Bangalore
G Gambhir,RV Uthappa,Kolkata Knight Riders,6,Kolkata Knight Riders,Royal Challengers Bangalore
EJG Morgan,JH Kallis,Kolkata Knight Riders,15,Royal Challengers Bangalore,Kolkata Knight Riders
CH Gayle,LA Pomersbach,Royal Challengers Bangalore,44,Royal Challengers Bangalore,Kolkata Knight Riders
MJ Lumb,NV Ojha,Rajasthan Royals,16,Rajasthan Royals,Deccan Chargers
AC Gilchrist,VVS Laxman,Deccan Chargers,26,Rajasthan Royals,Deccan Chargers
L Ronchi,ST Jayasuriya,Mumbai Indians,9,Royal Challengers Bangalore,Mumbai Indians
R Dravid,S Chanderpaul,Royal Challengers Bangalore,37,Royal Challengers Bangalore,Mumbai Indians
GC Smith,SA Asnodkar,Rajasthan Royals,127,Rajasthan Royals,Chennai Super Kings
PA Patel,SP Fleming,Chennai Super Kings,14,Rajasthan Royals,Chennai Super Kings
AM Rahane,R Dravid,Rajasthan Royals,45,Kolkata Knight Riders,Rajasthan Royals
G Gambhir,JH Kallis,Kolkata Knight Riders,22,Kolkata Knight Riders,Rajasthan Royals
Q de Kock,SS Iyer,Delhi Daredevils,55,Draw,Draw
CH Gayle,V Kohli,Royal Challengers Bangalore,2,Draw,Draw
M Vijay,M Vohra,Kings XI Punjab,78,Gujarat Lions,Kings XI Punjab
AJ Finch,BB McCullum,Gujarat Lions,1,Gujarat Lions,Kings XI Punjab
BB McCullum,ER Dwivedi,Gujarat Lions,7,Sunrisers Hyderabad,Gujarat Lions
DA Warner,S Dhawan,Sunrisers Hyderabad,6,Sunrisers Hyderabad,Gujarat Lions
SR Tendulkar,ST Jayasuriya,Mumbai Indians,39,Mumbai Indians,Chennai Super Kings
ML Hayden,PA Patel,Chennai Super Kings,0,Mumbai Indians,Chennai Super Kings
PA Patel,S Dhawan,Sunrisers Hyderabad,3,Sunrisers Hyderabad,Rajasthan Royals
AM Rahane,R Dravid,Rajasthan Royals,39,Sunrisers Hyderabad,Rajasthan Royals
LMP Simmons,PA Patel,Mumbai Indians,90,Mumbai Indians,Chennai Super Kings
DR Smith,MEK Hussey,Chennai Super Kings,0,Mumbai Indians,Chennai Super Kings
AC Gilchrist,SE Marsh,Kings XI Punjab,2,Pune Warriors,Kings XI Punjab
GC Smith,JD Ryder,Pune Warriors,0,Pune Warriors,Kings XI Punjab
BB McCullum,DR Smith,Chennai Super Kings,16,Delhi Daredevils,Chennai Super Kings
Q de Kock,SS Iyer,Delhi Daredevils,16,Delhi Daredevils,Chennai Super Kings
ML Hayden,PA Patel,Chennai Super Kings,22,Chennai Super Kings,Royal Challengers Bangalore
B Chipli,W Jaffer,Royal Challengers Bangalore,13,Chennai Super Kings,Royal Challengers Bangalore
SR Tendulkar,ST Jayasuriya,Mumbai Indians,71,Rajasthan Royals,Mumbai Indians
Kamran Akmal,SA Asnodkar,Rajasthan Royals,20,Rajasthan Royals,Mumbai Indians
M Vijay,MP Stoinis,Kings XI Punjab,45,Kings XI Punjab,Delhi Daredevils
Q de Kock,SV Samson,Delhi Daredevils,70,Kings XI Punjab,Delhi Daredevils
MJ Guptill,RG Sharma,Mumbai Indians,33,Gujarat Lions,Mumbai Indians
AJ Finch,BB McCullum,Gujarat Lions,0,Gujarat Lions,Mumbai Indians
M Vijay,MEK Hussey,Chennai Super Kings,61,Chennai Super Kings,Delhi Daredevils
UBT Chand,V Sehwag,Delhi Daredevils,0,Chennai Super Kings,Delhi Daredevils
HH Gibbs,SR Tendulkar,Mumbai Indians,15,Mumbai Indians,Kolkata Knight Riders
G Gambhir,MS Bisla,Kolkata Knight Riders,1,Mumbai Indians,Kolkata Knight Riders
DA Warner,UBT Chand,Delhi Daredevils,0,Kolkata Knight Riders,Delhi Daredevils
G Gambhir,MS Bisla,Kolkata Knight Riders,5,Kolkata Knight Riders,Delhi Daredevils
CH Gayle,V Kohli,Royal Challengers Bangalore,8,Mumbai Indians,Royal Challengers Bangalore
PA Patel,RG Sharma,Mumbai Indians,2,Mumbai Indians,Royal Challengers Bangalore
SR Tendulkar,ST Jayasuriya,Mumbai Indians,5,Mumbai Indians,Royal Challengers Bangalore
JH Kallis,V Kohli,Royal Challengers Bangalore,23,Mumbai Indians,Royal Challengers Bangalore
M Vijay,MEK Hussey,Chennai Super Kings,11,Kochi Tuskers Kerala,Chennai Super Kings
BB McCullum,DPMD Jayawardene,Kochi Tuskers Kerala,39,Kochi Tuskers Kerala,Chennai Super Kings
CH Gayle,PA Patel,Royal Challengers Bangalore,5,Sunrisers Hyderabad,Royal Challengers Bangalore
DA Warner,S Dhawan,Sunrisers Hyderabad,100,Sunrisers Hyderabad,Royal Challengers Bangalore
DPMD Jayawardene,MS Bisla,Kings XI Punjab,29,Rajasthan Royals,Kings XI Punjab
MJ Lumb,NV Ojha,Rajasthan Royals,109,Rajasthan Royals,Kings XI Punjab
Q de Kock,SS Iyer,Delhi Daredevils,1,Delhi Daredevils,Kolkata Knight Riders
G Gambhir,RV Uthappa,Kolkata Knight Riders,21,Delhi Daredevils,Kolkata Knight Riders
ML Hayden,S Badrinath,Chennai Super Kings,0,Chennai Super Kings,Kings XI Punjab
S Sohal,SM Katich,Kings XI Punjab,2,Chennai Super Kings,Kings XI Punjab
CA Pujara,CH Gayle,Royal Challengers Bangalore,102,Kings XI Punjab,Royal Challengers Bangalore
Mandeep Singh,SE Marsh,Kings XI Punjab,13,Kings XI Punjab,Royal Challengers Bangalore
K Goel,RS Bopara,Kings XI Punjab,18,Kings XI Punjab,Mumbai Indians
SR Tendulkar,ST Jayasuriya,Mumbai Indians,1,Kings XI Punjab,Mumbai Indians
Mohammad Hafeez,Salman Butt,Kolkata Knight Riders,14,Chennai Super Kings,Kolkata Knight Riders
PA Patel,SP Fleming,Chennai Super Kings,55,Chennai Super Kings,Kolkata Knight Riders
AJ Finch,BB McCullum,Gujarat Lions,0,Sunrisers Hyderabad,Gujarat Lions
DA Warner,S Dhawan,Sunrisers Hyderabad,137,Sunrisers Hyderabad,Gujarat Lions
MA Agarwal,SS Iyer,Delhi Daredevils,3,Kolkata Knight Riders,Delhi Daredevils
G Gambhir,RV Uthappa,Kolkata Knight Riders,31,Kolkata Knight Riders,Delhi Daredevils
AM Rahane,R Dravid,Rajasthan Royals,8,Deccan Chargers,Rajasthan Royals
PA Reddy,S Dhawan,Deccan Chargers,63,Deccan Chargers,Rajasthan Royals
M Vijay,ML Hayden,Chennai Super Kings,32,Royal Challengers Bangalore,Chennai Super Kings
JH Kallis,RV Uthappa,Royal Challengers Bangalore,2,Royal Challengers Bangalore,Chennai Super Kings
PA Patel,S Dhawan,Deccan Chargers,47,Kings XI Punjab,Deccan Chargers
Mandeep Singh,N Saini,Kings XI Punjab,7,Kings XI Punjab,Deccan Chargers
Q de Kock,SS Iyer,Delhi Daredevils,4,Rising Pune Supergiants,Delhi Daredevils
AM Rahane,UT Khawaja,Rising Pune Supergiants,31,Rising Pune Supergiants,Delhi Daredevils
S Dhawan,S Sohal,Deccan Chargers,3,Deccan Chargers,Kochi Tuskers Kerala
BB McCullum,DPMD Jayawardene,Kochi Tuskers Kerala,0,Deccan Chargers,Kochi Tuskers Kerala
AM Rahane,R Dravid,Rajasthan Royals,7,Rajasthan Royals,Kings XI Punjab
Mandeep Singh,SE Marsh,Kings XI Punjab,8,Rajasthan Royals,Kings XI Punjab
IK Pathan,K Goel,Kings XI Punjab,8,Kings XI Punjab,Mumbai Indians
L Ronchi,ST Jayasuriya,Mumbai Indians,14,Kings XI Punjab,Mumbai Indians
SR Tendulkar,ST Jayasuriya,Mumbai Indians,2,Delhi Daredevils,Mumbai Indians
DA Warner,G Gambhir,Delhi Daredevils,36,Delhi Daredevils,Mumbai Indians
AM Rahane,MDKJ Perera,Rajasthan Royals,22,Rajasthan Royals,Delhi Daredevils
DA Warner,UBT Chand,Delhi Daredevils,39,Rajasthan Royals,Delhi Daredevils
GC Smith,SA Asnodkar,Rajasthan Royals,11,Rajasthan Royals,Kolkata Knight Riders
SC Ganguly,Salman Butt,Kolkata Knight Riders,15,Rajasthan Royals,Kolkata Knight Riders
BB McCullum,SC Ganguly,Kolkata Knight Riders,27,Deccan Chargers,Kolkata Knight Riders
AC Gilchrist,HH Gibbs,Deccan Chargers,68,Deccan Chargers,Kolkata Knight Riders
R Dravid,SR Watson,Rajasthan Royals,73,Royal Challengers Bangalore,Rajasthan Royals
CH Gayle,TM Dilshan,Royal Challengers Bangalore,68,Royal Challengers Bangalore,Rajasthan Royals
AG Paunikar,R Dravid,Rajasthan Royals,26,Kolkata Knight Riders,Rajasthan Royals
JH Kallis,MS Bisla,Kolkata Knight Riders,8,Kolkata Knight Riders,Rajasthan Royals
V Kohli,W Jaffer,Royal Challengers Bangalore,1,Kings XI Punjab,Royal Challengers Bangalore
JR Hopes,SE Marsh,Kings XI Punjab,11,Kings XI Punjab,Royal Challengers Bangalore
M Vijay,MEK Hussey,Chennai Super Kings,64,Chennai Super Kings,Pune Warriors
JD Ryder,MD Mishra,Pune Warriors,19,Chennai Super Kings,Pune Warriors
AM Rahane,R Dravid,Rajasthan Royals,1,Rajasthan Royals,Kolkata Knight Riders
BB McCullum,JH Kallis,Kolkata Knight Riders,8,Rajasthan Royals,Kolkata Knight Riders
JD Ryder,SC Ganguly,Pune Warriors,28,Pune Warriors,Kings XI Punjab
AC Gilchrist,PC Valthaty,Kings XI Punjab,7,Pune Warriors,Kings XI Punjab
CA Pujara,V Sehwag,Kings XI Punjab,51,Kings XI Punjab,Sunrisers Hyderabad
AJ Finch,S Dhawan,Sunrisers Hyderabad,11,Kings XI Punjab,Sunrisers Hyderabad
MS Bisla,RS Bopara,Kings XI Punjab,5,Delhi Daredevils,Kings XI Punjab
G Gambhir,V Sehwag,Delhi Daredevils,10,Delhi Daredevils,Kings XI Punjab
Mandeep Singh,SE Marsh,Kings XI Punjab,68,Kings XI Punjab,Chennai Super Kings
F du Plessis,S Badrinath,Chennai Super Kings,47,Kings XI Punjab,Chennai Super Kings
JD Ryder,MK Pandey,Pune Warriors,24,Rajasthan Royals,Pune Warriors
R Dravid,SR Watson,Rajasthan Royals,29,Rajasthan Royals,Pune Warriors
CH Gayle,V Kohli,Royal Challengers Bangalore,43,Sunrisers Hyderabad,Royal Challengers Bangalore
DA Warner,S Dhawan,Sunrisers Hyderabad,82,Sunrisers Hyderabad,Royal Challengers Bangalore
AM Rahane,R Dravid,Rajasthan Royals,36,Chennai Super Kings,Rajasthan Royals
F du Plessis,S Badrinath,Chennai Super Kings,55,Chennai Super Kings,Rajasthan Royals
ML Hayden,PA Patel,Chennai Super Kings,61,Royal Challengers Bangalore,Chennai Super Kings
JH Kallis,MK Pandey,Royal Challengers Bangalore,17,Royal Challengers Bangalore,Chennai Super Kings
M Vohra,WP Saha,Kings XI Punjab,34,Kings XI Punjab,Royal Challengers Bangalore
CH Gayle,V Kohli,Royal Challengers Bangalore,33,Kings XI Punjab,Royal Challengers Bangalore
G Gambhir,V Sehwag,Delhi Daredevils,19,Kings XI Punjab,Delhi Daredevils
S Sohal,SM Katich,Kings XI Punjab,22,Kings XI Punjab,Delhi Daredevils
M Vijay,MEK Hussey,Chennai Super Kings,18,Chennai Super Kings,Deccan Chargers
S Dhawan,S Sohal,Deccan Chargers,71,Chennai Super Kings,Deccan Chargers
DA Warner,V Sehwag,Delhi Daredevils,44,Delhi Daredevils,Royal Challengers Bangalore
JH Kallis,MK Pandey,Royal Challengers Bangalore,71,Delhi Daredevils,Royal Challengers Bangalore
M Vohra,V Sehwag,Kings XI Punjab,23,Kolkata Knight Riders,Kings XI Punjab
G Gambhir,RV Uthappa,Kolkata Knight Riders,6,Kolkata Knight Riders,Kings XI Punjab
DA Warner,S Dhawan,Sunrisers Hyderabad,5,Kolkata Knight Riders,Sunrisers Hyderabad
G Gambhir,RV Uthappa,Kolkata Knight Riders,43,Kolkata Knight Riders,Sunrisers Hyderabad
CH Gayle,V Kohli,Royal Challengers Bangalore,67,Royal Challengers Bangalore,Chennai Super Kings
M Vijay,MEK Hussey,Chennai Super Kings,11,Royal Challengers Bangalore,Chennai Super Kings
AJ Finch,PA Patel,Mumbai Indians,24,Rajasthan Royals,Mumbai Indians
AM Rahane,SV Samson,Rajasthan Royals,28,Rajasthan Royals,Mumbai Indians
DPMD Jayawardene,V Sehwag,Delhi Daredevils,13,Sunrisers Hyderabad,Delhi Daredevils
PA Patel,S Dhawan,Sunrisers Hyderabad,33,Sunrisers Hyderabad,Delhi Daredevils
DA Warner,S Dhawan,Sunrisers Hyderabad,85,Sunrisers Hyderabad,Mumbai Indians
PA Patel,RG Sharma,Mumbai Indians,5,Sunrisers Hyderabad,Mumbai Indians
MA Agarwal,TM Dilshan,Royal Challengers Bangalore,0,Mumbai Indians,Royal Challengers Bangalore
DJ Jacobs,SR Tendulkar,Mumbai Indians,33,Mumbai Indians,Royal Challengers Bangalore
MEK Hussey,WP Saha,Chennai Super Kings,6,Chennai Super Kings,Pune Warriors
AJ Finch,RV Uthappa,Pune Warriors,26,Chennai Super Kings,Pune Warriors
AC Gilchrist,HH Gibbs,Deccan Chargers,46,Deccan Chargers,Royal Challengers Bangalore
JD Ryder,RV Uthappa,Royal Challengers Bangalore,0,Deccan Chargers,Royal Challengers Bangalore
A Chopra,Salman Butt,Kolkata Knight Riders,35,Kolkata Knight Riders,Delhi Daredevils
G Gambhir,V Sehwag,Delhi Daredevils,2,Kolkata Knight Riders,Delhi Daredevils
JD Ryder,RV Uthappa,Royal Challengers Bangalore,0,Royal Challengers Bangalore,Rajasthan Royals
GC Smith,SA Asnodkar,Rajasthan Royals,2,Royal Challengers Bangalore,Rajasthan Royals
JH Kallis,SP Goswami,Kolkata Knight Riders,4,Mumbai Indians,Kolkata Knight Riders
SR Tendulkar,TL Suman,Mumbai Indians,13,Mumbai Indians,Kolkata Knight Riders
CH Gayle,SC Ganguly,Kolkata Knight Riders,28,Kolkata Knight Riders,Kings XI Punjab
RS Bopara,Yuvraj Singh,Kings XI Punjab,0,Kolkata Knight Riders,Kings XI Punjab
M Vijay,MEK Hussey,Chennai Super Kings,68,Chennai Super Kings,Delhi Daredevils
DA Warner,DPMD Jayawardene,Delhi Daredevils,17,Chennai Super Kings,Delhi Daredevils
AJ Finch,S Dhawan,Sunrisers Hyderabad,15,Chennai Super Kings,Sunrisers Hyderabad
BB McCullum,DR Smith,Chennai Super Kings,85,Chennai Super Kings,Sunrisers Hyderabad
G Gambhir,JH Kallis,Kolkata Knight Riders,1,Kolkata Knight Riders,Royal Challengers Bangalore
PA Patel,YV Takawale,Royal Challengers Bangalore,67,Kolkata Knight Riders,Royal Challengers Bangalore
DR Smith,SR Tendulkar,Mumbai Indians,11,Mumbai Indians,Kings XI Punjab
Mandeep Singh,SE Marsh,Kings XI Punjab,12,Mumbai Indians,Kings XI Punjab
DR Smith,SR Tendulkar,Mumbai Indians,32,Sunrisers Hyderabad,Mumbai Indians
PA Reddy,S Dhawan,Sunrisers Hyderabad,16,Sunrisers Hyderabad,Mumbai Indians
M Vijay,Q de Kock,Delhi Daredevils,14,Kolkata Knight Riders,Delhi Daredevils
G Gambhir,RV Uthappa,Kolkata Knight Riders,106,Kolkata Knight Riders,Delhi Daredevils
CH Gayle,V Kohli,Royal Challengers Bangalore,6,Royal Challengers Bangalore,Sunrisers Hyderabad
DA Warner,S Dhawan,Sunrisers Hyderabad,35,Royal Challengers Bangalore,Sunrisers Hyderabad
JH Kallis,RV Uthappa,Royal Challengers Bangalore,0,Delhi Daredevils,Royal Challengers Bangalore
G Gambhir,V Sehwag,Delhi Daredevils,11,Delhi Daredevils,Royal Challengers Bangalore
PA Patel,RG Sharma,Mumbai Indians,7,Gujarat Lions,Mumbai Indians
AJ Finch,BB McCullum,Gujarat Lions,12,Gujarat Lions,Mumbai Indians
MK Pandey,SC Ganguly,Pune Warriors,0,Pune Warriors,Mumbai Indians
AT Rayudu,RE Levi,Mumbai Indians,0,Pune Warriors,Mumbai Indians
DA Warner,S Dhawan,Sunrisers Hyderabad,19,Royal Challengers Bangalore,Sunrisers Hyderabad
CH Gayle,V Kohli,Royal Challengers Bangalore,43,Royal Challengers Bangalore,Sunrisers Hyderabad
LMP Simmons,PA Patel,Mumbai Indians,42,Mumbai Indians,Sunrisers Hyderabad
DA Warner,S Dhawan,Sunrisers Hyderabad,45,Mumbai Indians,Sunrisers Hyderabad
AM Rahane,SR Watson,Rajasthan Royals,62,Rajasthan Royals,Mumbai Indians
RT Ponting,SR Tendulkar,Mumbai Indians,4,Rajasthan Royals,Mumbai Indians
M Vijay,MEK Hussey,Chennai Super Kings,52,Chennai Super Kings,Mumbai Indians
AP Tare,DR Smith,Mumbai Indians,12,Chennai Super Kings,Mumbai Indians
CH Gayle,TM Dilshan,Royal Challengers Bangalore,8,Mumbai Indians,Royal Challengers Bangalore
HH Gibbs,SR Tendulkar,Mumbai Indians,2,Mumbai Indians,Royal Challengers Bangalore
EJG Morgan,JH Kallis,Kolkata Knight Riders,36,Kolkata Knight Riders,Deccan Chargers
S Dhawan,S Sohal,Deccan Chargers,41,Kolkata Knight Riders,Deccan Chargers
G Gambhir,V Sehwag,Delhi Daredevils,53,Delhi Daredevils,Royal Challengers Bangalore
P Kumar,W Jaffer,Royal Challengers Bangalore,6,Delhi Daredevils,Royal Challengers Bangalore
AC Gilchrist,MD Mishra,Deccan Chargers,4,Royal Challengers Bangalore,Deccan Chargers
JH Kallis,R Dravid,Royal Challengers Bangalore,36,Royal Challengers Bangalore,Deccan Chargers
DA Warner,S Dhawan,Sunrisers Hyderabad,130,Sunrisers Hyderabad,Kolkata Knight Riders
G Gambhir,RV Uthappa,Kolkata Knight Riders,35,Sunrisers Hyderabad,Kolkata Knight Riders
MJ Lumb,NV Ojha,Rajasthan Royals,27,Royal Challengers Bangalore,Rajasthan Royals
JH Kallis,MK Pandey,Royal Challengers Bangalore,93,Royal Challengers Bangalore,Rajasthan Royals
M Vijay,M Vohra,Kings XI Punjab,45,Kolkata Knight Riders,Kings XI Punjab
G Gambhir,RV Uthappa,Kolkata Knight Riders,31,Kolkata Knight Riders,Kings XI Punjab
G Gambhir,MS Bisla,Kolkata Knight Riders,3,Royal Challengers Bangalore,Kolkata Knight Riders
CH Gayle,MA Agarwal,Royal Challengers Bangalore,12,Royal Challengers Bangalore,Kolkata Knight Riders
PA Patel,YV Takawale,Royal Challengers Bangalore,1,Rajasthan Royals,Royal Challengers Bangalore
AM Rahane,KK Nair,Rajasthan Royals,31,Rajasthan Royals,Royal Challengers Bangalore
JEC Franklin,SR Tendulkar,Mumbai Indians,51,Kings XI Punjab,Mumbai Indians
Mandeep Singh,N Saini,Kings XI Punjab,48,Kings XI Punjab,Mumbai Indians
Q de Kock,S Dhawan,Sunrisers Hyderabad,4,Chennai Super Kings,Sunrisers Hyderabad
M Vijay,MEK Hussey,Chennai Super Kings,65,Chennai Super Kings,Sunrisers Hyderabad
LMP Simmons,PA Patel,Mumbai Indians,111,Mumbai Indians,Kings XI Punjab
M Vijay,V Sehwag,Kings XI Punjab,9,Mumbai Indians,Kings XI Punjab
LMP Simmons,PA Patel,Mumbai Indians,29,Mumbai Indians,Kolkata Knight Riders
G Gambhir,RV Uthappa,Kolkata Knight Riders,45,Mumbai Indians,Kolkata Knight Riders
M Vijay,M Vohra,Kings XI Punjab,8,Delhi Daredevils,Kings XI Punjab
Q de Kock,SS Iyer,Delhi Daredevils,9,Delhi Daredevils,Kings XI Punjab
DA Warner,S Dhawan,Sunrisers Hyderabad,7,Mumbai Indians,Sunrisers Hyderabad
LMP Simmons,PA Patel,Mumbai Indians,106,Mumbai Indians,Sunrisers Hyderabad
G Gambhir,RV Uthappa,Kolkata Knight Riders,81,Royal Challengers Bangalore,Kolkata Knight Riders
CH Gayle,V Kohli,Royal Challengers Bangalore,29,Royal Challengers Bangalore,Kolkata Knight Riders
G Gambhir,MS Bisla,Kolkata Knight Riders,25,Sunrisers Hyderabad,Kolkata Knight Riders
PA Patel,S Dhawan,Sunrisers Hyderabad,89,Sunrisers Hyderabad,Kolkata Knight Riders
F du Plessis,M Vijay,Chennai Super Kings,4,Mumbai Indians,Chennai Super Kings
RE Levi,SR Tendulkar,Mumbai Indians,69,Mumbai Indians,Chennai Super Kings
M Vijay,ML Hayden,Chennai Super Kings,41,Deccan Chargers,Chennai Super Kings
AC Gilchrist,MD Mishra,Deccan Chargers,32,Deccan Chargers,Chennai Super Kings
BB McCullum,G Gambhir,Kolkata Knight Riders,95,Kolkata Knight Riders,Royal Challengers Bangalore
CH Gayle,TM Dilshan,Royal Challengers Bangalore,2,Kolkata Knight Riders,Royal Challengers Bangalore
PA Patel,RG Sharma,Mumbai Indians,0,Mumbai Indians,Kings XI Punjab
M Vijay,M Vohra,Kings XI Punjab,20,Mumbai Indians,Kings XI Punjab
AC Gilchrist,HH Gibbs,Deccan Chargers,61,Rajasthan Royals,Deccan Chargers
GC Smith,YK Pathan,Rajasthan Royals,109,Rajasthan Royals,Deccan Chargers
LMP Simmons,MEK Hussey,Mumbai Indians,87,Mumbai Indians,Delhi Daredevils
KP Pietersen,M Vijay,Delhi Daredevils,43,Mumbai Indians,Delhi Daredevils
DA Warner,S Dhawan,Sunrisers Hyderabad,63,Sunrisers Hyderabad,Royal Challengers Bangalore
CH Gayle,V Kohli,Royal Challengers Bangalore,114,Sunrisers Hyderabad,Royal Challengers Bangalore
PA Reddy,S Dhawan,Sunrisers Hyderabad,2,Rajasthan Royals,Sunrisers Hyderabad
AM Rahane,R Dravid,Rajasthan Royals,7,Rajasthan Royals,Sunrisers Hyderabad
Ankit Sharma,SR Watson,Rajasthan Royals,60,Chennai Super Kings,Rajasthan Royals
BB McCullum,DR Smith,Chennai Super Kings,20,Chennai Super Kings,Rajasthan Royals
G Gambhir,YK Pathan,Kolkata Knight Riders,46,Chennai Super Kings,Kolkata Knight Riders
MEK Hussey,R Ashwin,Chennai Super Kings,24,Chennai Super Kings,Kolkata Knight Riders
A Chopra,Salman Butt,Kolkata Knight Riders,4,Kolkata Knight Riders,Deccan Chargers
AC Gilchrist,HH Gibbs,Deccan Chargers,12,Kolkata Knight Riders,Deccan Chargers
JD Ryder,MD Mishra,Pune Warriors,22,Chennai Super Kings,Pune Warriors
M Vijay,MEK Hussey,Chennai Super Kings,19,Chennai Super Kings,Pune Warriors
DJ Harris,S Dhawan,Deccan Chargers,28,Delhi Daredevils,Deccan Chargers
DA Warner,V Sehwag,Delhi Daredevils,4,Delhi Daredevils,Deccan Chargers
MJ Lumb,NV Ojha,Rajasthan Royals,16,Royal Challengers Bangalore,Rajasthan Royals
JH Kallis,MK Pandey,Royal Challengers Bangalore,6,Royal Challengers Bangalore,Rajasthan Royals
CM Gautam,LMP Simmons,Mumbai Indians,12,Kolkata Knight Riders,Mumbai Indians
G Gambhir,RV Uthappa,Kolkata Knight Riders,50,Kolkata Knight Riders,Mumbai Indians
AC Gilchrist,PC Valthaty,Kings XI Punjab,21,Kings XI Punjab,Delhi Daredevils
DA Warner,NV Ojha,Delhi Daredevils,52,Kings XI Punjab,Delhi Daredevils
CM Gautam,LMP Simmons,Mumbai Indians,16,Chennai Super Kings,Mumbai Indians
BB McCullum,DR Smith,Chennai Super Kings,29,Chennai Super Kings,Mumbai Indians
AC Gilchrist,VVS Laxman,Deccan Chargers,55,Deccan Chargers,Chennai Super Kings
M Vijay,ML Hayden,Chennai Super Kings,12,Deccan Chargers,Chennai Super Kings
AM Rahane,SS Tiwary,Rising Pune Supergiants,8,Mumbai Indians,Rising Pune Supergiants
PA Patel,RG Sharma,Mumbai Indians,39,Mumbai Indians,Rising Pune Supergiants
BB McCullum,G Gambhir,Kolkata Knight Riders,113,Kolkata Knight Riders,Pune Warriors
MJ Clarke,RV Uthappa,Pune Warriors,10,Kolkata Knight Riders,Pune Warriors
AC Gilchrist,Mandeep Singh,Kings XI Punjab,19,Chennai Super Kings,Kings XI Punjab
M Vijay,MEK Hussey,Chennai Super Kings,139,Chennai Super Kings,Kings XI Punjab
SR Tendulkar,ST Jayasuriya,Mumbai Indians,38,Mumbai Indians,Delhi Daredevils
TM Dilshan,V Sehwag,Delhi Daredevils,38,Mumbai Indians,Delhi Daredevils
AJ Finch,RV Uthappa,Pune Warriors,83,Kings XI Punjab,Pune Warriors
AC Gilchrist,Mandeep Singh,Kings XI Punjab,4,Kings XI Punjab,Pune Warriors
CH Gayle,V Kohli,Royal Challengers Bangalore,119,Royal Challengers Bangalore,Kings XI Punjab
M Vijay,M Vohra,Kings XI Punjab,6,Royal Challengers Bangalore,Kings XI Punjab
G Gambhir,V Sehwag,Delhi Daredevils,1,Royal Challengers Bangalore,Delhi Daredevils
JH Kallis,RV Uthappa,Royal Challengers Bangalore,2,Royal Challengers Bangalore,Delhi Daredevils
PA Patel,S Dhawan,Sunrisers Hyderabad,28,Sunrisers Hyderabad,Kings XI Punjab
AC Gilchrist,Mandeep Singh,Kings XI Punjab,1,Sunrisers Hyderabad,Kings XI Punjab
AC Gilchrist,VVS Laxman,Deccan Chargers,43,Deccan Chargers,Kings XI Punjab
MS Bisla,RS Bopara,Kings XI Punjab,10,Deccan Chargers,Kings XI Punjab
RR Rossouw,YV Takawale,Royal Challengers Bangalore,2,Chennai Super Kings,Royal Challengers Bangalore
DR Smith,F du Plessis,Chennai Super Kings,57,Chennai Super Kings,Royal Challengers Bangalore
AC Gilchrist,VVS Laxman,Deccan Chargers,22,Rajasthan Royals,Deccan Chargers
GC Smith,Kamran Akmal,Rajasthan Royals,14,Rajasthan Royals,Deccan Chargers
HM Amla,M Vijay,Kings XI Punjab,60,Rising Pune Supergiants,Kings XI Punjab
AM Rahane,UT Khawaja,Rising Pune Supergiants,35,Rising Pune Supergiants,Kings XI Punjab
JR Hopes,K Goel,Kings XI Punjab,34,Rajasthan Royals,Kings XI Punjab
Kamran Akmal,M Kaif,Rajasthan Royals,6,Rajasthan Royals,Kings XI Punjab
J Arunkumar,V Kohli,Royal Challengers Bangalore,4,Kings XI Punjab,Royal Challengers Bangalore
JR Hopes,SE Marsh,Kings XI Punjab,42,Kings XI Punjab,Royal Challengers Bangalore
DA Warner,V Sehwag,Delhi Daredevils,35,Chennai Super Kings,Delhi Daredevils
ML Hayden,PA Patel,Chennai Super Kings,21,Chennai Super Kings,Delhi Daredevils
JR Hopes,SE Marsh,Kings XI Punjab,1,Kings XI Punjab,Mumbai Indians
SR Tendulkar,ST Jayasuriya,Mumbai Indians,36,Kings XI Punjab,Mumbai Indians
DPMD Jayawardene,SE Marsh,Kings XI Punjab,1,Deccan Chargers,Kings XI Punjab
AC Gilchrist,MD Mishra,Deccan Chargers,13,Deccan Chargers,Kings XI Punjab
BJ Hodge,MK Tiwary,Kolkata Knight Riders,0,Kolkata Knight Riders,Deccan Chargers
AC Gilchrist,VVS Laxman,Deccan Chargers,61,Kolkata Knight Riders,Deccan Chargers
AC Gilchrist,Mandeep Singh,Kings XI Punjab,0,Rajasthan Royals,Kings XI Punjab
AM Rahane,R Dravid,Rajasthan Royals,5,Rajasthan Royals,Kings XI Punjab
AC Gilchrist,HH Gibbs,Deccan Chargers,63,Deccan Chargers,Mumbai Indians
SR Tendulkar,ST Jayasuriya,Mumbai Indians,4,Deccan Chargers,Mumbai Indians
M Vijay,MEK Hussey,Chennai Super Kings,77,Chennai Super Kings,Rajasthan Royals
R Dravid,SR Watson,Rajasthan Royals,27,Chennai Super Kings,Rajasthan Royals
BB McCullum,M Klinger,Kochi Tuskers Kerala,6,Kochi Tuskers Kerala,Kolkata Knight Riders
EJG Morgan,JH Kallis,Kolkata Knight Riders,69,Kochi Tuskers Kerala,Kolkata Knight Riders
KC Sangakkara,S Dhawan,Deccan Chargers,37,Kolkata Knight Riders,Deccan Chargers
BB McCullum,G Gambhir,Kolkata Knight Riders,16,Kolkata Knight Riders,Deccan Chargers
AM Rahane,SR Watson,Rajasthan Royals,10,Royal Challengers Bangalore,Rajasthan Royals
CH Gayle,TM Dilshan,Royal Challengers Bangalore,53,Royal Challengers Bangalore,Rajasthan Royals
BB McCullum,VVS Laxman,Kochi Tuskers Kerala,0,Pune Warriors,Kochi Tuskers Kerala
GC Smith,JD Ryder,Pune Warriors,31,Pune Warriors,Kochi Tuskers Kerala
DR Smith,SR Tendulkar,Mumbai Indians,40,Mumbai Indians,Chennai Super Kings
M Vijay,MEK Hussey,Chennai Super Kings,9,Mumbai Indians,Chennai Super Kings
JD Ryder,MK Pandey,Pune Warriors,0,Delhi Daredevils,Pune Warriors
DPMD Jayawardene,V Sehwag,Delhi Daredevils,22,Delhi Daredevils,Pune Warriors
DA Warner,S Dhawan,Sunrisers Hyderabad,0,Rising Pune Supergiants,Sunrisers Hyderabad
AM Rahane,F du Plessis,Rising Pune Supergiants,0,Rising Pune Supergiants,Sunrisers Hyderabad
M Vijay,MP Stoinis,Kings XI Punjab,65,Kings XI Punjab,Gujarat Lions
BB McCullum,DR Smith,Gujarat Lions,13,Kings XI Punjab,Gujarat Lions
G Gambhir,V Sehwag,Delhi Daredevils,0,Delhi Daredevils,Chennai Super Kings
ML Hayden,PA Patel,Chennai Super Kings,57,Delhi Daredevils,Chennai Super Kings
AC Gilchrist,Mandeep Singh,Kings XI Punjab,2,Kings XI Punjab,Mumbai Indians
AP Tare,GJ Maxwell,Mumbai Indians,0,Kings XI Punjab,Mumbai Indians
MS Bisla,SE Marsh,Kings XI Punjab,3,Royal Challengers Bangalore,Kings XI Punjab
JH Kallis,MK Pandey,Royal Challengers Bangalore,28,Royal Challengers Bangalore,Kings XI Punjab
JH Kallis,SP Goswami,Royal Challengers Bangalore,15,Kolkata Knight Riders,Royal Challengers Bangalore
BJ Hodge,MK Tiwary,Kolkata Knight Riders,101,Kolkata Knight Riders,Royal Challengers Bangalore
AC Gilchrist,PC Valthaty,Kings XI Punjab,32,Kolkata Knight Riders,Kings XI Punjab
EJG Morgan,JH Kallis,Kolkata Knight Riders,5,Kolkata Knight Riders,Kings XI Punjab
