Playing role,Major teams,Current age,Batting style,Fielding position,Short Name,Height,Born,Relation,Education,Nickname,Full name,bowl_arm,bowl_style
,"India,",44 years 115 days,Left-hand bat,,SC Ganguly,5 ft 11 in,"July 8, 1972, Calcutta (now Kolkata), Bengal ",Brother - Snehasish C Ganguly,St Xavier's College,,Sourav Chandidas Ganguly,Right-arm,medium
Wicketkeeper batsman,"New Zealand,",35 years 34 days,Right-hand bat,,BB McCullum,,"September 27, 1981, Dunedin, Otago ","Father - SJ McCullum,",,,Brendon Barrie McCullum,Right-arm,medium
Top-order batsman,"Australia,",41 years 317 days,Right-hand bat,,RT Ponting,1.78 m,"December 19, 1974, Launceston, Tasmania ",Uncle - GD Campbell,"Mowbray Primary; Brooks Senior High School, Launceston",Punter,Ricky Thomas Ponting,Right-arm,medium
Allrounder,"Australia,",39 years 108 days,Right-hand bat,,DJ Hussey,1.80 m,"July 15, 1977, Mt Lawley, Perth, Western Australia ",Brother - MEK Hussey,,Huss,David John Hussey,Right-arm,offbreak
Allrounder,"Pakistan,",36 years 14 days,Right-hand bat,,Mohammad Hafeez,,"October 17, 1980, Sargodha, Punjab ",,,,Mohammad Hafeez,Right-arm,offbreak
Top-order batsman,"India,",43 years 294 days,Right-hand bat,,R Dravid,,"January 11, 1973, Indore, Madhya Pradesh ",,St. Joseph's Boys' High School,The Wall,Rahul Sharad Dravid,Right-arm,offbreak
,"India,",38 years 258 days,Right-hand bat,,W Jaffer,,"February 16, 1978, Bombay (now Mumbai), Maharashtra ",Nephew - Armaan Jaffer,,,Wasim Jaffer,Right-arm,offbreak
Middle-order batsman,"India,",27 years 361 days,Right-hand bat,,V Kohli,,"November 5, 1988, Delhi ",,,,Virat Kohli,Right-arm,medium
Allrounder,"South Africa,",41 years 15 days,Right-hand bat,,JH Kallis,,"October 16, 1975, Pinelands, Cape Town, Cape Province ",,,,Jacques Henry Kallis,Right-arm,fast-medium
Middle-order batsman,"Australia,",33 years 74 days,Right-hand bat,,CL White,1.87 m,"August 18, 1983, Bairnsdale, Victoria ",,,"Whitey, Bear",Cameron Leon White,,legbreak
Wicketkeeper batsman,"South Africa,",39 years 333 days,Right-hand bat,,MV Boucher,,"December 3, 1976, East London, Cape Province ",,,,Mark Verdon Boucher,Right-arm,medium
Bowler,"Karnataka,",39 years 24 days,Right-hand bat,,B Akhil,,"October 7, 1977, Bangalore, Karnataka ",,,,Balachandra Akhil,Right-arm,medium-fast
Allrounder,"Australia,",39 years 184 days,Right-hand bat,,AA Noffke,1.90 m,"April 30, 1977, Nambour, Queensland ",,,Noffers,Ashley Allan Noffke,Right-arm,fast-medium
Bowler,"India,",30 years 29 days,Right-hand bat,,P Kumar,,"October 2, 1986, Meerut, Uttar Pradesh ",,,,Praveenkumar Sakat Singh,Right-arm,medium
Bowler,"India,",38 years 24 days,Right-hand bat,,Z Khan,,"October 7, 1978, Shrirampur, Maharashtra ",,,,Zaheer Khan,Left-arm,fast-medium
,"India,",46 years 147 days,Left-hand bat,,SB Joshi,,"June 6, 1970, Gadag, Karnataka ",,,,Sunil Bandacharya Joshi,Left-arm,slow
Bowler,"India,",32 years 220 days,Right-hand bat,,AB Dinda,,"March 25, 1984, Medinipur, Calcutta (now Kolkata) ",,,,Ashok Bhimchandra Dinda,Right-arm,medium-fast
Bowler,"India,",28 years 59 days,Right-hand bat,,I Sharma,,"September 2, 1988, Delhi ",,,,Ishant Sharma,Right-arm,fast-medium
Bowler,"India,",38 years 332 days,Right-hand bat,,AB Agarkar,,"December 4, 1977, Bombay (now Mumbai), Maharashtra ",,,,Ajit Bhalchandra Agarkar,Right-arm,fast
Allrounder,"India,",35 years 178 days,Right-hand bat,,LR Shukla,,"May 6, 1981, Howrah (now Haora), Bengal ",,,,Laxmi Ratan Shukla,Right-arm,medium
Wicketkeeper batsman,"India,",31 years 236 days,Left-hand bat,,PA Patel,,"March 9, 1985, Ahmedabad, Gujarat ",,,,Parthiv Ajay Patel,,
Opening batsman,"Australia,",45 years 2 days,Left-hand bat,,ML Hayden,1.88 m,"October 29, 1971, Kingaroy, Queensland ",,,Haydos,Matthew Lawrence Hayden,Right-arm,medium
Middle-order batsman,"Australia,",41 years 157 days,Left-hand bat,,MEK Hussey,1.80 m,"May 27, 1975, Mt Lawley, Perth, Western Australia ",Brother - DJ Hussey,,"Mr Cricket, Huss",Michael Edward Killeen Hussey,Right-arm,medium
Wicketkeeper batsman,"India,",35 years 116 days,Right-hand bat,,MS Dhoni,,"July 7, 1981, Ranchi, Bihar (now Jharkhand) ",,,,Mahendra Singh Dhoni,Right-arm,medium
Middle-order batsman,"India,",29 years 339 days,Left-hand bat,,SK Raina,,"November 27, 1986, Muradnagar, Ghaziabad, Uttar Pradesh ",,,,Suresh Kumar Raina,Right-arm,offbreak
Allrounder,"New Zealand,",38 years 95 days,Left-hand bat,,JDP Oram,1.98 m,"July 28, 1978, Palmerston North, Manawat",,,,Jacob David Philip Oram,Right-arm,fast-medium
Middle-order batsman,"India,",36 years 62 days,Right-hand bat,,S Badrinath,,"August 30, 1980, Madras (now Chennai), Tamil Nad",,,,Subramaniam Badrinath,Right-arm,offbreak
,"India Red,",29 years 312 days,Left-hand bat,,K Goel,,"December 24, 1986, Ludhiana, Punjab ",,,,Karan Goel,Right-arm,offbreak
Allrounder,"Australia,",38 years 7 days,Right-hand bat,,JR Hopes,1.80 m,"October 24, 1978, Townsville, Queensland ",,,Catfish,James Redfern Hopes,Right-arm,medium
Wicketkeeper batsman,"Sri Lanka,",39 years 4 days,Left-hand bat,,KC Sangakkara,,"October 27, 1977, Matale ",,,,Kumar Chokshanada Sangakkara,Right-arm,offbreak
Middle-order batsman,"India,",34 years 324 days,Left-hand bat,,Yuvraj Singh,,"December 12, 1981, Chandigarh ",Father - B Yograj Singh,,,Yuvraj Singh,Left-arm,slow
Batsman,"Australia,",41 years 71 days,Left-hand bat,,SM Katich,1.82 m,"August 21, 1975, Middle Swan, Western Australia ",,,Kat,Simon Mathew Katich,Left-arm,slow
Allrounder,"India,",32 years 4 days,Left-hand bat,,IK Pathan,,"October 27, 1984, Baroda, Gujarat ",Half-brother - YK Pathan,,,Irfan Khan Pathan,Left-arm,medium-fast
Bowler,"Australia,",39 years 358 days,Right-hand bat,,B Lee,1.87 m,"November 8, 1976, Wollongong, New South Wales ",Brother - S Lee,,Bing,Brett Lee,Right-arm,fast
Bowler,"India,",33 years 268 days,Right-hand bat,,S Sreesanth,,"February 6, 1983, Kothamangalam, Kerala ",,,,Shanthakumaran Sreesanth,Right-arm,fast-medium
Allrounder,"India,",27 years 312 days,Left-hand bat,,PP Chawla,,"December 24, 1988, Aligarh, Uttar Pradesh ",,,,Piyush Pramod Chawla,,legbreak
,"Kings XI Punjab,",35 years 41 days,Right-hand bat,,WA Mota,,"September 20, 1981, Bombay (now Mumbai), Maharashtra ",,,,Wilkin Arvind Mota,Right-arm,medium
Bowler,"India,",32 years 301 days,Right-hand bat,,MS Gony,,"January 4, 1984, Roopnagar, Punjab ",,,,Manpreet Singh Gony,Right-arm,medium
Bowler,"Sri Lanka,",44 years 197 days,Right-hand bat,,M Muralitharan,5 ft 7 in,"April 17, 1972, Kandy ",,"St Anthony's Town, Kandy",,Muttiah Muralitharan,Right-arm,offbreak
,"Chennai Super Kings,",34 years 152 days,Right-hand bat,,P Amarnath,,6/1/1982,,,,Palani Amarnath,Right-arm,medium
Allrounder,"India,",33 years 8 days,Right-hand bat,,Joginder Sharma,,"October 23, 1983, Rohtak ",,,,Joginder Sharma,Right-arm,fast-medium
,"India Under-19s,",27 years 319 days,Right-hand bat,,T Kohli,,"December 17, 1988, Jalandhar, Punjab ",,,,Taruwar Sushil Kohli,Right-arm,medium
Allrounder,"India,",33 years 349 days,Right-hand bat,,YK Pathan,,"November 17, 1982, Baroda, Gujarat ",Half-brother - IK Pathan,,,Yusuf Khan Pathan,Right-arm,offbreak
Allrounder,"Australia,",35 years 136 days,Right-hand bat,,SR Watson,1.83 m,"June 17, 1981, Ipswich, Queensland ",,,Watto,Shane Robert Watson,Right-arm,fast-medium
Batsman,"India,",35 years 335 days,Right-hand bat,,M Kaif,,"December 1, 1980, Allahabad, Uttar Pradesh ","Father - M Tarif,",,,Mohammad Kaif,Right-arm,offbreak
Top-order batsman,"Australia,",46 years 269 days,Left-hand bat,,DS Lehmann,1.76 m,"February 5, 1970, Gawler, South Australia ","Brother-in-law - C White,",,Boof,Darren Scott Lehmann,Left-arm,slow
Allrounder,"India,",27 years 330 days,Left-hand bat,,RA Jadeja,,"December 6, 1988, Navagam-Khed, Saurashtra ",,,,Ravindrasinh Anirudhsinh Jadeja,Left-arm,slow
,"Central Zone,",31 years 6 days,Right-hand bat,,M Rawat,,"October 25, 1985, Faridabad ",,,,Mahesh Rawat,,
Bowler,"Cricket Star XI,",33 years 354 days,Right-hand bat,,D Salunkhe,,"November 12, 1982, Mumbai ",,,,Dinesh Salunkhe,,legbreak
Bowler,"Australia,",47 years 48 days,Right-hand bat,,SK Warne,1.83 m,"September 13, 1969, Ferntree Gully, Victoria ",,,Warney,Shane Keith Warne,,legbreak
Bowler,"Air India,",34 years 57 days,Right-hand bat,,SK Trivedi,,"September 4, 1982, Ahmedabad, Gujarat ",,,,Siddharth Kishorkumar Trivedi,Right-arm,medium
Top-order batsman,"India,",35 years 17 days,Left-hand bat,,G Gambhir,,"October 14, 1981, Delhi ",,,,Gautam Gambhir,,legbreak
Top-order batsman,"India,",38 years 11 days,Right-hand bat,,V Sehwag,,"October 20, 1978, Delhi ",,,,Virender Sehwag,Right-arm,offbreak
Opening batsman,"India,",30 years 331 days,Left-hand bat,,S Dhawan,,"December 5, 1985, Delhi ",,,,Shikhar Dhawan,Right-arm,offbreak
Bowler,"Australia,",46 years 265 days,Right-hand bat,,GD McGrath,1.95 m,"February 9, 1970, Dubbo, New South Wales ",,Narromine Primary; Narromine High School,"Pigeon, Millard",Glenn Donald McGrath,Right-arm,fast-medium
Bowler,"Australia,",34 years 140 days,Right-hand bat,,B Geeves,1.85 m,"June 13, 1982, Claremont, Tasmania ",,,Banger,Brett Geeves,Right-arm,fast-medium
Allrounder,"Sri Lanka,",32 years 54 days,Right-hand bat,,MF Maharoof,,"September 7, 1984, Colombo ",,,,Mohamed Farveez Maharoof,Right-arm,fast-medium
Allrounder,"Delhi,",37 years 9 days,Right-hand bat,,R Bhatia,,"October 22, 1979, Delhi ",,,,Rajat Bhatia,Right-arm,medium-fast
Allrounder,"New Zealand,",37 years 278 days,Left-hand bat,,DL Vettori,,"January 27, 1979, Auckland ","Uncle - AJ Hill,",,,Daniel Luca Vettori,Left-arm,slow
Bowler,"India,",33 years 111 days,Right-hand bat,,MM Patel,,"July 12, 1983, Ikhar, Gujarat ",,,,Munaf Musa Patel,Right-arm,medium-fast
Wicketkeeper batsman,"Australia,",35 years 191 days,Right-hand bat,,L Ronchi,1.80 m,"April 23, 1981, Dannevirke, Manawatu, New Zealand ",,,Rock,Luke Ronchi,,
Allrounder,"Sri Lanka,",47 years 123 days,Left-hand bat,,ST Jayasuriya,,"June 30, 1969, Matara ",,,,Sanath Teran Jayasuriya,Left-arm,slow
Top-order batsman,"Hampshire,",38 years 30 days,Right-hand bat,,DJ Thornely,1.97 m,"October 1, 1978, Albury, New South Wales ",,,DT,Dominic John Thornely,Right-arm,medium;offbreak
Batsman,"India,",30 years 355 days,Right-hand bat,,RV Uthappa,,"November 11, 1985, Coorg, Karnataka ",,,,Robin VenUthappa,Right-arm,medium
Wicketkeeper batsman,"Baroda,",28 years 363 days,Right-hand bat,,PR Shah,,"November 3, 1987, Baroda, Gujarat ",,,,Pinal Rohitbhai Shah,,
Allrounder,"India,",33 years 23 days,Left-hand bat,,AM Nayar,,"October 8, 1983, Secunderabad, Hyderabad ",,,,Abhishek Mohan Nayar,Right-arm,medium
Allrounder,"South Africa,",43 years 107 days,Right-hand bat,,SM Pollock,,"July 16, 1973, Port Elizabeth, Cape Province ","Grandfather - AM Pollock,",,,Shaun Maclean Pollock,Right-arm,fast-medium
Bowler,"India,",36 years 120 days,Right-hand bat,,Harbhajan Singh,,"July 3, 1980, Jullundur (now Jalandhar), Punjab ",,,,Harbhajan Singh,Right-arm,offbreak
Batsman,"West Indies,",42 years 76 days,Left-hand bat,,S Chanderpaul,,"August 16, 1974, Unity Village, East Coast, Demerara, Guyana ",Son - T Chanderpaul,,,Shivnarine Chanderpaul,,legbreak
Middle-order batsman,"New Zealand,",32 years 237 days,Right-hand bat,,LRPL Taylor,,"March 8, 1984, Lower Hutt, Wellington ",,,,LuterRoss Poutoa Lote Taylor,Right-arm,offbreak
Bowler,"India,",32 years 262 days,Right-hand bat,,R Vinay Kumar,,"February 12, 1984, Davanagere, Karnataka ",,,,Ranganath Vinay Kumar,Right-arm,medium
Bowler,"India,",37 years 185 days,Right-hand bat,,A Nehra,,"April 29, 1979, Delhi ",,,,Ashish Nehra,Left-arm,medium-fast
Bowler,"India,",27 years 326 days,Right-hand bat,,DS Kulkarni,,"December 10, 1988, Bombay (now Mumbai), Maharashtra ",,,,Dhawal Sunil Kulkarni,Right-arm,medium
Wicketkeeper batsman,"Australia,",44 years 352 days,Left-hand bat,,AC Gilchrist,1.86 m,"November 14, 1971, Bellingen, New South Wales ",,,"Gilly, Churchy",Adam Craig Gilchrist,Right-arm,offbreak
Middle-order batsman,"India,",34 years 248 days,Right-hand bat,,Y Venugopal Rao,,"February 26, 1982, Visakhapatnam, Andhra Pradesh ",Brother - Y Gnaneswara Rao,,,Yalaka Venugopal Rao,Right-arm,offbreak
Top-order batsman,"India,",41 years 365 days,Right-hand bat,,VVS Laxman,,"November 1, 1974, Hyderabad, Andhra Pradesh ",,"Little Flower High School, St. John's School",Very Very Special,VangipurappVenkata Sai Laxman,Right-arm,offbreak
Allrounder,"Australia,",41 years 144 days,Right-hand bat,,A Symonds,1.87 m,"June 9, 1975, Birmingham, Warwickshire, England ",,,Roy,Andrew Symonds,Right-arm,medium;offbreak
Middle-order batsman,"India,",29 years 184 days,Right-hand bat,,RG Sharma,,"April 30, 1987, Bansod, Nagpur, Maharashtra ",,,,Rohit Gurunath Sharma,Right-arm,offbreak
Allrounder,"New Zealand,",41 years 113 days,Right-hand bat,,SB Styris,5 ft 10 in,"July 10, 1975, Brisbane, Queensland, Australia ",,Hamilton Boys High School,"Miley, The Rus",Scott Bernard Styris,Right-arm,medium
Batsman,"Deccan Chargers,",34 years 313 days,Right-hand bat,,AS Yadav,,"December 23, 1981, Palghat (now Palakkad), Kerala ",Father - NS Yadav,,,Arjun Shivlal Yadav,Right-arm,offbreak
,"India,",44 years 20 days,Right-hand bat,,SB Bangar,,"October 11, 1972, Bid, Maharashtra ",,,,Sanjay Bapusaheb Bangar,Right-arm,medium-fast
,"Sri Lanka,",42 years 278 days,Left-hand bat,,WPUJC Vaas,,"January 27, 1974, Mattumagala ",,St. Joseph's Town Maradana,,Warnakulasuriya Patabendige Ushantha Joseph Chaminda Vaas,Left-arm,fast-medium
Bowler,"India,",30 years 330 days,Right-hand bat,,RP Singh,,"December 6, 1985, Rae Bareli, Uttar Pradesh ",,,,Rudra Pratap Singh,Left-arm,fast-medium
Bowler,"India,",30 years 56 days,Left-hand bat,,PP Ojha,,"September 5, 1986, Bhubaneswar, Orissa ",,,,Pragyan Prayash Ojha,Left-arm,slow
Wicketkeeper batsman,"India,",32 years 7 days,Right-hand bat,,WP Saha,,"October 24, 1984, Shaktigarh ",,,,Wriddhiman Prasanta Saha,,
Bowler,"India,",40 years 50 days,Left-hand bat,,M Kartik,6 ft 0 in,"September 11, 1976, Madras (now Chennai), Tamil Nad",,,,Murali Kartik,Left-arm,slow
Batsman,"Sri Lanka,",39 years 157 days,Right-hand bat,,DPMD Jayawardene,,"May 27, 1977, Colombo ",,,,Denagamage Proboth Mahela de Silva Jayawardene,Right-arm,medium
Batsman,"Deccan Chargers,",28 years 356 days,Right-hand bat,,S Sohal,,"November 10, 1987, Mohali, Punjab, India ",,,,Sunny Sohal,,legbreak
Wicketkeeper batsman,"Pakistan,",34 years 292 days,Right-hand bat,,Kamran Akmal,,"January 13, 1982, Lahore, Punjab ","Brother - Adnan Akmal,",,,Kamran Akmal,,
Bowler,"India,",31 years 178 days,Right-hand bat,,Pankaj Singh,,"May 6, 1985, Sultanpur, Uttar Pradesh ",,,,Pankaj Singh,Right-arm,medium-fast
Allrounder,"Pakistan,",36 years 244 days,Right-hand bat,,Shahid Afridi,,"March 1, 1980, Khyber Agency ","Brother - Tariq Afridi,",,,Sahibzada Mohammad Shahid Khan Afridi,,legbreak
Bowler,"Pakistan,",33 years 316 days,Left-hand bat,,Mohammad Asif,,"December 20, 1982, Sheikhupura, Punjab ",,,,Mohammad Asif,Right-arm,fast-medium
Allrounder,"Chennai Super Kings,",28 years 315 days,Right-hand bat,,VY Mahesh,,"December 21, 1987, Madras (now Chennai), Tamil Nad",,,,Vijaykumar Yo Mahesh,Right-arm,medium-fast
Allrounder,"West Indies,",33 years 24 days,Right-hand bat,,DJ Bravo,,"October 7, 1983, Santa Cruz, Trinidad ",Half-brother - DM Bravo,,Johnny,Dwayne John Bravo,Right-arm,medium-fast
,"Mumbai,",36 years 192 days,Right-hand bat,,MA Khote,,"April 22, 1980, Sopra, Thana, Maharashtra ",,,,Musavir Asmat Khote,Right-arm,medium
,"Mumbai,",31 years 191 days,Right-hand bat,,VS Yeligati,,"April 23, 1985, Bombay (now Mumbai), Maharashtra ",,,,Vikrant Shyam Yeligati,Right-arm,offbreak
Opening batsman,"South Africa,",35 years 273 days,Left-hand bat,,GC Smith,,"February 1, 1981, Johannesburg, Transvaal ",,,,Graeme Craig Smith,Right-arm,offbreak
,"Andhra,",32 years 320 days,Right-hand bat,,D Kalyankrishna,,"December 16, 1983, Vijayawada ",,,,Doddapaneni Kalyankrishna,Right-arm,medium-fast
Batsman,"West Indies,",36 years 130 days,Right-hand bat,,RR Sarwan,,"June 23, 1980, Wakenaam Island, Essequibo, Guyana ",,,,Ramnaresh Ronnie Sarwan,,legbreak
,"India,",32 years 44 days,Right-hand bat,,VRV Singh,,"September 17, 1984, Chandigarh, Punjab, India ",,,,Vikram Raj Vir Singh,Right-arm,medium-fast
Top-order batsman,"India,",26 years 306 days,Left-hand bat,,SS Tiwary,,"December 30, 1989, Jamshedpur, Bihar ",,,,Saurabh Sunil Tiwary,,
Bowler,"Pakistan,",31 years 324 days,Left-hand bat,,Sohail Tanvir,,"December 12, 1984, Rawalpindi, Punjab ",,,,Sohail Tanvir,Left-arm,medium-fast
,"India,",46 years 14 days,Right-hand bat,,A Kumble,,"October 17, 1970, Bangalore, Karnataka ",,,,Anil Kumble,,legbreak
Top-order batsman,"India,",28 years 147 days,Right-hand bat,,AM Rahane,,"June 6, 1988, Ashwi-KD, Maharashtra ",,,,Ajinkya Madhukar Rahane,Right-arm,medium
,"Sri Lanka,",38 years 171 days,Left-hand bat,,DNT Zoysa,,"May 13, 1978, Colombo ",,,,Demuni Nuwan Tharanga Zoysa,Left-arm,fast-medium
Batsman,"Kings XI Punjab,",29 years 178 days,Right-hand bat,,SD Chitnis,,"May 6, 1987, Bombay (now Mumbai), Maharashtra ",,,,Siddharth Dilip Chitnis,Right-arm,offbreak
Middle-order batsman,"Pakistan,",34 years 273 days,Right-hand bat,,Shoaib Malik,,"February 1, 1982, Sialkot, Punjab ",Brother - Adeel Malik,,,Shoaib Malik,Right-arm,offbreak
Batsman,"India,",30 years 352 days,Right-hand bat,,MK Tiwary,,"November 14, 1985, Howrah, Bengal ",,,,Manoj Kumar Tiwary,,legbreak
Wicketkeeper batsman,"India,",31 years 152 days,Right-hand bat,,KD Karthik,,"June 1, 1985, Madras (now Chennai), Tamil Nad",,,,Krishnakumar Dinesh Karthik,,
Top-order batsman,"Deccan Chargers,",26 years 359 days,Left-hand bat,,TM Srivastava,,"November 7, 1989, Kanpur, Uttar Pradesh ",,,,Tanmay Manoj Srivastava,Right-arm,medium
Batsman,"Deccan Chargers,",33 years 278 days,Right-hand bat,,B Chipli,,"January 27, 1983, Sagar, Shivmoga, Karantaka ",,,,Bharat Chipli,Right-arm,medium
Bowler,"South Africa,",33 years 126 days,Right-hand bat,,DW Steyn,,"June 27, 1983, Phalaborwa ",,,,Dale Willem Steyn,Right-arm,fast
Bowling allrounder,"South Africa,",35 years 143 days,Left-hand bat,,JA Morkel,,"June 10, 1981, Vereeniging, Transvaal ","Father - A Morkel,",,,Johannes Albertus Morkel,Right-arm,medium-fast
,"Bengal,",30 years 39 days,Right-hand bat,,DB Das,,"September 22, 1986, Siliguri, Bengal ",,,,Debabrata Baidya Das,,legbreak
Top-order batsman,"India,",27 years 51 days,Right-hand bat,,MK Pandey,,"September 10, 1989, Nainital, Uttaranchal ",,,,Manish Krishnanand Pandey,Right-arm,medium
Bowler,"Sri Lanka,",37 years 104 days,Right-hand bat,,CRD Fernando,,"July 19, 1979, Colombo ",,,,Congenige Randhi Dilhara Fernando,Right-arm,fast-medium
,"South Africa,",42 years 251 days,Right-hand bat,,HH Gibbs,,"February 23, 1974, Green Point, Cape Town, Cape Province ",,,,Herschelle Herman Gibbs,Right-arm,
Top-order batsman,"Australia,",33 years 114 days,Left-hand bat,,SE Marsh,1.84 m,"July 9, 1983, Narrogin, Western Australia ","Father - GR Marsh,",,Sos,Shaun Edward Marsh,Left-arm,slow
,"India Green,",35 years 28 days,Right-hand bat,,Gagandeep Singh,,"October 3, 1981, Ludhiana, Punjab ",,,,Gagandeep Singh,Right-arm,medium-fast
Batsman,"Goa,",32 years 216 days,Right-hand bat,,SA Asnodkar,,"March 29, 1984, Porvorim, Goa, India ",,,,Swapnil Ashok Asnodkar,Right-arm,offbreak
Batsman,"Pakistan,",32 years 24 days,Left-hand bat,,Salman Butt,,"October 7, 1984, Lahore, Punjab ",,,,Salman Butt,Right-arm,offbreak
Top-order batsman,"Australia,",41 years 307 days,Right-hand bat,,BJ Hodge,1.78 m,"December 29, 1974, Sandringham, Victoria ",,,"Hodgey, Dodgeball",Bradley John Hodge,Right-arm,offbreak
Bowler,"Pakistan,",32 years 200 days,Right-hand bat,,Umar Gul,,"April 14, 1984, Peshawar, North-Western Frontier Province ",,,,Umar Gul,Right-arm,fast-medium
Top-order batsman,"New Zealand,",43 years 213 days,Left-hand bat,,SP Fleming,,"April 1, 1973, Christchurch, Canterbury ",,,,Stephen Paul Fleming,,
,"Chennai Super Kings,",34 years 333 days,Left-hand bat,,S Vidyut,,"December 3, 1981, Madras (now Chennai), Tamil Nad","Father - V Sivaramakrishnan,",,,Vidyut Sivaramakrishnan,Left-arm,slow
Wicketkeeper batsman,"South Africa,",32 years 257 days,Right-hand bat,,AB de Villiers,,"February 17, 1984, Pretoria ",,,,Abraham Benjamin de Villiers,Right-arm,medium
Bowler,"Delhi,",25 years 361 days,Right-hand bat,,PJ Sangwan,,"November 5, 1990, Rasiwas, Delhi ",,,,Pradeep Jaibeer Sangwan,Left-arm,medium
,"South Africa,",39 years 117 days,Right-hand bat,,M Ntini,,"July 6, 1977, Mdingi, nr King William's Town, Cape Province ",,,,Makhaya Ntini,Right-arm,fast
Batsman,"Sri Lanka,",36 years 322 days,Right-hand bat,,LPC Silva,,"December 14, 1979, Panadura ",,,,Lindamlilage Prageeth Chamara Silva,,legbreak
Batsman,"Deccan Chargers,",29 years 56 days,Right-hand bat,,DB Ravi Teja,,"September 5, 1987, Kakinada, Andhra Pradesh ",,,,Dwaraka Bhamidipati Ravi Teja,,legbreak
,"Andhra,",30 years 11 days,Right-hand bat,,DP Vijaykumar,,"October 20, 1986, Paidikalva, Andhra Pradesh ",,,,David Paidikalva Vijaykumar,Right-arm,medium
Middle-order batsman,"Pakistan,",42 years 156 days,Right-hand bat,,Misbah-ul-Haq,,"May 28, 1974, Mianwali, Punjab ",,,,Misbah-ul-Haq Khan Niazi,,legbreak
,"Maharashtra,",31 years 361 days,Right-hand bat,,YV Takawale,,"November 5, 1984, Pune, Maharashtra ",,,,Yogesh Vijay Takawale,,
,"Mumbai,",30 years 58 days,Right-hand bat,,RR Raje,,"September 3, 1986, Neral, Maharashtra ",,,,Rohan Ravindra Raje,Right-arm,fast-medium
,"Karnataka,",31 years 330 days,Right-hand bat,,DT Patil,,12/6/1984,,,,Devraj Thyagaraj Patil,,
Top-order batsman,"Chennai Super Kings,",29 years 200 days,Right-hand bat,,S Anirudha,,"April 14, 1987, Madras (now Chennai), Tamil Nad","Father - K Srikkanth,",,,Srikkanth Anirudha,,
Middle-order batsman,"Sri Lanka,",29 years 250 days,Right-hand bat,,CK Kapugedera,,"February 24, 1987, Kandy ",,,Kapu,Chamara Kantha Kapugedera,Right-arm,medium
Bowler,"India,",35 years 34 days,Right-hand bat,,L Balaji,,"September 27, 1981, Madras (now Chennai), Tamil Nad",,,,Lakshmipathy Balaji,Right-arm,medium-fast
Batsman,"India,",39 years 42 days,Right-hand bat,,A Chopra,,"September 19, 1977, Agra, Uttar Pradesh ",,,,Aakash Chopra,Right-arm,medium;offbreak
Wicketkeeper batsman,"Namibia,",33 years 170 days,Right-hand bat,,T Taibu,5 ft 5 in,"May 14, 1983, Harare ",Brother - KJ Taibu,Churchill Boys High School,,Tatenda Taibu,Right-arm,medium
,"Belagavi Panthers,",41 years 287 days,Right-hand bat,,J Arunkumar,,"January 18, 1975, Bangalore, Karnataka ",,,,Jagadeesh Arunkumar,Right-arm,offbreak
Wicketkeeper batsman,"Bengal,",27 years 166 days,Left-hand bat,,SP Goswami,,"May 18, 1989, Calcutta (now Kolkata), Bengal ",,,,Shreevats Pratyush Goswami,,
Top-order batsman,"India,",43 years 190 days,Right-hand bat,,SR Tendulkar,5 ft 5 in,"April 24, 1973, Bombay (now Mumbai), Maharashtra ",,Sharadashram Vidyamandir School,"Tendlya, Little Master",Sachin Ramesh Tendulkar,Right-arm,(offbreak;legbreak)
Allrounder,"West Indies,",33 years 202 days,Right-hand bat,,DR Smith,,"April 12, 1983, Storey Gap, Codrington Hill, St Michael, Barbados ",,,,Dwayne Romel Smith,Right-arm,medium
Wicketkeeper,"India A,",28 years 334 days,Left-hand bat,,Kaul,,"December 2, 1987, Kangra, Himachal Pradesh ",Brother - S Kaul,,,Uday Kaul,,
Allrounder,"Sri Lanka,",40 years 17 days,Right-hand bat,,TM Dilshan,,"October 14, 1976, Kalutara ",Brother - TN Sampath,,,Tillakaratne Mudiyanselage Dilshan,Right-arm,offbreak
Bowler,"India,",33 years 342 days,Right-hand bat,,A Mishra,,"November 24, 1982, Delhi ",,,,Amit Mishra,,legbreak
Allrounder,"England,",39 years 1 days,Right-hand bat,,AD Mascarenhas,6 ft 1 in,"October 30, 1977, Chiswick, Middlesex ",,"Trinity College, Perth",Dimi,Adrian Dimitri Mascarenhas,Right-arm,fast-medium
,"Air India,",35 years 219 days,Left-hand bat,,NK Patel,,"March 26, 1981, Ahmedabad, Gujarat ",,,,Niraj Kanubhai Patel,,
Batsman,"Australia,",32 years 33 days,Left-hand bat,,LA Pomersbach,1.78 m,"September 28, 1984, Bentley, Perth, Western Australia ",,,Pomers,Luke Anthony Pomersbach,Right-arm,offbreak
Allrounder,"India A,",26 years 334 days,Left-hand bat,,Iqbal Abdulla,,"December 2, 1989, Azamgarh ",,,,Sayed Iqbal Abdulla,Left-arm,slow
Bowler,"Pakistan,",41 years 79 days,Right-hand bat,,Shoaib Akhtar,,"August 13, 1975, Rawalpindi, Punjab ",,,,Shoaib Akhtar,Right-arm,fast
Middle-order batsman,"Pakistan,",38 years 337 days,Right-hand bat,,Younis Khan,,"November 29, 1977, Mardan, North-West Frontier Province (now Khyber Pakhtunkhwa) ",,,,Mohammad Younis Khan,Right-arm,medium;legbreak
Bowler,"India,",38 years 164 days,Right-hand bat,,RR Powar,,"May 20, 1978, Bombay (now Mumbai), Maharashtra ",Brother - KR Powar,,,Ramesh Rajaram Powar,Right-arm,offbreak
,"Deccan Chargers,",27 years 188 days,Right-hand bat,,PM Sarvesh Kumar,,"April 26, 1989, Hyderabad, Andhra Pradesh ",,,,PM Sarvesh Kumar,Right-arm,medium
Bowler,"Bangladesh,",34 years 138 days,Left-hand bat,,Abdur Razzak,,"June 15, 1982, Khulna ",,,,Abdur Razzak,Left-arm,slow
,"Deccan Chargers,",29 years 326 days,Right-hand bat,,H Das,,"December 10, 1986, Dhankanal, Orissa ",,,,Halhadar Das,,
,"South Africa,",39 years 108 days,Right-hand bat,,A Nel,,"July 15, 1977, Germiston, Transvaal ",,,,Andre Nel,Right-arm,fast-medium
Top-order batsman,"India,",26 years 299 days,Left-hand bat,,A Mukund,,"January 6, 1990, Madras (now Chennai), Tamil Nad",,,,Abhinav Mukund,,legbreak
Bowler,"Sri Lanka,",31 years 234 days,Right-hand bat,,BAW Mendis,,"March 11, 1985, Moratuwa ",,,,Balapuwaduge Ajantha Winslow Mendis,Right-arm,offbreak;legbreak
Batting allrounder,"South Africa,",32 years 200 days,Left-hand bat,,JP Duminy,,"April 14, 1984, Strandfontein, Cape Town, Cape Province ",,,,Jean-Paul Duminy,Right-arm,offbreak
Allrounder,"England,",38 years 330 days,Right-hand bat,,A Flintoff,6 ft 4 in,"December 6, 1977, Preston, Lancashire ",,Ribbleton Hall High school,Freddie,Andrew Flintoff,Right-arm,fast-medium
Bowler,"Sri Lanka,",35 years 244 days,Left-hand bat,,T Thushara,,"March 1, 1981, Balapitiya ",,,,Magina Thilan Thushara Mirando,Left-arm,fast-medium
Bowler,"Sri Lanka,",33 years 64 days,Right-hand bat,,SL Malinga,,"August 28, 1983, Galle ",,,,SeparamadLasith Malinga,Right-arm,fast
Allrounder,"Ireland,",32 years 86 days,Left-hand bat,,JD Ryder,,"August 6, 1984, Masterton, Wellington ",,Napier Boys High,,Jesse Daniel Ryder,Right-arm,medium
Top-order batsman,"England,",36 years 126 days,Right-hand bat,,KP Pietersen,6 ft 4 in,"June 27, 1980, Pietermaritzburg, Natal ",,"Maritzburg College, University of SA","KP, Kelves, Kapes, Kev",Kevin Peter Pietersen,Right-arm,offbreak
Bowler,"South Africa,",42 years 91 days,Right-hand bat,,T Henderson,6 ft 2 in,"August 1, 1974, Durban, Natal ","Grandfather - JK Henderson,",,The Blacksmith,Tyron Henderson,Right-arm,fast-medium
Bowler,"Colts Cricket Club,",25 years 235 days,Left-hand bat,,Kamran Khan,,"March 10, 1991, Azamgarh, Uttar Pradesh ",,,,Kamran Khan,Left-arm,medium-fast
Middle-order batsman,"England,",31 years 180 days,Right-hand bat,,RS Bopara,5 ft 10 in,"May 4, 1985, Forest Gate, London ",,Brampton Manor School,Puppy,Ravinder Singh Bopara,Right-arm,medium
Bowler,"Australia,",40 years 168 days,Right-hand bat,,DP Nannes,1.88 m,"May 16, 1976, Mount Waverley, Melbourne, Victoria ",,,Diggler,Dirk Peter Nannes,Left-arm,fast
Bowler,"India,",35 years 11 days,Right-hand bat,,AM Salvi,,"October 20, 1981, Bombay (now Mumbai), Maharashtra ",,,,Aavishkar Madhav Salvi,Right-arm,medium
Bowler,"South Africa,",33 years 288 days,Left-hand bat,,YA Abdulla,,"January 17, 1983, Johannesburg, Transvaal ",,,,Yusuf Adam Abdulla,Left-arm,fast-medium
Bowler,"Himachal Pradesh,",33 years 175 days,Right-hand bat,,VS Malik,,"May 9, 1983, Vishakapatnam (Andhra) ",,,,Vikramjeet Singh Malik,Right-arm,medium
Allrounder,"West Indies,",37 years 40 days,Left-hand bat,,CH Gayle,,"September 21, 1979, Kingston, Jamaica ",,,,Christopher Henry Gayle,Right-arm,offbreak
Allrounder,"Australia,",29 years 273 days,Right-hand bat,,MC Henriques,1.87 m,"February 1, 1987, Funchal, Portugal ",,,Moey,Moises Constantino Henriques,Right-arm,fast-medium
Bowler,"West Indies,",34 years 268 days,Right-hand bat,,FH Edwards,,"February 6, 1982, Gays, St Peter, Barbados ",Half-brother - PT Collins,,,Fidel Henderson Edwards,Right-arm,fast
Bowler,"Deccan Chargers,",29 years 22 days,Right-hand bat,,Harmeet Singh,,"October 9, 1987, Jodhpur, Rajasthan ",,,,Harmeet Singh Bansal,Right-arm,medium
,"Rajasthan,",29 years 23 days,Right-hand bat,,R Bishnoi,,"October 8, 1987, Bikaner ",,,,Rajesh Bishnoi,Right-arm,medium-fast
Bowler,"India,",29 years 8 days,Left-hand bat,,KV Sharma,,"October 23, 1987, Meerut, Uttar Pradesh ",,,,Karn Vinod Sharma,,legbreak
Batsman,"Air India,",32 years 329 days,Right-hand bat,,PC Valthaty,,"December 7, 1983, Bombay (now Mumbai), Maharashtra ",,,,Paul Chandrashekar Valthaty,Right-arm,medium
Batsman,"Australia,",34 years 72 days,Left-hand bat,,RJ Quiney,1.93 m,"August 20, 1982, Brighton, Victoria ",,,,Robert John Quiney,Right-arm,medium
Allrounder,"Maharashtra,",29 years 242 days,Right-hand bat,,AS Raut,,"March 3, 1987, Jaipur Road, Maharashtra ",,,,Abhishek Santosh Raut,,legbreak
Batsman,"Kochi Tuskers Kerala,",34 years 339 days,Right-hand bat,,Yashpal Singh,,"November 27, 1981, Delhi ",,,,Yashpal Singh,Right-arm,medium
Bowler,"Central Zone,",28 years 243 days,Right-hand bat,,Anureet Singh,,3/2/1988,,,,Kathuria Anureet Singh,Right-arm,medium
,"India,",37 years 247 days,Right-hand bat,,RR Bose,,"February 27, 1979, Calcutta (now Kolkata), Bengal ",,,,Ranadeb Ranjit Bose,Right-arm,fast-medium
Allrounder,"Chennai Super Kings,",37 years 19 days,Right-hand bat,,M Manhas,,"October 12, 1979, Jamm",,,,Mithun Manhas,Right-arm,offbreak
,"Karnataka,",27 years 316 days,Right-hand bat,,KP Appanna,,"December 20, 1988, Kodagu, Karnataka ",,,,Kotarangada PrabhAppanna,Left-arm,slow
,"Baroda,",30 years 153 days,Right-hand bat,,AA Bilakhia,,"May 31, 1986, Mohwa, Bhavnagar, Gujarat ",,,,Azharuddin Anjum Bilakhia,Right-arm,medium
,"Deccan Chargers,",28 years 347 days,Right-hand bat,,Shoaib Ahmed,,"November 19, 1987, Hyderabad, Andhra Pradesh ",,,,Syed Mohammad Shoaib Ahmed,Right-arm,fast-medium
Batsman,"Bengal,",30 years 12 days,Right-hand bat,,AN Ghosh,,"October 19, 1986, Barasat, Kolkatta ",,,,Arindam Nanigopal Ghosh,Right-arm,medium
Wicketkeeper batsman,"South Africa,",37 years 225 days,Right-hand bat,,MN van Wyk,,"March 20, 1979, Bloemfontein, Orange Free State ",Brother - DJ van Wyk,,,Morne Nico van Wyk,Left-arm,slow
Allrounder,"Netherlands,",31 years 305 days,Right-hand bat,,RE van der Merwe,,"December 31, 1984, Johannesburg, Transvaal ",,Waterkloof,,Roelof Erasmus van der Merwe,Left-arm,slow
Batsman,"Deccan Chargers,",32 years 321 days,Right-hand bat,,TL Suman,,"December 15, 1983, Hyderabad, Andhra Pradesh ",,,,Tirumalasetti Laxminarayana Suman,Right-arm,offbreak
Bowler,"India,",29 years 44 days,Right-hand bat,,S Tyagi,,"September 17, 1987, Ghaziabad, Uttar Pradesh ",,,,Sudeep Tyagi,Right-arm,medium
,"England,",36 years 299 days,Right-hand bat,,GR Napier,5 ft 10 in,"January 6, 1980, Colchester, Essex ",,"Gilberd School, Colchester",Plank,Graham Richard Napier,Right-arm,medium
Allrounder,"Beenleigh-Logan,",40 years 349 days,Left-hand bat,,LA Carseldine,1.87 m,"November 17, 1975, Nambour, Queensland ",,,,Lee Andrew Carseldine,Left-arm,medium
Wicketkeeper batsman,"India,",33 years 103 days,Right-hand bat,,NV Ojha,,"July 20, 1983, Ujjain, Madhya Pradesh ",,,,Naman Vinaykumar Ojha,,
Bowler,"Australia,",42 years 244 days,Right-hand bat,,SM Harwood,1.83 m,"March 1, 1974, Ballarat, Victoria ",,,Stickers,Shane Michael Harwood,Right-arm,fast-medium
Opening batsman,"India,",32 years 213 days,Right-hand bat,,M Vijay,,"April 1, 1984, Chennai ",,,,Murali Vijay,Right-arm,offbreak
Bowler,"Chennai Super Kings,",35 years 339 days,Left-hand bat,,SB Jakati,,"November 27, 1980, Vasco da Gama, Goa ",,,,Shadab Bashir Jakati,Left-arm,slow
Opening batsman,"Australia,",30 years 4 days,Left-hand bat,,DA Warner,1.70 m,"October 27, 1986, Paddington, New South Wales ",,,Lloyd,David Andrew Warner,,legbreak
,"Eagles,",34 years 358 days,Right-hand bat,,D dPreez,,"November 8, 1981, Port Elizabeth, Cape Province ",,,,Dillon dPreez,Right-arm,fast-medium
Bowler,"Australia,",37 years 20 days,Right-hand bat,,RJ Harris,5 ft 10 in,"October 11, 1979, Sydney, New South Wales ",,,Ryano,Ryan James Harris,Right-arm,fast
Bowler,"Gujarat,",35 years 132 days,Right-hand bat,,A Singh,,"June 21, 1981, Bidar, Karnataka ",,,,Amit Singh,Right-arm,medium-fast
Bowler,"South Africa,",32 years 25 days,Left-hand bat,,M Morkel,,"October 6, 1984, Vereeniging, Transvaal ","Father - A Morkel,",,,Morne Morkel,Right-arm,fast
Bowler,"India,",27 years 6 days,Right-hand bat,,A Mithun,,"October 25, 1989, Bangalore ",,,,AbhimanyMithun,Right-arm,medium
,"India,",37 years 216 days,Right-hand bat,,C Nanda,,"March 29, 1979, Delhi ",,,,Chetanya Nanda,,legbreak
,"Bengal,",31 years 321 days,Right-hand bat,,SS Sarkar,,"December 15, 1984, Calcutta (now Kolkata), Bengal ",,,,Sourav Subrata Sarkar,Right-arm,medium
Allrounder,"Sri Lanka,",29 years 151 days,Right-hand bat,,AD Mathews,,"June 2, 1987, Colombo ",,,,Angelo Davis Mathews,Right-arm,fast-medium
Allrounder,"South Africa,",34 years 182 days,Right-hand bat,,J Botha,,"May 2, 1982, Johannesburg, Transvaal ",,,,Johan Botha,Right-arm,offbreak
Bowler,"Bangladesh,",33 years 26 days,Right-hand bat,,Mashrafe Mortaza,,"October 5, 1983, Norail, Jessore ",,,,Mashrafe Bin Mortaza,Right-arm,fast-medium
Bowler,"Deccan Chargers,",27 years 57 days,Right-hand bat,,Jaskaran Singh,,"September 4, 1989, Mohali, Punjab ",,,,Jaskaran Singh Buttar,Right-arm,medium
Top-order batsman,"Australia,",34 years 54 days,Right-hand bat,,GJ Bailey,1.78 m,"September 7, 1982, Launceston, Tasmania ",,,Hector,George John Bailey,Right-arm,medium
Allrounder,"Australia,",35 years 148 days,Right-hand bat,,AB McDonald,1.94 m,"June 5, 1981, Wodonga, Victoria ",Brother - BG McDonald,,Ronnie,Andrew Barry McDonald,Right-arm,fast-medium
Allrounder,"Delhi,",26 years 299 days,Right-hand bat,,Y Nagar,,"January 6, 1990, Wazirabad, Delhi ",,,,Yogesh Nagar,Right-arm,offbreak
,"Kolkata Knight Riders,",29 years 287 days,Right-hand bat,,SS Shaikh,,"January 18, 1987, Bombay (now Mumbai), Maharashtra ",,,,Shoaib Shabbir Shaikh,Right-arm,medium
Bowler,"South Africa,",41 years 319 days,Right-hand bat,,CK Langeveldt,,"December 17, 1974, Stellenbosch, Cape Province ",,,,Charl Kenneth Langeveldt,Right-arm,fast-medium
Bowling allrounder,"India,",30 years 44 days,Right-hand bat,,R Ashwin,,"September 17, 1986, Madras (now Chennai), Tamil Nad",,,,Ravichandran Ashwin,Right-arm,offbreak
Middle-order batsman,"Bangladesh,",32 years 116 days,Right-hand bat,,Mohammad Ashraful,,"July 7, 1984, Dhaka ",,,,Mohammad Ashraful,Right-arm,offbreak;legbreak
,Mumbai,31 years 141 days,Left-hand bat,,RA Shaikh,,6/12/1985,,,,Rahil Akhil Ahmed Shaikh,Left-arm,medium
Top-order batsman,"India,",28 years 280 days,Right-hand bat,,CA Pujara,,"January 25, 1988, Rajkot, Gujarat ","Father - AS Pujara,",,,Cheteshwar Arvind Pujara,,legbreak
Batsman,"England,",38 years 9 days,Right-hand bat,,OA Shah,6 ft 1 in,"October 22, 1978, Karachi, Sind, Pakistan ",,Isleworth & Syon School,Ace,Owais Alam Shah,Right-arm,offbreak
,"Deccan Chargers,",36 years 90 days,Left-hand bat,,Anirudh Singh,,"August 2, 1980, Hyderabad, Andhra Pradesh ",,,,Anirudh Singh,Right-arm,medium
Wicketkeeper,"India A,",28 years 359 days,Right-hand bat,,AP Tare,,"November 7, 1987, Bombay (now Mumbai), Maharashtra ",,,,Aditya Prakash Tare,,
Middle-order batsman,"India,",31 years 38 days,Right-hand bat,,AT Rayudu,,"September 23, 1985, Guntur, Andhra Pradesh ",,,,Ambati Thirupathi Rayudu,Right-arm,offbreak
Allrounder,"Assam,",35 years 291 days,Right-hand bat,,R Sathish,,"January 14, 1981, Trichy (now Tiruchchirappali), Tamil Nad",,,,Rajagopal Sathish,Right-arm,medium
Allrounder,"South Africa,",33 years 265 days,Left-hand bat,,R McLaren,,"February 9, 1983, Kimberley, Cape Province ","Father - P McLaren,",,,Ryan McLaren,Right-arm,medium-fast
Batsman,"Bengal,",33 years 335 days,Right-hand bat,,AA Jhunjhunwala,,"December 1, 1982, Calcutta (now Kolkata), Bengal ",,,,Abhishek Arunkumar Jhunjhunwala,Right-arm,offbreak
Batsman,"Gujarat Lions,",31 years 347 days,Right-hand bat,,P Dogra,,"November 19, 1984, Palampur, Himachal Pradesh ",,,,Paras Dogra,,legbreak
,"Chandigarh Lions,",34 years 345 days,Left-hand bat,,A Uniyal,,"November 21, 1981, Chandigarh ",,,,Amit Uniyal,Left-arm,medium
Bowler,"Australia,",33 years 252 days,Right-hand bat,,SW Tait,1.93 m,"February 22, 1983, Bedford Park, Adelaide, South Australia ",,,Sloon,Shaun William Tait,Right-arm,fast
Bowler,"Central Zone,",26 years 304 days,Left-hand bat,,AG Murtaza,,"January 1, 1990, Allahabad, Uttar Pradesh ",,,,Ali Ghulam Murtaza,Left-arm,slow
Wicketkeeper,"Deccan Chargers,",31 years 309 days,Right-hand bat,,MS Bisla,,"December 27, 1984, Hisar, Haryana ",,,,Manvinder Sultansingh Bisla,,
Middle-order batsman,"England,",30 years 51 days,Left-hand bat,,EJG Morgan,5 ft 9 in,"September 10, 1986, Dublin ",,Catholic University School,Moggie,Eoin Joseph Gerard Morgan,Right-arm,medium
,"India,",40 years 254 days,Left-hand bat,,RS Gavaskar,,"February 20, 1976, Kanpur, Uttar Pradesh ","Great-uncle - MK Mantri,",,,Rohan Sunil Gavaskar,Left-arm,slow
,"South Africa,",39 years 29 days,Right-hand bat,,JM Kemp,,"October 2, 1977, Queenstown, Cape Province ","Grandfather - JM Kemp,",,,Justin Miles Kemp,Right-arm,fast-medium
Bowler,"Delhi Daredevils,",30 years 113 days,Right-hand bat,,S Ladda,,"July 10, 1986, Patiala ",,,,Sarabjit Ladda,,legbreak
Allrounder,"Chandigarh Lions,",33 years 33 days,Left-hand bat,,Bipul Sharma,,"September 28, 1983, Amritsar, Punjab ",,,,Bipul Sharma,Left-arm,slow
Bowler,"New Zealand,",41 years 146 days,Right-hand bat,,SE Bond,,"June 7, 1975, Christchurch, Canterbury ",,,,Shane Edward Bond,Right-arm,fast
Allrounder,"West Indies,",29 years 172 days,Right-hand bat,,KA Pollard,,"May 12, 1987, Tacarigua, Trinidad ",,,,Kieron Adrian Pollard,Right-arm,medium-fast
Top-order batsman,"England,",36 years 262 days,Left-hand bat,,MJ Lumb,6 ft 0 in,"February 12, 1980, Johannesburg, Transvaal, South Africa ",Father - RG Lumb,St Stithians College,Joe,Michael John Lumb,Right-arm,medium
Top-order batsman,"Australia,",45 years 10 days,Right-hand bat,,DR Martyn,1.81 m,"October 21, 1971, Darwin, Northern Territory ",,,Marto,Damien Richard Martyn,Right-arm,medium
Allrounder,"Delhi,",34 years 198 days,Left-hand bat,,S Narwal,,"April 16, 1982, Chirao, Karnal, Haryana ",,,,Sumit Narwal,Right-arm,medium
Bowler,"India,",29 years 6 days,Right-hand bat,,UT Yadav,,"October 25, 1987, Nagpur, Maharashtra ",,,,Umeshkumar Tilak Yadav,Right-arm,fast-medium
Opening batsman,"West Indies,",26 years 200 days,Right-hand bat,,AB Barath,,"April 14, 1990, Chaguanas, Trinidad ",,,,Adrian Boris Barath,Right-arm,offbreak
Bowler,"Delhi Giants,",35 years 39 days,Right-hand bat,,SJ Srivastava,,"September 22, 1981, Allahabad, Uttar Pradesh ",,,,Shalabh Jagdishprasad Srivastava,Left-arm,fast-medium
Opening batsman,"India,",31 years 54 days,Left-hand bat,,FY Fazal,,"September 7, 1985, Nagpur, Maharashtra ",,,,Faiz Yakub Fazal,Right-arm,medium
Top-order batsman,"Australia,",37 years 27 days,Right-hand bat,,AC Voges,1.85 m,"October 4, 1979, Subiaco, Perth, Western Australia ",,,"Kenny, Hank",Adam Charles Voges,Left-arm,slow
Batsman,"Deccan Chargers,",32 years 265 days,Right-hand bat,,MD Mishra,,"February 9, 1984, Bhopal, Madhya Pradesh ",,,,Mohnish Dinesh Mishra,Right-arm,offbreak
Bowler,"India,",29 years 336 days,Right-hand bat,,R Sharma,,"November 30, 1986, Jalandhar ",,,,Rahul Sharma,,legbreak
Bowler,"South Africa,",31 years 99 days,Right-hand bat,,J Theron,,"July 24, 1985, Potchefstroom ",,,,Juan Theron,Right-arm,medium-fast
Allrounder,"Sri Lanka,",27 years 211 days,Left-hand bat,,NLTC Perera,6 ft 1 in,"April 3, 1989, Colombo ",,"St. Joseph's Town, Maradana",,Narangoda Liyanaarachchilage Thisara Chirantha Perera,Right-arm,medium-fast
Allrounder,"India,",24 years 318 days,Right-hand bat,,Mandeep Singh,,"December 18, 1991, Jalandhar, Punjab ",,,,Mandeep Singh,Right-arm,medium
Batsman,"India,",31 years 219 days,Right-hand bat,,KM Jadhav,,"March 26, 1985, Pune, Maharashtra ",,,,Kedar Mahadav Jadhav,Right-arm,offbreak
Batsman,"Badureliya Sports Club,",30 years 259 days,Right-hand bat,,KB Arun Karthik,,"February 15, 1986, Walajapet, Tamil Nad",,,,Konda Bhaskir Arun Karthik,,legbreak
Bowler,"West Indies,",28 years 123 days,Right-hand bat,,KAJ Roach,,"June 30, 1988, St. Lucy, Barbados ",,,,Kemar Andre Jamal Roach,Right-arm,fast
Allrounder,"England,",40 years 158 days,Right-hand bat,,PD Collingwood,5 ft 11 in,"May 26, 1976, Shotley Bridge, Co Durham ",,Blackfyne Comprehensive School,Colly,Paul David Collingwood,Right-arm,medium
,"Chennai Super Kings,",35 years 143 days,Right-hand bat,,C Ganapathy,,6/10/1981,,,,Chandrasekar Ganapathy,Right-arm,medium
,"Gujarat,",28 years 202 days,Right-hand bat,,MB Parmar,,"April 12, 1988, Gandhinagar, Gujarat ",,,,Mohnish Bipinbhai Parmar,Right-arm,offbreak
Allrounder,"Australian Institute of Sports,",28 years 22 days,Left-hand bat,,SB Wagh,,"October 9, 1988, Chikhli ",,,,Shrikant Bhaskar Wagh,Left-arm,medium-fast
Bowler,"Australia,",35 years 99 days,Left-hand bat,,DE Bollinger,1.92 m,"July 24, 1981, Baulkham Hills, Sydney, New South Wales ",,,Eagle,Douglas Erwin Bollinger,Left-arm,fast-medium
Bowler,"India,",25 years 13 days,Right-hand bat,,JD Unadkat,,"October 18, 1991, Porbandar ",,,,Jaydev Dipakbhai Unadkat,Left-arm,medium
Bowler,"Maharashtra,",29 years 22 days,Right-hand bat,,AP Dole,,"October 9, 1987, Pimpri, Maharashtra ",,,,Aditya Pradip Dole,Right-arm,medium-fast
Bowler,"Assam,",27 years 361 days,Right-hand bat,,AN Ahmed,,"November 5, 1988, Guwahati, Assam ",,,,AbNechim Ahmed,Right-arm,medium-fast
Top-order batsman,"Australia,",25 years 11 days,Right-hand bat,,MR Marsh,,"October 20, 1991, Attadale, Perth ","Father - GR Marsh,",,,Mitchell Ross Marsh,Right-arm,medium
,"India,",36 years 13 days,Right-hand bat,,RS Sodhi,,"October 18, 1980, Patiala, Punjab ",,,,Reetinder Singh Sodhi,Right-arm,medium
Bowler,"Chandigarh Lions,",33 years 333 days,Right-hand bat,,L Ablish,,"December 3, 1982, Ludhiana, Punjab ",,,,Love Ablish,Right-arm,medium-fast
Middle-order batsman,"India,",40 years 253 days,Left-hand bat,,S Sriram,,"February 21, 1976, Madras (now Chennai), Tamil Nad",,,,Sridharan Sriram,Left-arm,slow
Middle-order batsman,"Deccan Chargers,",28 years 174 days,Right-hand bat,,B Sumanth,,"May 10, 1988, Visakhapatnam, Andhra Pradesh ",,,,Bodapati Apparao Sumanth,Right-arm,medium-fast
Wicketkeeper,"Kochi Tuskers Kerala,",34 years 16 days,Right-hand bat,,C Madan,,10/15/1982,,,,Chandan Madan,,
Wicketkeeper batsman,"Railways,",28 years 196 days,Right-hand bat,,AG Paunikar,,"April 18, 1988, Nagpur, Maharashtra, India ",,,,Amit Gajanan Paunikar,,
Top-order batsman,"Australia,",29 years 349 days,Right-hand bat,,AJ Finch,1.74 m,"November 17, 1986, Colac, Victoria ",,,Finchy,Aaron James Finch,Left-arm,slow
Allrounder,"India,",32 years 150 days,Right-hand bat,,STR Binny,,"June 3, 1984, Bangalore, Karnataka ",Father - RMH Binny,,,Stuart Terence Roger Binny,Right-arm,medium
Bowler,"Bangalore Royal Challengers,",38 years 25 days,Right-hand bat,,ND Doshi,6 ft 4 in,"October 6, 1978, Nottingham ",Father - DR Doshi,"King Alfred School, London","Troll, Dosh",Nayan Dilip Doshi,Left-arm,slow
Bowler,"New Zealand,",27 years 325 days,Right-hand bat,,TG Southee,,"December 11, 1988, Whangarei, Northland ",,,,Timothy Grant Southee,Right-arm,medium-fast
Bowler,"Sri Lanka,",31 years 275 days,Right-hand bat,,S Randiv,6 ft 0 in,"January 30, 1985, Matara ",Brother - MM Rasmijinan,"Rahula College, Matara",,Hewa Kaluhalamullage Suraj Randiv Kaluhalamulla,Right-arm,offbreak
Batsman,"Deccan Chargers,",27 years 278 days,Right-hand bat,,IR Jaggi,,"January 27, 1989, Bacheli ",,,,Ishank Rajiv Jaggi,,legbreak
Allrounder,"Australia,",33 years 180 days,Right-hand bat,,DT Christian,,"May 4, 1983, Camperdown, Sydney, New South Wales ",,,,Daniel Trevor Christian,Right-arm,fast-medium
Allrounder,"Central Zone,",26 years 2 days,Left-hand bat,,AL Menaria,,"October 29, 1990, Udaipur, Rajasthan ",,,,Ashok Lakshminarayan Menaria,Left-arm,slow
Allrounder,"Kerala,",31 years 15 days,Right-hand bat,,RV Gomez,,10/16/1985,,,,Raiphi Vincent Gomez,Right-arm,medium
Batsman,"Delhi Daredevils,",25 years 258 days,Right-hand bat,,MA Agarwal,,"February 16, 1991, Bangalore, Karnataka ",,,,Mayank Anurag Agarwal,,
Bowler,"Railways,",32 years 136 days,Right-hand bat,,AUK Pathan,,"June 17, 1984, Ankleshwar, Gujarat ",,,,Asad Ullah Khan Pathan,Right-arm,medium
Top-order batsman,"Delhi,",23 years 219 days,Right-hand bat,,UBT Chand,,"March 26, 1993, Delhi ",,,,Unmukt Bharat Thakur Chand,Right-arm,offbreak
Wicketkeeper batsman,"Eagles,",33 years 362 days,Right-hand bat,,DJ Jacobs,,"November 4, 1982, Klerksdorp, Transvaal ",Brother - CJ Jacobs,,,David Johan Jacobs,Right-arm,medium
Allrounder,"New Zealand,",35 years 359 days,Left-hand bat,,JEC Franklin,,"November 7, 1980, Wellington ",Aunt - JM Coulston,,,James Edward Charles Franklin,Left-arm,medium
Batsman,"Haryana,",29 years 318 days,Right-hand bat,,Sunny Singh,,"December 18, 1986, Bhiwani ",,,,Sunny Singh,Right-arm,medium-fast
Bowler,"Kings XI Punjab,",33 years 355 days,Right-hand bat,,NJ Rimmington,1.77 m,"November 11, 1982, Redcliffe, Queensland ",Sister - R Rimmington,,Rimmo,Nathan John Rimmington,Right-arm,fast-medium
Bowler,"South Africa,",39 years 265 days,Right-hand bat,,AC Thomas,,"February 9, 1977, Cape Town, Cape Province ",,,,Alfonso Clive Thomas,Right-arm,fast-medium
Bowler,"South Africa,",27 years 93 days,Left-hand bat,,WD Parnell,,"July 30, 1989, Port Elizabeth, Cape Province ",,Grey High School,"Pigeon, Parny",Wayne Dillon Parnell,Left-arm,medium-fast
Allrounder,"Netherlands,",36 years 123 days,Right-hand bat,,RN ten Doeschate,5 ft 11 in,"June 30, 1980, Port Elizabeth, Cape Province ",,,Tendo,Ryan Neil ten Doeschate,Right-arm,medium-fast
Bowler,"Bihar Under-14s,",27 years 80 days,Right-hand bat,,S Nadeem,,"August 12, 1989, Bokaro, Bihar ",,,,Shahbaz Nadeem,Left-arm,slow
Bowler,"Baroda,",26 years 171 days,Left-hand bat,,BA Bhatt,,"May 13, 1990, Vadodara, Gujarat ",,,,Bhargav Ashok Bhatt,Left-arm,slow
Allrounder,"South Africa,",38 years 295 days,Right-hand bat,,JJ van der Wath,,"January 10, 1978, Newcastle, Natal ",,,,Johannes Jacobus van der Wath,Right-arm,medium-fast
Allrounder,"Goa,",30 years 347 days,Right-hand bat,,R Ninan,5 ft 8 in,"November 19, 1985, Thiruvananthapuram ",,,,Ryan Ninan,Right-arm,offbreak
Bowler,"India,",32 years 206 days,Left-hand bat,,S Aravind,,"April 8, 1984, Bangalore, Karnataka ",,,,Sreenath Aravind,Left-arm,medium-fast
Allrounder,"Bangladesh,",29 years 221 days,Left-hand bat,,Shakib Al Hasan,,"March 24, 1987, Magura, Jessore ",,,,Shakib Al Hasan,Left-arm,slow
Wicketkeeper batsman,"Australia,",28 years 310 days,Left-hand bat,,MS Wade,1.70 m,"December 26, 1987, Hobart, Tasmania ",,,Wadey,Matthew Scott Wade,Right-arm,medium
Wicketkeeper batsman,"Australia,",31 years 328 days,Right-hand bat,,TD Paine,1.80 m,"December 8, 1984, Hobart, Tasmania ",,"Lauderdale Primary, Rokeby High, Rosny College",Kid,Timothy David Paine,Right-arm,medium
Wicketkeeper,"Delhi Giants,",33 years 131 days,Left-hand bat,,DH Yagnik,,"June 22, 1983, Banswara, Rajasthan ",,,,Dishant Harendra Yagnik,,
Wicketkeeper batsman,"Australia,",39 years 8 days,Right-hand bat,,BJ Haddin,1.80 m,"October 23, 1977, Cowra, New South Wales ",,,BJ,Bradley James Haddin,,
Bowler,"Assam,",33 years 150 days,Left-hand bat,,J Syed Mohammad,,"June 3, 1983, Madras (now Chennai), Tamil Nad",,,,Jamaluddin Syed Mohammad,Left-arm,slow
Bowler,"India,",27 years 2 days,Right-hand bat,,VR Aaron,,"October 29, 1989, Singhbhum, Bihar (now Jharkhand) ",,,,Varun Raymond Aaron,Right-arm,fast
Bowler,"New Zealand,",36 years 60 days,Right-hand bat,,NL McCullum,,"September 1, 1980, Dunedin, Otago ","Father - SJ McCullum,",,,Nathan Leslie McCullum,Right-arm,offbreak
Bowler,"West Indies,",32 years 131 days,Right-hand bat,,JE Taylor,,"June 22, 1984, St Elizabeth, Jamaica ",,,,Jerome Everton Taylor,Right-arm,fast
Bowler,"Sri Lanka,",34 years 101 days,Right-hand bat,,KMDN Kulasekara,,"July 22, 1982, Nittambuwa ",,,,Kulasekara Mudiyanselage Dinesh Nuwan Kulasekara,Right-arm,fast-medium
Middle-order batsman,"Australia,",34 years 327 days,Left-hand bat,,TR Birt,1.78 m,"December 9, 1981, Sale, Victoria ",,,Edgar,Travis Rodney Birt,Right-arm,medium
Batsman,"Central Zone,",25 years 81 days,Left-hand bat,,Harpreet Singh,,"August 11, 1991, Durg, Madhya Pradesh ",,,,Harpreet Singh Bhatia,Right-arm,medium
Batsman,"Adelaide Strikers,",36 years 119 days,Right-hand bat,,M Klinger,1.79 m,"July 4, 1980, Kew, Melbourne, Victoria ",,,Maxy,Michael Klinger,,
,"Kerala,",31 years 154 days,Right-hand bat,,P Parameswaran,,"May 30, 1985, Thanner Mukham ",,,,Prasanth Parameswaran,Left-arm,medium
Batsman,"Adelaide Strikers,",32 years 126 days,Left-hand bat,,AC Blizzard,1.76 m,"June 27, 1984, Shepparton, Victoria ",,,Blizz,Aiden Craig Blizzard,Left-arm,medium
Bowler,"Chandigarh Lions,",32 years 161 days,Right-hand bat,,I Malhotra,,"May 23, 1984, Srinagar ",,,,Ishan Malhotra,Right-arm,medium-fast
Top-order batsman,"South Africa,",31 years 120 days,Left-hand bat,,CA Ingram,,"July 3, 1985, Port Elizabeth ",,,,Colin Alexander Ingram,,legbreak
Middle-order batsman,"Australia,",31 years 345 days,Right-hand bat,,CJ Ferguson,1.80 m,"November 21, 1984, North Adelaide, South Australia ",,"Black Friars Priory School, Prospect; Marryatville High School, Kensington",Ferg,Callum James Ferguson,Right-arm,medium
Bowler,"India,",26 years 269 days,Right-hand bat,,B Kumar,,"February 5, 1990, Meerut, Uttar Pradesh ",,,,Bhuvneshwar Kumar Singh,Right-arm,medium
Bowler,"Karnataka State Cricket Association Colts XI,",27 years 32 days,Left-hand bat,,AA Kazi,,"September 29, 1989, Bangalore, Karnataka ",,,,Abrar Anjum Kazi,Left-arm,slow
Bowler,"Deccan Chargers,",29 years 197 days,Right-hand bat,,Anand Rajan,,"April 17, 1987, Nagpur, Maharashtra ",,,,Anand Rajan,Right-arm,medium
Batsman,"Mumbai,",31 years 3 days,Left-hand bat,,AA Chavan,,"October 28, 1985, Bombay (now Mumbai), Maharashtra ",,,,Ankeet Anil Chavan,Left-arm,slow
,"Kerala Under-16s,",31 years 162 days,Left-hand bat,,P Prasanth,,"May 22, 1985, Thiruvananthapuram, Kerala ",,,,Padmanabhan Prasanth,Left-arm,slow
Allrounder,"Andhra,",32 years 67 days,Right-hand bat,,Y Gnaneswara Rao,,"August 25, 1984, Visakhapatnam, Andhra Pradesh ",Brother - Y Venugopal Rao,,,Yalaka Gnaneswara Rao,Right-arm,medium
Bowler,"Haryana,",32 years 43 days,Right-hand bat,,S Rana,,"September 18, 1984, Gurgaon, Haryana ",,,,Sachin Rana,Right-arm,medium-fast
Bowling allrounder,"Australia,",26 years 185 days,Right-hand bat,,JP Faulkner,1.86 m,"April 29, 1990, Launceston, Tasmania ",Father - PI Faulkner,,,James Peter Faulkner,Left-arm,fast-medium
Allrounder,"India Red,",28 years 4 days,Right-hand bat,,SS Mundhe,,"October 27, 1988, Nanded ",,,,Shrikant Shrihari Mundhe,Right-arm,medium
Bowler,"Zimbabwe,",40 years 141 days,Right-hand bat,,RW Price,,"June 12, 1976, Salisbury (now Harare) ",,,,Raymond William Price,Left-arm,slow
Middle-order batsman,"South Africa,",32 years 110 days,Right-hand bat,,F dPlessis,5 ft 11 in,"July 13, 1984, Pretoria ",,"Affies Boys School, Pretoria",,Francois dPlessis,,legbreak
Opening batsman,"Cape Cobras,",28 years 291 days,Right-hand bat,,RE Levi,,"January 14, 1988, Johannesburg ",,,,Richard Ernst Levi,Right-arm,medium
Batting allrounder,"Australia,",28 years 17 days,Right-hand bat,,GJ Maxwell,,"October 14, 1988, Kew, Melbourne, Victoria ",,,,Glenn James Maxwell,Right-arm,offbreak
Bowler,"South Africa,",26 years 18 days,Right-hand bat,,M de Lange,,"October 13, 1990, Tzaneen, Limpopo ",,,,Marchant de Lange,Right-arm,fast
Allrounder,"Australia,",27 years 151 days,Right-hand bat,,SPD Smith,,"June 2, 1989, Sydney, New South Wales ",,,,Steven Peter Devereux Smith,,legbreak
Top-order batsman,"West Indies,",35 years 269 days,Right-hand bat,,MN Samuels,,"February 5, 1981, Kingston, Jamaica ",Brother - RG Samuels,,,Marlon Nathaniel Samuels,Right-arm,offbreak
Batsman,"India Under-23s,",26 years 47 days,Right-hand bat,,SA Yadav,,"September 14, 1990, Mumbai, Maharashtra ",,,,Suryakumar Ashok Yadav,Right-arm,medium;offbreak
Allrounder,"Chittagong Kings,",27 years 258 days,Right-hand bat,,KK Cooper,,"February 16, 1989, Trinidad ",,,,Kevon Keston Cooper,Right-arm,medium
Bowler,"Gujarat,",25 years 343 days,Right-hand bat,,HV Patel,,"November 23, 1990, Sanand, Gujarat ",,,,Harshal Vikram Patel,Right-arm,medium
Bowler,"New Zealand,",26 years 33 days,Right-hand bat,,DAJ Bracewell,,"September 28, 1990, Tauranga, Bay of Plenty ","Father - BP Bracewell,",,,Douglas Andrew John Bracewell,Right-arm,fast-medium
,"Adelaide Strikers,",36 years 305 days,Right-hand bat,,DJ Harris,1.75 m,"December 31, 1979, North Adelaide, South Australia ",,,Mass,Daniel Joseph Harris,Right-arm,medium
Bowler,"Deccan Chargers,",25 years 194 days,Left-hand bat,,Ankit Sharma,,"April 20, 1991, Gwalior, Madhya Pradesh ",,,,Ankit Nagendra Sharma,Left-arm,slow
,"Deccan Chargers,",32 years 190 days,Left-hand bat,,TP Sudhindra,,"April 24, 1984, Hindupur, Andhra Pradesh ",,,,Taduri Prakash Chandra Sudhindra,Right-arm,fast
Bowler,"West Indies,",28 years 158 days,Left-hand bat,,SP Narine,,"May 26, 1988, Trinidad ",,,,Sunil Philip Narine,Right-arm,offbreak
Allrounder,"Australia,",45 years 268 days,Left-hand bat,,GB Hogg,1.83 m,"February 6, 1971, Narrogin, Western Australia ",,,"Docker, George",George Bradley Hogg,Left-arm,slow
Allrounder,"Karnataka,",31 years 60 days,Right-hand bat,,RR Bhatkal,,"September 1, 1985, Belgaum, Karnataka ",Brother - Rahul R Bhatkal,,,RajRavi Bhatkal,Right-arm,medium
Bowler,"India,",30 years 104 days,Right-hand bat,,P Awana,,"July 19, 1986, Delhi, India ",,,,Parvinder Awana,Right-arm,medium
,"Bengal,",24 years 181 days,Right-hand bat,,V Pratap Singh,,"May 3, 1992, Nalanda, Bihar ",,,,Veer Pratap Singh,Right-arm,medium
Bowler,"Australia,",33 years 254 days,Right-hand bat,,CJ McKay,1.94 m,"February 20, 1983, Melbourne, Victoria ",,,,Clinton James McKay,Right-arm,fast-medium
Allrounder,"West Indies,",28 years 185 days,Right-hand bat,,AD Russell,,"April 29, 1988, Jamaica ",,,,Andre Dwayne Russell,Right-arm,fast
Allrounder,"Deccan Chargers,",25 years 250 days,Right-hand bat,,A Ashish Reddy,,"February 24, 1991, Secunderabad ",,,,Ammana Ashish Reddy,Right-arm,medium
,"Haryana,",28 years 3 days,Right-hand bat,,N Saini,,"October 28, 1988, Rohtak ",,,,Nitin Saini,,
Middle-order batsman,"South Africa,",27 years 143 days,Left-hand bat,,DA Miller,,"June 10, 1989, Pietermaritzburg, Natal ",,,,David Andrew Miller,Right-arm,offbreak
,"Pakistan,",41 years 246 days,Right-hand bat,,Azhar Mahmood,,"February 28, 1975, Rawalpindi, Punjab ",,,,Azhar Mahmood Sagar,Right-arm,fast-medium
Bowler,"Air India,",23 years 299 days,Left-hand bat,,P Negi,,"January 6, 1993, Delhi ",,,,Pawan Negi,Left-arm,slow
Allrounder,"Delhi Daredevils,",32 years 331 days,Right-hand bat,,A Chandila,,"December 5, 1983, Faridabad, Haryana ",,,,Ajit  Chandila,Right-arm,offbreak
Allrounder,"England,",31 years 238 days,Right-hand bat,,LJ Wright,6 ft 0 in,"March 7, 1985, Grantham, Lincolnshire ",,Ratcliffe College. Loughborough University,,Luke James Wright,Right-arm,medium-fast
Bowler,"South Africa,",37 years 88 days,Left-hand bat,,RJ Peterson,,"August 4, 1979, Port Elizabeth, Cape Province ",,,,Robin John Peterson,Left-arm,slow
,"Delhi Daredevils,",26 years 64 days,Right-hand bat,,R Shukla,,"August 28, 1990, Jharkhand ",,,,Rahul Shukla,Right-arm,medium
,"Deccan Chargers,",27 years 322 days,Right-hand bat,,BB Samantray,,"December 14, 1988, Cuttack, Orissa ",,,,Biplab Bipin Samantray,,
Middle-order batsman,"Australia,",35 years 212 days,Right-hand bat,,MJ Clarke,1.78 m,"April 2, 1981, Liverpool, New South Wales ",,,"Pup, Clarkey",Michael John Clarke,Left-arm,slow
Bowler,"Australia,",33 years 230 days,Right-hand bat,,BW Hilfenhaus,1.86 m,"March 15, 1983, Ulverstone, Tasmania ",,,Hilfy,Benjamin William Hilfenhaus,Right-arm,fast-medium
Middle-order batsman,"India,",26 years 124 days,Right-hand bat,,Gurkeerat Singh,,"June 29, 1990, Muktsar, Punjab ",,,,Gurkeerat Rupinder Singh,Right-arm,offbreak
,"Bengal,",32 years 184 days,Right-hand bat,,AP Majumdar,,"April 30, 1984, Chandannagore, Hooghly, Bengal, India ",,,,Anustup Prabir Majumdar,,legbreak
,"Deccan Chargers,",25 years 263 days,Right-hand bat,,PA Reddy,,"February 11, 1991, Hyderabad ",,,,Produturi Akshath Reddy,,legbreak
,"Pune Warriors,",30 years 135 days,Right-hand bat,,K Upadhyay,,"June 18, 1986, Agar, Uttar Pradesh ",,,,Krishnakant Upadhyay,Right-arm,medium
Batsman,"Australia,",26 years 204 days,Right-hand bat,,CA Lynn,,"April 10, 1990, Brisbane, Queensland ",,,,Christopher Austin Lynn,Left-arm,slow
,"Delhi Daredevils,",28 years 34 days,Right-hand bat,,Sunny Gupta,,"September 27, 1988, Jamshedpur, Bihar ",,,,Sunny Gupta,Right-arm,offbreak
,"Delhi Daredevils,",26 years 49 days,Right-hand bat,,MC Juneja,,"September 12, 1990, Ahmedabad, Gujarat ",,,,Manpreet Charanjit Juneja,Right-arm,offbreak
Top-order batsman,"India,",24 years 330 days,Right-hand bat,,KK Nair,,"December 6, 1991, Jodhpur, Rajasthan ",,,,Karun Kaladharan Nair,Right-arm,offbreak
Bowler,"Australia,",34 years 364 days,Left-hand bat,,MG Johnson,1.89 m,"November 2, 1981, Townsville, Queensland ",,,"Midge, Notch",Mitchell Guy Johnson,Left-arm,fast
Bowler,"India,",22 years 330 days,Right-hand bat,,JJ Bumrah,,"December 6, 1993, Ahmedabad ",,,,Jasprit Jasbirsingh Bumrah,Right-arm,medium
,"Hyderabad (India),",23 years 18 days,Right-hand bat,,GH Vihari,,"October 13, 1993, Kakinada, Andhra Pradesh ",,,,Gade Hanuma Vihari,Right-arm,offbreak
Wicketkeeper batsman,"Sri Lanka,",26 years 75 days,Left-hand bat,,MDKJ Perera,5 ft 6 in,"August 17, 1990, Kalubowila ",,"Royal College, Colombo",,Mathurage Don Kusal Janith Perera,,
Bowler,"West Indies,",35 years 236 days,Right-hand bat,,S Badree,,"March 9, 1981, Barrackpore, Trinidad ",,,,Samuel Badree,,legbreak
Bowler,"Australia,",34 years 28 days,Right-hand bat,,B Laughlin,,"October 3, 1982, Box Hill, Victoria ",Father - TJ Laughlin,,,Ben Laughlin,Right-arm,fast-medium
Bowler,"Chennai Super Kings,",22 years 332 days,Right-hand bat,,AS Rajpoot,,"December 4, 1993, Kanpur ",,,,Ankit Singh Rajpoot,Right-arm,medium
Opening batsman,"D.A.V College (Chandigarh),",23 years 105 days,Right-hand bat,,M Vohra,,"July 18, 1993, Chandigarh, Punjab ",,,,Manan Vohra,Right-arm,medium
Bowler,"India,",26 years 58 days,Right-hand bat,,Mohammed Shami,,"September 3, 1990, Amroha, Uttar Pradesh ",,,,Mohammed Shami Ahmed,Right-arm,fast-medium
Allrounder,"Sri Lanka,",33 years 290 days,Left-hand bat,,BMAJ Mendis,5 ft 8 in,"January 15, 1983, Colombo ",,"S' Thomas' College, Colombo",,Balapuwaduge Manukulasuriya Amith Jeevan Mendis,,legbreak
Bowling allrounder,"South Africa,",29 years 184 days,Right-hand bat,,CH Morris,,"April 30, 1987, Pretoria, Transvaal ",Father - WF Morris,,,Christopher Henry Morris,Right-arm,fast-medium
,"Air India Red,",24 years 54 days,Left-hand bat,,Harmeet Singh,,"September 7, 1992, Mumbai ",,,,Harmeet Singh,Left-arm,slow
Bowler,"Delhi Daredevils,",26 years 165 days,Right-hand bat,,S Kaul,,"May 19, 1990, Pathankot, Punjab ",Brother - Kaul,,,Siddarth Kaul,Right-arm,medium
Allrounder,"India,",26 years 255 days,Right-hand bat,,R Dhawan,,"February 19, 1990, Mandi, Himachal Pradesh ",,,,Rishi Dhawan,Right-arm,medium-fast
Bowler,"Ireland,",32 years 16 days,Left-hand bat,,R Rampaul,,"October 15, 1984, Preysal, Trinidad ",,,,Ravindranath Rampaul,Right-arm,fast-medium
Bowler,"India,",28 years 43 days,Right-hand bat,,MM Sharma,,"September 18, 1988, Ballabhgarh, Haryana ",,,,Mohit Mahipal Sharma,Right-arm,medium
Bowler,"Sri Lanka,",31 years 265 days,Right-hand bat,,SMSM Senanayake,6 ft 0 in,"February 9, 1985, Colombo ",,Ananda College,,Senanayake Mudiyanselage Sachithra Madhushanka Senanayake,Right-arm,offbreak
Wicketkeeper batsman,"India,",21 years 355 days,Right-hand bat,,SV Samson,,"November 11, 1994, Pulluvila, Vizhinjam, Trivandrum ",,,,SanjViswanath Samson,,
Middle-order batsman,"Australia,",35 years 219 days,Left-hand bat,,BJ Rohrer,1.80 m,"March 26, 1981, Bankstown, New South Wales ",,,,Ben James Rohrer,,
Wicketkeeper batsman,"India,",24 years 196 days,Right-hand bat,,KL Rahul,,"April 18, 1992, Bangalore, Karnataka ",,,,Kannaur Lokesh Rahul,,
Wicketkeeper batsman,"South Africa,",23 years 319 days,Left-hand bat,,Q de Kock,,"December 17, 1992, Johannesburg, Gauteng ",,,,Quinton de Kock,,
Bowling allrounder,"West Indies,",24 years 361 days,Right-hand bat,,JO Holder,,"November 5, 1991, Barbados ",,,,Jason Omar Holder,Right-arm,medium-fast
Bowler,"Central Zone,",27 years 77 days,Right-hand bat,,IC Pandey,,8/15/1989,,,,Ishwar Chand Pandey,Right-arm,medium
Wicketkeeper,"Delhi Daredevils,",30 years 237 days,Right-hand bat,,CM Gautam,,"March 8, 1986, Bangalore, Karnataka ",,,,Chidhambaram Muralidharen Gautam,,
Bowler,"India,",23 years 166 days,Right-hand bat,,Sandeep Sharma,,"May 18, 1993, Patiala, Punjab ",,,,Sandeep Sharma,Right-arm,medium
Bowler,"India,",26 years 100 days,Right-hand bat,,YS Chahal,,"July 23, 1990, Jind, Haryana ",,,,Yuzvendra Singh Chahal,,legbreak
,"Badureliya Sports Club,",31 years 169 days,Right-hand bat,,X Thalaivan Sargunam,,"May 15, 1985, Nagar Kowil, Tamil Nad",,,,Xavier Thalaivan Sargunam,Right-arm,offbreak
Allrounder,"West Indies,",32 years 316 days,Right-hand bat,,DJG Sammy,,"December 20, 1983, Micoud, St Lucia ",,,,Darren Julius Garvey Sammy,Right-arm,medium-fast
Bowler,"Australia,",25 years 262 days,Right-hand bat,,KW Richardson,,"February 12, 1991, Eudunda, South Australia ",Brother - CJ Richardson,,,Kane William Richardson,Right-arm,fast-medium
Bowler,"Delhi,",27 years 16 days,Right-hand bat,,P Suyal,,"October 15, 1989, Paudi, Uttaranchal ",,,,Pawan Shakland Suyal,Left-arm,medium
Bowler,"Dr DY Patil Sports Academy,",45 years 23 days,Right-hand bat,,PV Tambe,,"October 8, 1971, Bombay (now Mumbai), Maharashtra ",,,,Pravin Vijay Tambe,,legbreak
,"Madhya Pradesh,",26 years 349 days,Right-hand bat,,UA Birla,,"November 17, 1989, Calcutta (now Kolkata), Bengal ",,,,Udit Alok Birla,Right-arm,medium
Bowling allrounder,"India,",27 years 261 days,Right-hand bat,,Parvez Rasool,,"February 13, 1989, Bijbehara, Jammand Kashmir ",,,,Parvez Ghulam Rasool Zargar,Right-arm,offbreak
,"Adelaide Strikers,",26 years 216 days,Right-hand bat,,MG Neser,,"March 29, 1990, Pretoria, South Africa ",Brother - FN Neser,,,Michael Gertges Neser,Right-arm,medium
Batsman,"India A,",27 years 318 days,Left-hand bat,,Sachin Baby,,"December 18, 1988, Thodupuzha, Kerala ",,,,Sachin Baby,Right-arm,offbreak
Bowler,"Australia,",29 years 20 days,Right-hand bat,,NM Coulter-Nile,1.90 m,"October 11, 1987, Osborne Park, Western Australia ",,,River,Nathan Mitchell Coulter-Nile,Right-arm,fast
Batting allrounder,"New Zealand,",25 years 323 days,Left-hand bat,,CJ Anderson,,"December 13, 1990, Christchurch, Canterbury ",,,,Corey James Anderson,Left-arm,medium-fast
Opening batsman,"Australia A,",24 years 315 days,Left-hand bat,,NJ Maddinson,,"December 21, 1991, Nowra, New South Wales ",,,,Nicolas James Maddinson,Left-arm,slow
Bowler,"Australia,",26 years 275 days,Left-hand bat,,MA Starc,1.96 m,"January 30, 1990, Baulkham Hills, Sydney, New South Wales ",Wife - AJ Healy,,,Mitchell Aaron Starc,Left-arm,fast
Batting allrounder,"New Zealand,",26 years 44 days,Left-hand bat,,JDS Neesham,,"September 17, 1990, Auckland ",,,,James Douglas Sheahan Neesham,Right-arm,medium
Bowling allrounder,"India,",22 years 285 days,Left-hand bat,,AR Patel,,"January 20, 1994, Anand, Gujarat ",,,,Axar Rajeshbhai Patel,Left-arm,slow
Wicketkeeper batsman,"Australia,",29 years 234 days,Left-hand bat,,BR Dunk,,"March 11, 1987, Innisfail, Queensland ",,,,Ben Robert Dunk,,
Top-order batsman,"South Africa,",27 years 22 days,Left-hand bat,,RR Rossouw,,"October 9, 1989, Bloemfontein, Orange Free State ",,,,Rilee Roscoe Rossouw,Right-arm,offbreak
,"Oil & Natural Gas Corporation,",23 years 164 days,Left-hand bat,,R Tewatia,,"May 20, 1993, Sihi, Haryana ",,,,Rahul Tewatia,,legbreak
,"Delhi Under-19s,",23 years 52 days,Right-hand bat,,Shivam Sharma,,"September 9, 1993, Delhi ",,,,Shivam Sharma,Right-arm,offbreak
Bowler,"South Africa,",37 years 218 days,Right-hand bat,,Imran Tahir,,"March 27, 1979, Lahore, Punjab ",,,,Mohammad Imran Tahir,,legbreak
Top-order batsman,"West Indies,",31 years 280 days,Right-hand bat,,LMP Simmons,,"January 25, 1985, Port of Spain, Trinidad ",Uncle - PV Simmons,,,Lendl Mark Platter Simmons,Right-arm,medium-fast
,"India A,",21 years 343 days,Left-hand bat,,VH Zol,,"November 23, 1994, Jalna, Maharashtra ",,,,Vijay Hari Zol,Right-arm,offbreak
Middle-order batsman,"Chennai Super Kings,",25 years 279 days,Right-hand bat,,V Shankar,,"January 26, 1991, Tirunelveli, Tamil Nad",,,,Vijay Shankar,Right-arm,medium
Allrounder,"Australia,",29 years 275 days,Right-hand bat,,BCJ Cutting,1.92 m,"January 30, 1987, Sunnybank, Brisbane, Queensland ",,Sunnybank Hills State School; Brisbane Grammar School,Cutsy,Benjamin Colin James Cutting,Right-arm,fast-medium
Bowler,"West Indies,",31 years 316 days,Left-hand bat,,K Santokie,,"December 20, 1984, Clarendon, Jamaica ",,,,Krishmar Santokie,Left-arm,medium
Allrounder,"India Under-19s,",23 years 57 days,Right-hand bat,,S Gopal,,9/4/1993,,,,Shreyas Gopal,,legbreak
Bowler,"South Africa,",26 years 145 days,Left-hand bat,,BE Hendricks,,"June 8, 1990, Louis Leipoldt Hospital, Bellville, Cape Town ",,,,Beuran Eric Hendricks,Left-arm,fast-medium
Bowler,"Australia,",23 years 176 days,Right-hand bat,,PJ Cummins,1.92 m,"May 8, 1993, Westmead, Sydney ",,,Cummo,Patrick James Cummins,Right-arm,fast
Allrounder,"Australia,",30 years 362 days,Right-hand bat,,JW Hastings,1.95 m,"November 4, 1985, Penrith, New South Wales ",,,The Duke,John Wayne Hastings,Right-arm,fast-medium
,"Chandigarh Lions,",28 years 358 days,Right-hand bat,,Karanveer Singh,,"November 8, 1987, Chandigarh, Punjab ",,,,Karanveer Singh,,legbreak
Top-order batsman,"Delhi Daredevils,",21 years 330 days,Right-hand bat,,SS Iyer,,"December 6, 1994, Mumbai ",,,,Shreyas Santosh Iyer,,legbreak
,"Delhi Daredevils,",35 years 236 days,Right-hand bat,,DJ Muthuswami,,"March 9, 1981, Pune, Maharashtra ",,,,Domnic Joseph Muthuswami,Right-arm,medium
Allrounder,"Baroda,",21 years 195 days,Right-hand bat,,DJ Hooda,,"April 19, 1995, Rohtak ",,,,Deepak Jagbir Hooda,Right-arm,offbreak
Top-order batsman,"New Zealand,",26 years 84 days,Right-hand bat,,KS Williamson,,"August 8, 1990, Tauranga ",Cousin - D Cleaver,,,Kane Stuart Williamson,Right-arm,offbreak
Bowler,"New Zealand,",27 years 101 days,Right-hand bat,,TA Boult,,"July 22, 1989, Rotorua ",Brother - JJ Boult,,,Trent Alexander Boult,Left-arm,fast-medium
Bowler,"Australia Under-19s,",24 years 245 days,Right-hand bat,,SA Abbott,,"February 29, 1992, Windsor, New South Wales ",,,,Sean Anthony Abbott,Right-arm,fast-medium
Bowler,"Bijapur Bulls,",22 years 201 days,Right-hand bat,,KC Cariappa,,"April 13, 1994, Bangalore, Karnataka ",,,,Konganda Charamanna Cariappa,,legbreak
Bowler,"Karnataka State Cricket Association XI,",22 years 289 days,Left-hand bat,,J Suchith,,"January 16, 1994, Mysore ",,,,Jagadeesha Suchith,Left-arm,slow
,"Australian Institute of Sport,",24 years 272 days,Right-hand bat,,RG More,,"February 2, 1992, Belgaum, Karnataka ",,,,Ronit Gajanan More,Right-arm,medium
Allrounder,"India,",23 years 20 days,Right-hand bat,,HH Pandya,,"October 11, 1993, Choryasi, Gujarat ",Brother - KH Pandya,,,Hardik HimanshPandya,Right-arm,medium-fast
Allrounder,"South Africa,",31 years 166 days,Right-hand bat,,D Wiese,,"May 18, 1985, Roodepoort ",,Witbank High,,David Wiese,Right-arm,medium-fast
Bowler,"New Zealand,",30 years 142 days,Left-hand bat,,MJ McClenaghan,,"June 11, 1986, Hastings, Hawke's Bay ",,,,Mitchell John McClenaghan,Left-arm,fast-medium
Middle-order batsman,"India Under-19s,",19 years 4 days,Right-hand bat,,SN Khan,,"October 27, 1997, Mumbai ",,,,Sarfaraz Naushad Khan,,legbreak
Bowler,"Kings XI Punjab,",25 years 15 days,Right-hand bat,,SN Thakur,,"October 16, 1991, Palghar, Maharashtra ",,,,Shardul Narendra Thakur,Right-arm,medium
Bowler,"Australia,",23 years 139 days,Left-hand bat,,GS Sandhu,,"June 14, 1993, Blacktown, New South Wales ",,,,Gurinder Singh Sandhu,Right-arm,fast-medium
Bowler,"India,",26 years 283 days,Right-hand bat,,J Yadav,,"January 22, 1990, Delhi ",,,,Jayant Yadav,Right-arm,offbreak
Bowler,"India,",23 years 326 days,Left-hand bat,,BB Sran,,"December 10, 1992, Sirsa ",,,,Barinder Balbirsingh Sran,Left-arm,medium
Wicketkeeper batsman,"England,",26 years 53 days,Right-hand bat,,JC Buttler,,"September 8, 1990, Taunton, Somerset ",,,,Joseph Charles Buttler,,
Bowler,"Rising Pune Supergiants,",26 years 53 days,Right-hand bat,,M Ashwin,,"September 8, 1990, Chennai, Tamil Nad",,,,Murugan Ashwin,,legbreak
Allrounder,"West Indies,",28 years 105 days,Right-hand bat,,CR Brathwaite,,"July 18, 1988, Barbados ",,,,Carlos Ricardo Brathwaite,Right-arm,fast-medium
Middle-order batsman,"New Zealand,",29 years 234 days,Left-hand bat,,C Munro,,"March 11, 1987, Durban ",,,,Colin Munro,Right-arm,medium-fast
Middle-order batsman,"Australia,",27 years 76 days,Right-hand bat,,MP Stoinis,,8/16/1989,,,,Marcus Peter Stoinis,Right-arm,medium
Opening batsman,"Gujarat Lions,",18 years 105 days,Left-hand bat,,Ishan Kishan,,"July 18, 1998, Patna, Bihar ",,,,Ishan Pranav Kumar Pandey Kishan,,
Allrounder,"Haryana,",31 years 71 days,Right-hand bat,,P Sahu,,"August 21, 1985, Bhiwani ",,,,Pardeep Sahu,,legbreak
Bowler,"Bangladesh,",21 years 55 days,Left-hand bat,,Mustafizur Rahman,5 ft 11 in,"September 6, 1995, Satkhira ",,,,Mustafizur Rahman,Left-arm,fast-medium
Bowler,"New Zealand,",24 years 201 days,Right-hand bat,,AF Milne,,"April 13, 1992, Palmerston North ",,,,Adam Fraser Milne,Right-arm,fast
Bowler,"Central Zone,",21 years 322 days,Left-hand bat,,Kuldeep Yadav,,"December 14, 1994, Kanpur, Uttar Pradesh ",,,,Kuldeep Yadav,Left-arm,slow
Allrounder,"Baroda Cricket Association XI,",25 years 221 days,Left-hand bat,,KH Pandya,,"March 24, 1991, Ahmedabad, Gujarat ",Brother - HH Pandya,,,Krunal HimanshPandya,Left-arm,slow
Middle-order batsman,"Gujarat Lions,",23 years 174 days,Right-hand bat,,AD Nath,,"May 10, 1993, Lucknow ",,,,Akshdeep Deependra Nath,Right-arm,medium-fast
Bowler,"South Africa,",29 years 135 days,Right-hand bat,,KJ Abbott,,"June 18, 1987, Empangeni, KwaZulu-Natal ",,,,Kyle John Abbott,Right-arm,fast-medium
Opening batsman,"New Zealand,",30 years 31 days,Right-hand bat,,MJ Guptill,,"September 30, 1986, Auckland ",,,,Martin James Guptill,Right-arm,offbreak
Middle-order batsman,"Australia,",22 years 307 days,Left-hand bat,,TM Head,,12/29/1993,,,,Travis Michael Head,Right-arm,offbreak
Bowler,"Dolphins,",26 years 256 days,Right-hand bat,,T Shamsi,,"February 18, 1990, Johannesburg, Gauteng ",,,,Tabraiz Shamsi,Left-arm,slow
Wicketkeeper batsman,"Kings XI Punjab,",21 years 357 days,Right-hand bat,,NS Naik,,"November 9, 1994, Savantwadi, Maharashtra ",,,,Nikhil Shankar Naik,,
Wicketkeeper batsman,"Delhi,",19 years 27 days,Left-hand bat,,RR Pant,,"October 4, 1997, Haridwar, Uttarakhand ",,,,Rishabh Rajendra Pant,,
Bowler,"Gujarat Lions,",21 years 54 days,Right-hand bat,,S Kaushik,,9/7/1995,,,,Shivil Kaushik,Left-arm,slow
Wicketkeeper batsman,"England,",25 years 138 days,Right-hand bat,,SW Billings,,"June 15, 1991, Pembury, Kent ",,,,Samuel William Billings,,
Top-order batsman,"Australia Under-19s,",25 years 188 days,Right-hand bat,,PSP Handscomb,,"April 26, 1991, Melbourne, Victoria ",,,,Peter Stephen Patrick Handscomb,,
Bowler,"Australia,",27 years 203 days,Right-hand bat,,SM Boland,,4/11/1989,,,,Scott Michael Boland,Right-arm,fast-medium
Bowler,"Baroda,",25 years 283 days,Right-hand bat,,Swapnil Singh,,"January 22, 1991, Rae Bareilly, Uttar Pradesh ",,,,Swapnil Singh,Left-arm,slow
Top-order batsman,"Australia,",29 years 318 days,Left-hand bat,,UT Khawaja,1.75 m,"December 18, 1986, Islamabad, Pakistan ",,,Usie,Usman Tariq Khawaja,Right-arm,medium
Bowler,"England,",28 years 27 days,Right-hand bat,,CJ Jordan,6 ft 2 in,"October 4, 1988, Barbados ",,Dulwich College,CJ,Christopher James Jordan,Right-arm,fast-medium
Bowler,"Adelaide Strikers,",24 years 214 days,Right-hand bat,,A Zampa,,"March 31, 1992, Shellharbour, New South Wales ",,,,Adam Zampa,,legbreak
Top-order batsman,"South Africa,",33 years 214 days,Right-hand bat,,HM Amla,,"March 31, 1983, Durban, Natal ",Brother - AM Amla,,,Hashim Mahomed Amla,Right-arm,medium;offbreak
Batting allrounder,"South Africa,",33 years 22 days,Right-hand bat,,F Behardien,,"October 9, 1983, Johannesburg ",,,Abadi,Farhaan Behardien,Right-arm,fast-medium
Middle-order batsman,"Delhi,",22 years 309 days,Left-hand bat,,N Rana,,"December 27, 1993, Delhi ",,,,Nitish Rana,Right-arm,offbreak
Bowler,"Rajasthan,",24 years 85 days,Right-hand bat,,DL Chahar,,"August 7, 1992, Agra, Uttar Pradesh ",,,,Deepak Lokandersingh Chahar,Right-arm,medium
Wicketkeeper,"Chennai Super Kings,",28 years 101 days,Right-hand bat,,ER Dwivedi,,"July 22, 1988, Allahabad ",,,,Eklavya Rakesh Dwivedi,,
