Match_id,Team1_id,Team2_id,Venue,City,Toss,Elected_to,Win_team,loser,Date,Win_by_runs,Win_by_wickets
419108, Kings XI Punjab,Delhi Daredevils,Punjab Cricket Association Stadium  Mohali,Chandigarh,Delhi Daredevils,field,Delhi Daredevils,Kings XI Punjab,2010-03-13,0,5
392221, Royal Challengers Bangalore,Kolkata Knight Riders,SuperSport Park,Centurion,Royal Challengers Bangalore,field,Royal Challengers Bangalore,Kolkata Knight Riders,2009-05-12,0,6
501208, Deccan Chargers,Royal Challengers Bangalore,Rajiv Gandhi International Stadium  Uppal,Hyderabad,Royal Challengers Bangalore,field,Deccan Chargers,Royal Challengers Bangalore,2011-04-14,33,0
548332, Chennai Super Kings,Rajasthan Royals,MA Chidambaram Stadium  Chepauk,Chennai,Rajasthan Royals,bat,Chennai Super Kings,Rajasthan Royals,2012-04-21,0,7
335997, Kolkata Knight Riders,Mumbai Indians,Eden Gardens,Kolkata,Kolkata Knight Riders,bat,Mumbai Indians,Kolkata Knight Riders,2008-04-29,0,7
419124, Kings XI Punjab,Rajasthan Royals,Punjab Cricket Association Stadium  Mohali,Chandigarh,Kings XI Punjab,field,Rajasthan Royals,Kings XI Punjab,2010-03-24,31,0
548364, Chennai Super Kings,Delhi Daredevils,MA Chidambaram Stadium  Chepauk,Chennai,Chennai Super Kings,field,Chennai Super Kings,Delhi Daredevils,2012-05-12,0,9
980931, Rising Pune Supergiants,Royal Challengers Bangalore,Maharashtra Cricket Association Stadium,Pune,Rising Pune Supergiants,field,Royal Challengers Bangalore,Rising Pune Supergiants,2016-04-22,13,0
981003, Delhi Daredevils,Sunrisers Hyderabad,Shaheed Veer Narayan Singh International Stadium,Raipur,Delhi Daredevils,field,Delhi Daredevils,Sunrisers Hyderabad,2016-05-20,0,6
548329, Deccan Chargers,Delhi Daredevils,Rajiv Gandhi International Stadium  Uppal,Hyderabad,Deccan Chargers,bat,Delhi Daredevils,Deccan Chargers,2012-05-10,0,9
980989, Kolkata Knight Riders,Rising Pune Supergiants,Eden Gardens,Kolkata,Rising Pune Supergiants,bat,Kolkata Knight Riders,Rising Pune Supergiants,2016-05-14,0,8
980955, Gujarat Lions,Kings XI Punjab,Saurashtra Cricket Association Stadium,Rajkot,Gujarat Lions,field,Kings XI Punjab,Gujarat Lions,2016-05-01,23,0
392222, Kings XI Punjab,Mumbai Indians,SuperSport Park,Centurion,Kings XI Punjab,bat,Mumbai Indians,Kings XI Punjab,2009-05-12,0,8
392225, Mumbai Indians,Rajasthan Royals,Kingsmead,Durban,Rajasthan Royals,bat,Rajasthan Royals,Mumbai Indians,2009-05-14,2,0
419149, Delhi Daredevils,Kings XI Punjab,Feroz Shah Kotla,Delhi,Delhi Daredevils,bat,Kings XI Punjab,Delhi Daredevils,2010-04-11,0,7
829743, Sunrisers Hyderabad,Kolkata Knight Riders,Dr. Y.S. Rajasekhara Reddy ACA-VDCA Cricket Stadium,Visakhapatnam,Kolkata Knight Riders,field,Sunrisers Hyderabad,Kolkata Knight Riders,2015-04-22,16,0
548330, Chennai Super Kings,Pune Warriors,MA Chidambaram Stadium  Chepauk,Chennai,Pune Warriors,field,Chennai Super Kings,Pune Warriors,2012-04-19,13,0
501248, Kings XI Punjab,Pune Warriors,Punjab Cricket Association Stadium  Mohali,Chandigarh,Kings XI Punjab,bat,Pune Warriors,Kings XI Punjab,2011-05-08,0,5
501241, Pune Warriors,Mumbai Indians,Dr DY Patil Sports Academy,Mumbai,Pune Warriors,field,Mumbai Indians,Pune Warriors,2011-05-04,21,0
829811, Rajasthan Royals,Kolkata Knight Riders,Brabourne Stadium,Mumbai,Rajasthan Royals,bat,Rajasthan Royals,Kolkata Knight Riders,2015-05-16,9,0
335983, Kings XI Punjab,Chennai Super Kings,Punjab Cricket Association Stadium  Mohali,Chandigarh,Chennai Super Kings,bat,Chennai Super Kings,Kings XI Punjab,2008-04-19,33,0
419147, Deccan Chargers,Chennai Super Kings,Vidarbha Cricket Association Stadium  Jamtha,Nagpur,Chennai Super Kings,bat,Deccan Chargers,Chennai Super Kings,2010-04-10,0,6
829783, Mumbai Indians,Delhi Daredevils,Wankhede Stadium,Mumbai,Delhi Daredevils,bat,Mumbai Indians,Delhi Daredevils,2015-05-05,0,5
501262, Pune Warriors,Kolkata Knight Riders,Dr DY Patil Sports Academy,Mumbai,Kolkata Knight Riders,field,Kolkata Knight Riders,Pune Warriors,2011-05-19,0,7
336020, Delhi Daredevils,Deccan Chargers,Feroz Shah Kotla,Delhi,Deccan Chargers,field,Delhi Daredevils,Deccan Chargers,2008-05-15,12,0
419113, Kolkata Knight Riders,Chennai Super Kings,Eden Gardens,Kolkata,Chennai Super Kings,bat,Chennai Super Kings,Kolkata Knight Riders,2010-03-16,55,0
548356, Royal Challengers Bangalore,Deccan Chargers,M Chinnaswamy Stadium,Bangalore,Royal Challengers Bangalore,field,Royal Challengers Bangalore,Deccan Chargers,2012-05-06,0,5
980953, Sunrisers Hyderabad,Royal Challengers Bangalore,Rajiv Gandhi International Stadium  Uppal,Hyderabad,Royal Challengers Bangalore,field,Sunrisers Hyderabad,Royal Challengers Bangalore,2016-04-30,15,0
598030, Chennai Super Kings,Sunrisers Hyderabad,MA Chidambaram Stadium  Chepauk,Chennai,Sunrisers Hyderabad,bat,Chennai Super Kings,Sunrisers Hyderabad,2013-04-25,0,5
392202, Chennai Super Kings,Rajasthan Royals,SuperSport Park,Centurion,Rajasthan Royals,field,Chennai Super Kings,Rajasthan Royals,2009-04-30,38,0
548319, Kings XI Punjab,Pune Warriors,Punjab Cricket Association Stadium  Mohali,Chandigarh,Kings XI Punjab,field,Kings XI Punjab,Pune Warriors,2012-04-12,0,7
829805, Mumbai Indians,Kolkata Knight Riders,Wankhede Stadium,Mumbai,Kolkata Knight Riders,field,Mumbai Indians,Kolkata Knight Riders,2015-05-14,5,0
501226, Chennai Super Kings,Pune Warriors,MA Chidambaram Stadium  Chepauk,Chennai,Pune Warriors,field,Chennai Super Kings,Pune Warriors,2011-04-25,25,0
548339, Kings XI Punjab,Mumbai Indians,Punjab Cricket Association Stadium  Mohali,Chandigarh,Kings XI Punjab,bat,Mumbai Indians,Kings XI Punjab,2012-04-25,0,4
729305, Rajasthan Royals,Royal Challengers Bangalore,Sheikh Zayed Stadium,Abu Dhabi,Rajasthan Royals,field,Rajasthan Royals,Royal Challengers Bangalore,2014-04-26,0,6
548336, Rajasthan Royals,Royal Challengers Bangalore,Sawai Mansingh Stadium,Jaipur,Rajasthan Royals,field,Royal Challengers Bangalore,Rajasthan Royals,2012-04-23,46,0
419117, Deccan Chargers,Kings XI Punjab,Barabati Stadium,Cuttack,Kings XI Punjab,field,Deccan Chargers,Kings XI Punjab,2010-03-19,6,0
501225, Rajasthan Royals,Kochi Tuskers Kerala,Sawai Mansingh Stadium,Jaipur,Rajasthan Royals,field,Rajasthan Royals,Kochi Tuskers Kerala,2011-04-24,0,8
501267, Kolkata Knight Riders,Mumbai Indians,Eden Gardens,Kolkata,Mumbai Indians,field,Mumbai Indians,Kolkata Knight Riders,2011-05-22,0,5
980973, Mumbai Indians,Sunrisers Hyderabad,Dr. Y.S. Rajasekhara Reddy ACA-VDCA Cricket Stadium,Visakhapatnam,Mumbai Indians,field,Sunrisers Hyderabad,Mumbai Indians,2016-05-08,85,0
548358, Pune Warriors,Rajasthan Royals,Subrata Roy Sahara Stadium,Pune,Pune Warriors,bat,Rajasthan Royals,Pune Warriors,2012-05-08,0,7
829773, Sunrisers Hyderabad,Chennai Super Kings,Rajiv Gandhi International Stadium  Uppal,Hyderabad,Chennai Super Kings,field,Sunrisers Hyderabad,Chennai Super Kings,2015-05-02,22,0
829767, Delhi Daredevils,Kings XI Punjab,Feroz Shah Kotla,Delhi,Delhi Daredevils,field,Delhi Daredevils,Kings XI Punjab,2015-05-01,0,9
980923, Sunrisers Hyderabad,Mumbai Indians,Rajiv Gandhi International Stadium  Uppal,Hyderabad,Sunrisers Hyderabad,field,Sunrisers Hyderabad,Mumbai Indians,2016-04-18,0,7
419151, Deccan Chargers,Royal Challengers Bangalore,Vidarbha Cricket Association Stadium  Jamtha,Nagpur,Royal Challengers Bangalore,field,Deccan Chargers,Royal Challengers Bangalore,2010-04-12,13,0
981017, Gujarat Lions,Sunrisers Hyderabad,Feroz Shah Kotla,Delhi,Sunrisers Hyderabad,field,Sunrisers Hyderabad,Gujarat Lions,2016-05-27,0,4
501200, Kochi Tuskers Kerala,Royal Challengers Bangalore,Nehru Stadium,Kochi,Kochi Tuskers Kerala,bat,Royal Challengers Bangalore,Kochi Tuskers Kerala,2011-04-09,0,6
392213, Royal Challengers Bangalore,Rajasthan Royals,SuperSport Park,Centurion,Rajasthan Royals,field,Rajasthan Royals,Royal Challengers Bangalore,2009-05-07,0,7
598021, Sunrisers Hyderabad,Kings XI Punjab,Rajiv Gandhi International Stadium  Uppal,Hyderabad,Kings XI Punjab,bat,Sunrisers Hyderabad,Kings XI Punjab,2013-04-19,0,5
829819, Royal Challengers Bangalore,Rajasthan Royals,Maharashtra Cricket Association Stadium,Pune,Royal Challengers Bangalore,bat,Royal Challengers Bangalore,Rajasthan Royals,2015-05-20,71,0
598067, Pune Warriors,Delhi Daredevils,Subrata Roy Sahara Stadium,Pune,Pune Warriors,bat,Pune Warriors,Delhi Daredevils,2013-05-19,38,0
501201, Delhi Daredevils,Mumbai Indians,Feroz Shah Kotla,Delhi,Delhi Daredevils,bat,Mumbai Indians,Delhi Daredevils,2011-04-10,0,8
981015, Sunrisers Hyderabad,Kolkata Knight Riders,Feroz Shah Kotla,Delhi,Kolkata Knight Riders,field,Sunrisers Hyderabad,Kolkata Knight Riders,2016-05-25,22,0
336038, Delhi Daredevils,Rajasthan Royals,Wankhede Stadium,Mumbai,Delhi Daredevils,field,Rajasthan Royals,Delhi Daredevils,2008-05-30,105,0
419129, Rajasthan Royals,Chennai Super Kings,Sardar Patel Stadium  Motera,Ahmedabad,Rajasthan Royals,bat,Rajasthan Royals,Chennai Super Kings,2010-03-28,17,0
829807, Sunrisers Hyderabad,Royal Challengers Bangalore,Rajiv Gandhi International Stadium  Uppal,Hyderabad,Sunrisers Hyderabad,bat,Royal Challengers Bangalore,Sunrisers Hyderabad,2015-05-15,0,6
598026, Chennai Super Kings,Rajasthan Royals,MA Chidambaram Stadium  Chepauk,Chennai,Rajasthan Royals,bat,Chennai Super Kings,Rajasthan Royals,2013-04-22,0,5
336009, Delhi Daredevils,Chennai Super Kings,Feroz Shah Kotla,Delhi,Chennai Super Kings,field,Chennai Super Kings,Delhi Daredevils,2008-05-08,0,4
548353, Kolkata Knight Riders,Pune Warriors,Eden Gardens,Kolkata,Kolkata Knight Riders,bat,Kolkata Knight Riders,Pune Warriors,2012-05-05,7,0
419162, Royal Challengers Bangalore,Mumbai Indians,Dr DY Patil Sports Academy,Mumbai,Mumbai Indians,bat,Mumbai Indians,Royal Challengers Bangalore,2010-04-21,35,0
419115, Royal Challengers Bangalore,Rajasthan Royals,M Chinnaswamy Stadium,Bangalore,Royal Challengers Bangalore,field,Royal Challengers Bangalore,Rajasthan Royals,2010-03-18,0,10
392200, Kings XI Punjab,Mumbai Indians,Kingsmead,Durban,Kings XI Punjab,bat,Kings XI Punjab,Mumbai Indians,2009-04-29,3,0
548333, Delhi Daredevils,Pune Warriors,Feroz Shah Kotla,Delhi,Delhi Daredevils,field,Pune Warriors,Delhi Daredevils,2012-04-21,20,0
980969, Royal Challengers Bangalore,Rising Pune Supergiants,M Chinnaswamy Stadium,Bangalore,Royal Challengers Bangalore,field,Royal Challengers Bangalore,Rising Pune Supergiants,2016-05-07,0,7
501229, Kochi Tuskers Kerala,Deccan Chargers,Nehru Stadium,Kochi,Kochi Tuskers Kerala,field,Deccan Chargers,Kochi Tuskers Kerala,2011-04-27,55,0
598011, Mumbai Indians,Pune Warriors,Wankhede Stadium,Mumbai,Mumbai Indians,bat,Mumbai Indians,Pune Warriors,2013-04-13,41,0
734029, Chennai Super Kings,Sunrisers Hyderabad,JSCA International Stadium Complex,Ranchi,Sunrisers Hyderabad,field,Sunrisers Hyderabad,Chennai Super Kings,2014-05-22,0,6
733997, Kings XI Punjab,Kolkata Knight Riders,Barabati Stadium,Cuttack,Kolkata Knight Riders,field,Kolkata Knight Riders,Kings XI Punjab,2014-05-11,0,9
335994, Mumbai Indians,Deccan Chargers,Dr DY Patil Sports Academy,Mumbai,Deccan Chargers,field,Deccan Chargers,Mumbai Indians,2008-04-27,0,10
734027, Kolkata Knight Riders,Royal Challengers Bangalore,Eden Gardens,Kolkata,Royal Challengers Bangalore,field,Kolkata Knight Riders,Royal Challengers Bangalore,2014-05-22,30,0
548362, Pune Warriors,Royal Challengers Bangalore,Subrata Roy Sahara Stadium,Pune,Pune Warriors,field,Royal Challengers Bangalore,Pune Warriors,2012-05-11,35,0
598053, Pune Warriors,Kolkata Knight Riders,Subrata Roy Sahara Stadium,Pune,Kolkata Knight Riders,bat,Kolkata Knight Riders,Pune Warriors,2013-05-09,46,0
548370, Mumbai Indians,Kolkata Knight Riders,Wankhede Stadium,Mumbai,Mumbai Indians,field,Kolkata Knight Riders,Mumbai Indians,2012-05-16,32,0
598070, Chennai Super Kings,Mumbai Indians,Feroz Shah Kotla,Delhi,Chennai Super Kings,bat,Chennai Super Kings,Mumbai Indians,2013-05-21,48,0
501230, Delhi Daredevils,Kolkata Knight Riders,Feroz Shah Kotla,Delhi,Delhi Daredevils,field,Kolkata Knight Riders,Delhi Daredevils,2011-04-28,17,0
392230, Delhi Daredevils,Rajasthan Royals,OUTsurance Oval,Bloemfontein,Delhi Daredevils,bat,Delhi Daredevils,Rajasthan Royals,2009-05-17,14,0
392239, Royal Challengers Bangalore,Deccan Chargers,New Wanderers Stadium,Johannesburg,Royal Challengers Bangalore,field,Deccan Chargers,Royal Challengers Bangalore,2009-05-24,6,0
335989, Chennai Super Kings,Mumbai Indians,MA Chidambaram Stadium  Chepauk,Chennai,Mumbai Indians,field,Chennai Super Kings,Mumbai Indians,2008-04-23,6,0
598020, Delhi Daredevils,Chennai Super Kings,Feroz Shah Kotla,Delhi,Chennai Super Kings,bat,Chennai Super Kings,Delhi Daredevils,2013-04-18,86,0
829821, Chennai Super Kings,Royal Challengers Bangalore,JSCA International Stadium Complex,Ranchi,Chennai Super Kings,field,Chennai Super Kings,Royal Challengers Bangalore,2015-05-22,0,3
598033, Mumbai Indians,Royal Challengers Bangalore,Wankhede Stadium,Mumbai,Mumbai Indians,bat,Mumbai Indians,Royal Challengers Bangalore,2013-04-27,58,0
501202, Pune Warriors,Kings XI Punjab,Dr DY Patil Sports Academy,Mumbai,Kings XI Punjab,bat,Pune Warriors,Kings XI Punjab,2011-04-10,0,7
335992, Royal Challengers Bangalore,Rajasthan Royals,M Chinnaswamy Stadium,Bangalore,Rajasthan Royals,field,Rajasthan Royals,Royal Challengers Bangalore,2008-04-26,0,7
598019, Rajasthan Royals,Mumbai Indians,Sawai Mansingh Stadium,Jaipur,Rajasthan Royals,bat,Rajasthan Royals,Mumbai Indians,2013-04-17,87,0
598039, Sunrisers Hyderabad,Mumbai Indians,Rajiv Gandhi International Stadium  Uppal,Hyderabad,Mumbai Indians,bat,Sunrisers Hyderabad,Mumbai Indians,2013-05-01,0,7
598060, Mumbai Indians,Sunrisers Hyderabad,Wankhede Stadium,Mumbai,Sunrisers Hyderabad,bat,Mumbai Indians,Sunrisers Hyderabad,2013-05-13,0,7
598005, Rajasthan Royals,Kolkata Knight Riders,Sawai Mansingh Stadium,Jaipur,Kolkata Knight Riders,field,Rajasthan Royals,Kolkata Knight Riders,2013-04-08,19,0
829723, Kolkata Knight Riders,Chennai Super Kings,Eden Gardens,Kolkata,Kolkata Knight Riders,field,Kolkata Knight Riders,Chennai Super Kings,2015-04-30,0,7
598044, Sunrisers Hyderabad,Delhi Daredevils,Rajiv Gandhi International Stadium  Uppal,Hyderabad,Delhi Daredevils,bat,Sunrisers Hyderabad,Delhi Daredevils,2013-05-04,0,6
729307, Kolkata Knight Riders,Kings XI Punjab,Sheikh Zayed Stadium,Abu Dhabi,Kolkata Knight Riders,field,Kings XI Punjab,Kolkata Knight Riders,2014-04-26,23,0
980991, Kings XI Punjab,Sunrisers Hyderabad,Punjab Cricket Association IS Bindra Stadium  Mohali,Chandigarh,Kings XI Punjab,bat,Sunrisers Hyderabad,Kings XI Punjab,2016-05-15,0,7
392223, Deccan Chargers,Delhi Daredevils,Kingsmead,Durban,Deccan Chargers,field,Delhi Daredevils,Deccan Chargers,2009-05-13,12,0
419125, Mumbai Indians,Chennai Super Kings,Brabourne Stadium,Mumbai,Mumbai Indians,field,Mumbai Indians,Chennai Super Kings,2010-03-25,0,5
980907, Royal Challengers Bangalore,Sunrisers Hyderabad,M Chinnaswamy Stadium,Bangalore,Sunrisers Hyderabad,field,Royal Challengers Bangalore,Sunrisers Hyderabad,2016-04-12,45,0
336027, Kolkata Knight Riders,Rajasthan Royals,Eden Gardens,Kolkata,Rajasthan Royals,field,Rajasthan Royals,Kolkata Knight Riders,2008-05-20,0,6
598048, Royal Challengers Bangalore,Sunrisers Hyderabad,M Chinnaswamy Stadium,Bangalore,Sunrisers Hyderabad,bat,Royal Challengers Bangalore,Sunrisers Hyderabad,2013-04-09,0,7
335984, Delhi Daredevils,Rajasthan Royals,Feroz Shah Kotla,Delhi,Rajasthan Royals,bat,Delhi Daredevils,Rajasthan Royals,2008-04-19,0,9
419109, Kolkata Knight Riders,Royal Challengers Bangalore,Eden Gardens,Kolkata,Kolkata Knight Riders,field,Kolkata Knight Riders,Royal Challengers Bangalore,2010-03-14,0,7
980921, Royal Challengers Bangalore,Delhi Daredevils,M Chinnaswamy Stadium,Bangalore,Delhi Daredevils,field,Delhi Daredevils,Royal Challengers Bangalore,2016-04-17,0,7
548307, Kolkata Knight Riders,Delhi Daredevils,Eden Gardens,Kolkata,Delhi Daredevils,field,Delhi Daredevils,Kolkata Knight Riders,2012-04-05,0,8
392227, Chennai Super Kings,Mumbai Indians,St George's Park,Port Elizabeth,Mumbai Indians,bat,Chennai Super Kings,Mumbai Indians,2009-05-16,0,7
733993, Delhi Daredevils,Sunrisers Hyderabad,Feroz Shah Kotla,Delhi,Sunrisers Hyderabad,field,Sunrisers Hyderabad,Delhi Daredevils,2014-05-10,0,8
392231, Chennai Super Kings,Kolkata Knight Riders,SuperSport Park,Centurion,Chennai Super Kings,bat,Kolkata Knight Riders,Chennai Super Kings,2009-05-18,0,7
734025, Kings XI Punjab,Mumbai Indians,Punjab Cricket Association Stadium  Mohali,Chandigarh,Mumbai Indians,field,Mumbai Indians,Kings XI Punjab,2014-05-21,0,7
829705, Kolkata Knight Riders,Mumbai Indians,Eden Gardens,Kolkata,Kolkata Knight Riders,field,Kolkata Knight Riders,Mumbai Indians,2015-04-08,0,7
392207, Kings XI Punjab,Kolkata Knight Riders,St George's Park,Port Elizabeth,Kolkata Knight Riders,bat,Kings XI Punjab,Kolkata Knight Riders,2009-05-03,0,6
419114, Delhi Daredevils,Mumbai Indians,Feroz Shah Kotla,Delhi,Delhi Daredevils,field,Mumbai Indians,Delhi Daredevils,2010-03-17,98,0
829793, Delhi Daredevils,Sunrisers Hyderabad,Shaheed Veer Narayan Singh International Stadium,Raipur,Sunrisers Hyderabad,bat,Sunrisers Hyderabad,Delhi Daredevils,2015-05-09,6,0
598061, Kolkata Knight Riders,Pune Warriors,JSCA International Stadium Complex,Ranchi,Kolkata Knight Riders,field,Pune Warriors,Kolkata Knight Riders,2013-05-15,7,0
980917, Mumbai Indians,Gujarat Lions,Wankhede Stadium,Mumbai,Gujarat Lions,field,Gujarat Lions,Mumbai Indians,2016-04-16,0,3
392189, Chennai Super Kings,Delhi Daredevils,Kingsmead,Durban,Delhi Daredevils,bat,Delhi Daredevils,Chennai Super Kings,2009-04-23,9,0
598015, Chennai Super Kings,Pune Warriors,MA Chidambaram Stadium  Chepauk,Chennai,Pune Warriors,bat,Pune Warriors,Chennai Super Kings,2013-04-15,24,0
548325, Mumbai Indians,Delhi Daredevils,Wankhede Stadium,Mumbai,Delhi Daredevils,field,Delhi Daredevils,Mumbai Indians,2012-04-16,0,7
980967, Sunrisers Hyderabad,Gujarat Lions,Rajiv Gandhi International Stadium  Uppal,Hyderabad,Sunrisers Hyderabad,field,Sunrisers Hyderabad,Gujarat Lions,2016-05-06,0,5
829765, Chennai Super Kings,Kolkata Knight Riders,MA Chidambaram Stadium  Chepauk,Chennai,Kolkata Knight Riders,field,Chennai Super Kings,Kolkata Knight Riders,2015-04-28,2,0
336014, Deccan Chargers,Kolkata Knight Riders,Rajiv Gandhi International Stadium  Uppal,Hyderabad,Kolkata Knight Riders,bat,Kolkata Knight Riders,Deccan Chargers,2008-05-11,23,0
980999, Royal Challengers Bangalore,Kings XI Punjab,M Chinnaswamy Stadium,Bangalore,Kings XI Punjab,field,Royal Challengers Bangalore,Kings XI Punjab,2016-05-18,82,0
419112, Royal Challengers Bangalore,Kings XI Punjab,M Chinnaswamy Stadium,Bangalore,Kings XI Punjab,bat,Royal Challengers Bangalore,Kings XI Punjab,2010-03-16,0,8
419135, Kolkata Knight Riders,Deccan Chargers,Eden Gardens,Kolkata,Kolkata Knight Riders,bat,Kolkata Knight Riders,Deccan Chargers,2010-04-01,24,0
829745, Royal Challengers Bangalore,Chennai Super Kings,M Chinnaswamy Stadium,Bangalore,Royal Challengers Bangalore,field,Chennai Super Kings,Royal Challengers Bangalore,2015-04-22,27,0
598069, Sunrisers Hyderabad,Kolkata Knight Riders,Rajiv Gandhi International Stadium  Uppal,Hyderabad,Kolkata Knight Riders,bat,Sunrisers Hyderabad,Kolkata Knight Riders,2013-05-19,0,5
392199, Royal Challengers Bangalore,Kolkata Knight Riders,Kingsmead,Durban,Kolkata Knight Riders,bat,Royal Challengers Bangalore,Kolkata Knight Riders,2009-04-29,0,5
419110, Chennai Super Kings,Deccan Chargers,MA Chidambaram Stadium  Chepauk,Chennai,Deccan Chargers,bat,Deccan Chargers,Chennai Super Kings,2010-03-14,31,0
829747, Delhi Daredevils,Mumbai Indians,Feroz Shah Kotla,Delhi,Mumbai Indians,field,Delhi Daredevils,Mumbai Indians,2015-04-23,37,0
980947, Mumbai Indians,Kolkata Knight Riders,Wankhede Stadium,Mumbai,Mumbai Indians,field,Mumbai Indians,Kolkata Knight Riders,2016-04-28,0,6
501234, Kolkata Knight Riders,Kings XI Punjab,Eden Gardens,Kolkata,Kolkata Knight Riders,field,Kolkata Knight Riders,Kings XI Punjab,2011-04-30,0,8
336012, Royal Challengers Bangalore,Mumbai Indians,M Chinnaswamy Stadium,Bangalore,Mumbai Indians,field,Mumbai Indians,Royal Challengers Bangalore,2008-05-28,0,9
392229, Deccan Chargers,Kings XI Punjab,New Wanderers Stadium,Johannesburg,Deccan Chargers,field,Kings XI Punjab,Deccan Chargers,2009-05-17,1,0
829809, Kings XI Punjab,Chennai Super Kings,Punjab Cricket Association Stadium  Mohali,Chandigarh,Kings XI Punjab,bat,Chennai Super Kings,Kings XI Punjab,2015-05-16,0,7
829721, Rajasthan Royals,Mumbai Indians,Sardar Patel Stadium  Motera,Ahmedabad,Mumbai Indians,bat,Rajasthan Royals,Mumbai Indians,2015-04-14,0,7
734015, Sunrisers Hyderabad,Kolkata Knight Riders,Rajiv Gandhi International Stadium  Uppal,Hyderabad,Sunrisers Hyderabad,bat,Kolkata Knight Riders,Sunrisers Hyderabad,2014-05-18,0,7
981011, Delhi Daredevils,Royal Challengers Bangalore,Shaheed Veer Narayan Singh International Stadium,Raipur,Royal Challengers Bangalore,field,Royal Challengers Bangalore,Delhi Daredevils,2016-05-22,0,6
419107, Mumbai Indians,Rajasthan Royals,Brabourne Stadium,Mumbai,Mumbai Indians,bat,Mumbai Indians,Rajasthan Royals,2010-03-13,4,0
829707, Chennai Super Kings,Delhi Daredevils,MA Chidambaram Stadium  Chepauk,Chennai,Delhi Daredevils,field,Chennai Super Kings,Delhi Daredevils,2015-04-09,1,0
501228, Pune Warriors,Chennai Super Kings,Dr DY Patil Sports Academy,Mumbai,Pune Warriors,bat,Chennai Super Kings,Pune Warriors,2011-04-27,0,8
392226, Delhi Daredevils,Kings XI Punjab,OUTsurance Oval,Bloemfontein,Kings XI Punjab,field,Kings XI Punjab,Delhi Daredevils,2009-05-15,0,6
548306, Chennai Super Kings,Mumbai Indians,MA Chidambaram Stadium  Chepauk,Chennai,Mumbai Indians,field,Mumbai Indians,Chennai Super Kings,2012-04-04,0,8
734003, Chennai Super Kings,Rajasthan Royals,JSCA International Stadium Complex,Ranchi,Rajasthan Royals,bat,Chennai Super Kings,Rajasthan Royals,2014-05-13,0,5
392182, Royal Challengers Bangalore,Rajasthan Royals,Newlands,Cape Town,Royal Challengers Bangalore,bat,Royal Challengers Bangalore,Rajasthan Royals,2009-04-18,75,0
980983, Sunrisers Hyderabad,Delhi Daredevils,Rajiv Gandhi International Stadium  Uppal,Hyderabad,Delhi Daredevils,field,Delhi Daredevils,Sunrisers Hyderabad,2016-05-12,0,7
336002, Deccan Chargers,Royal Challengers Bangalore,Rajiv Gandhi International Stadium  Uppal,Hyderabad,Deccan Chargers,bat,Royal Challengers Bangalore,Deccan Chargers,2008-05-25,0,5
980993, Mumbai Indians,Delhi Daredevils,Dr. Y.S. Rajasekhara Reddy ACA-VDCA Cricket Stadium,Visakhapatnam,Delhi Daredevils,field,Mumbai Indians,Delhi Daredevils,2016-05-15,80,0
729283, Chennai Super Kings,Kings XI Punjab,Sheikh Zayed Stadium,Abu Dhabi,Chennai Super Kings,bat,Kings XI Punjab,Chennai Super Kings,2014-04-18,0,6
548350, Royal Challengers Bangalore,Kings XI Punjab,M Chinnaswamy Stadium,Bangalore,Kings XI Punjab,field,Kings XI Punjab,Royal Challengers Bangalore,2012-05-02,0,4
548374, Kings XI Punjab,Delhi Daredevils,Himachal Pradesh Cricket Association Stadium,Dharamsala,Delhi Daredevils,field,Delhi Daredevils,Kings XI Punjab,2012-05-19,0,6
392212, Deccan Chargers,Mumbai Indians,SuperSport Park,Centurion,Deccan Chargers,bat,Deccan Chargers,Mumbai Indians,2009-05-06,19,0
829795, Mumbai Indians,Royal Challengers Bangalore,Wankhede Stadium,Mumbai,Royal Challengers Bangalore,bat,Royal Challengers Bangalore,Mumbai Indians,2015-05-10,39,0
335999, Deccan Chargers,Kings XI Punjab,Rajiv Gandhi International Stadium  Uppal,Hyderabad,Kings XI Punjab,field,Kings XI Punjab,Deccan Chargers,2008-05-01,0,7
829729, Mumbai Indians,Chennai Super Kings,Wankhede Stadium,Mumbai,Mumbai Indians,bat,Chennai Super Kings,Mumbai Indians,2015-04-17,0,6
335982, Royal Challengers Bangalore,Kolkata Knight Riders,M Chinnaswamy Stadium,Bangalore,Royal Challengers Bangalore,field,Kolkata Knight Riders,Royal Challengers Bangalore,2008-04-18,140,0
734013, Chennai Super Kings,Royal Challengers Bangalore,JSCA International Stadium Complex,Ranchi,Chennai Super Kings,bat,Royal Challengers Bangalore,Chennai Super Kings,2014-05-18,0,5
501223, Delhi Daredevils,Kings XI Punjab,Feroz Shah Kotla,Delhi,Kings XI Punjab,field,Delhi Daredevils,Kings XI Punjab,2011-04-23,29,0
419141, Deccan Chargers,Rajasthan Royals,Vidarbha Cricket Association Stadium  Jamtha,Nagpur,Rajasthan Royals,bat,Rajasthan Royals,Deccan Chargers,2010-04-05,2,0
336040, Chennai Super Kings,Rajasthan Royals,Dr DY Patil Sports Academy,Mumbai,Rajasthan Royals,field,Rajasthan Royals,Chennai Super Kings,2008-06-01,0,3
548380, Delhi Daredevils,Chennai Super Kings,MA Chidambaram Stadium  Chepauk,Chennai,Delhi Daredevils,field,Chennai Super Kings,Delhi Daredevils,2012-05-25,86,0
548315, Royal Challengers Bangalore,Kolkata Knight Riders,M Chinnaswamy Stadium,Bangalore,Royal Challengers Bangalore,field,Kolkata Knight Riders,Royal Challengers Bangalore,2012-04-10,42,0
501209, Rajasthan Royals,Kolkata Knight Riders,Sawai Mansingh Stadium,Jaipur,Kolkata Knight Riders,field,Kolkata Knight Riders,Rajasthan Royals,2011-04-15,0,9
980963, Kolkata Knight Riders,Kings XI Punjab,Eden Gardens,Kolkata,Kings XI Punjab,field,Kolkata Knight Riders,Kings XI Punjab,2016-05-04,7,0
419106, Deccan Chargers,Kolkata Knight Riders,Dr DY Patil Sports Academy,Mumbai,Deccan Chargers,field,Kolkata Knight Riders,Deccan Chargers,2010-03-12,11,0
392218, Royal Challengers Bangalore,Mumbai Indians,St George's Park,Port Elizabeth,Mumbai Indians,bat,Mumbai Indians,Royal Challengers Bangalore,2009-05-10,16,0
501222, Kolkata Knight Riders,Royal Challengers Bangalore,Eden Gardens,Kolkata,Royal Challengers Bangalore,field,Royal Challengers Bangalore,Kolkata Knight Riders,2011-04-22,0,9
335998, Delhi Daredevils,Royal Challengers Bangalore,Feroz Shah Kotla,Delhi,Royal Challengers Bangalore,field,Delhi Daredevils,Royal Challengers Bangalore,2008-04-30,10,0
548341, Pune Warriors,Deccan Chargers,Subrata Roy Sahara Stadium,Pune,Deccan Chargers,bat,Deccan Chargers,Pune Warriors,2012-04-26,18,0
598037, Mumbai Indians,Kings XI Punjab,Wankhede Stadium,Mumbai,Mumbai Indians,bat,Mumbai Indians,Kings XI Punjab,2013-04-29,4,0
829715, Delhi Daredevils,Rajasthan Royals,Feroz Shah Kotla,Delhi,Rajasthan Royals,field,Rajasthan Royals,Delhi Daredevils,2015-04-12,0,3
980913, Delhi Daredevils,Kings XI Punjab,Feroz Shah Kotla,Delhi,Delhi Daredevils,field,Delhi Daredevils,Kings XI Punjab,2016-04-15,0,8
980997, Rising Pune Supergiants,Delhi Daredevils,Dr. Y.S. Rajasekhara Reddy ACA-VDCA Cricket Stadium,Visakhapatnam,Rising Pune Supergiants,field,Rising Pune Supergiants,Delhi Daredevils,2016-05-17,19,0
335993, Chennai Super Kings,Kolkata Knight Riders,MA Chidambaram Stadium  Chepauk,Chennai,Kolkata Knight Riders,bat,Chennai Super Kings,Kolkata Knight Riders,2008-04-26,0,9
501203, Kolkata Knight Riders,Deccan Chargers,Eden Gardens,Kolkata,Kolkata Knight Riders,bat,Kolkata Knight Riders,Deccan Chargers,2011-04-11,9,0
392194, Royal Challengers Bangalore,Delhi Daredevils,St George's Park,Port Elizabeth,Royal Challengers Bangalore,bat,Delhi Daredevils,Royal Challengers Bangalore,2009-04-26,0,6
598006, Mumbai Indians,Delhi Daredevils,Wankhede Stadium,Mumbai,Mumbai Indians,bat,Mumbai Indians,Delhi Daredevils,2013-04-09,44,0
980971, Kings XI Punjab,Delhi Daredevils,Punjab Cricket Association IS Bindra Stadium  Mohali,Chandigarh,Delhi Daredevils,field,Kings XI Punjab,Delhi Daredevils,2016-05-07,9,0
419128, Royal Challengers Bangalore,Delhi Daredevils,M Chinnaswamy Stadium,Bangalore,Royal Challengers Bangalore,field,Delhi Daredevils,Royal Challengers Bangalore,2010-03-25,17,0
392203, Kolkata Knight Riders,Mumbai Indians,Buffalo Park,East London,Mumbai Indians,bat,Mumbai Indians,Kolkata Knight Riders,2009-05-01,9,0
501227, Delhi Daredevils,Royal Challengers Bangalore,Feroz Shah Kotla,Delhi,Royal Challengers Bangalore,field,Royal Challengers Bangalore,Delhi Daredevils,2011-04-26,0,3
980915, Sunrisers Hyderabad,Kolkata Knight Riders,Rajiv Gandhi International Stadium  Uppal,Hyderabad,Sunrisers Hyderabad,bat,Kolkata Knight Riders,Sunrisers Hyderabad,2016-04-16,0,8
392224, Royal Challengers Bangalore,Chennai Super Kings,Kingsmead,Durban,Chennai Super Kings,bat,Royal Challengers Bangalore,Chennai Super Kings,2009-05-14,0,2
829775, Kings XI Punjab,Mumbai Indians,Punjab Cricket Association Stadium  Mohali,Chandigarh,Mumbai Indians,bat,Mumbai Indians,Kings XI Punjab,2015-05-03,23,0
419153, Chennai Super Kings,Kolkata Knight Riders,MA Chidambaram Stadium  Chepauk,Chennai,Kolkata Knight Riders,bat,Chennai Super Kings,Kolkata Knight Riders,2010-04-13,0,9
336000, Rajasthan Royals,Kolkata Knight Riders,Sawai Mansingh Stadium,Jaipur,Rajasthan Royals,bat,Rajasthan Royals,Kolkata Knight Riders,2008-05-01,45,0
598062, Chennai Super Kings,Delhi Daredevils,MA Chidambaram Stadium  Chepauk,Chennai,Chennai Super Kings,bat,Chennai Super Kings,Delhi Daredevils,2013-05-14,33,0
419142, Chennai Super Kings,Mumbai Indians,MA Chidambaram Stadium  Chepauk,Chennai,Chennai Super Kings,bat,Chennai Super Kings,Mumbai Indians,2010-04-06,24,0
733995, Mumbai Indians,Chennai Super Kings,Wankhede Stadium,Mumbai,Chennai Super Kings,field,Chennai Super Kings,Mumbai Indians,2014-05-10,0,4
548334, Mumbai Indians,Kings XI Punjab,Wankhede Stadium,Mumbai,Mumbai Indians,bat,Kings XI Punjab,Mumbai Indians,2012-04-22,0,6
548346, Mumbai Indians,Deccan Chargers,Wankhede Stadium,Mumbai,Mumbai Indians,field,Mumbai Indians,Deccan Chargers,2012-04-29,0,5
598036, Rajasthan Royals,Royal Challengers Bangalore,Sawai Mansingh Stadium,Jaipur,Rajasthan Royals,field,Rajasthan Royals,Royal Challengers Bangalore,2013-04-29,0,4
548372, Delhi Daredevils,Royal Challengers Bangalore,Feroz Shah Kotla,Delhi,Delhi Daredevils,field,Royal Challengers Bangalore,Delhi Daredevils,2012-05-17,21,0
548323, Kolkata Knight Riders,Kings XI Punjab,Eden Gardens,Kolkata,Kolkata Knight Riders,field,Kings XI Punjab,Kolkata Knight Riders,2012-04-15,2,0
419145, Royal Challengers Bangalore,Deccan Chargers,M Chinnaswamy Stadium,Bangalore,Deccan Chargers,field,Deccan Chargers,Royal Challengers Bangalore,2010-04-08,0,7
980949, Rising Pune Supergiants,Gujarat Lions,Maharashtra Cricket Association Stadium,Pune,Gujarat Lions,field,Gujarat Lions,Rising Pune Supergiants,2016-04-29,0,3
829817, Chennai Super Kings,Mumbai Indians,Wankhede Stadium,Mumbai,Mumbai Indians,bat,Mumbai Indians,Chennai Super Kings,2015-05-19,25,0
336008, Mumbai Indians,Rajasthan Royals,Dr DY Patil Sports Academy,Mumbai,Mumbai Indians,field,Mumbai Indians,Rajasthan Royals,2008-05-07,0,7
734041, Mumbai Indians,Rajasthan Royals,Wankhede Stadium,Mumbai,Mumbai Indians,field,Mumbai Indians,Rajasthan Royals,2014-05-25,0,5
501206, Kings XI Punjab,Chennai Super Kings,Punjab Cricket Association Stadium  Mohali,Chandigarh,Kings XI Punjab,field,Kings XI Punjab,Chennai Super Kings,2011-04-13,0,6
548348, Deccan Chargers,Pune Warriors,Barabati Stadium,Cuttack,Deccan Chargers,bat,Deccan Chargers,Pune Warriors,2012-05-01,13,0
598018, Pune Warriors,Sunrisers Hyderabad,Subrata Roy Sahara Stadium,Pune,Pune Warriors,field,Sunrisers Hyderabad,Pune Warriors,2013-04-17,11,0
501268, Royal Challengers Bangalore,Chennai Super Kings,Wankhede Stadium,Mumbai,Chennai Super Kings,field,Chennai Super Kings,Royal Challengers Bangalore,2011-05-24,0,6
548322, Pune Warriors,Chennai Super Kings,Subrata Roy Sahara Stadium,Pune,Chennai Super Kings,bat,Pune Warriors,Chennai Super Kings,2012-04-14,0,7
980933, Delhi Daredevils,Mumbai Indians,Feroz Shah Kotla,Delhi,Mumbai Indians,field,Delhi Daredevils,Mumbai Indians,2016-04-23,10,0
829777, Rajasthan Royals,Delhi Daredevils,Brabourne Stadium,Mumbai,Delhi Daredevils,field,Rajasthan Royals,Delhi Daredevils,2015-05-03,14,0
598031, Kolkata Knight Riders,Kings XI Punjab,Eden Gardens,Kolkata,Kings XI Punjab,bat,Kolkata Knight Riders,Kings XI Punjab,2013-04-26,0,6
501252, Rajasthan Royals,Royal Challengers Bangalore,Sawai Mansingh Stadium,Jaipur,Royal Challengers Bangalore,field,Royal Challengers Bangalore,Rajasthan Royals,2011-05-11,0,9
335988, Deccan Chargers,Delhi Daredevils,Rajiv Gandhi International Stadium  Uppal,Hyderabad,Deccan Chargers,bat,Delhi Daredevils,Deccan Chargers,2008-04-22,0,9
501270, Royal Challengers Bangalore,Mumbai Indians,MA Chidambaram Stadium  Chepauk,Chennai,Mumbai Indians,field,Royal Challengers Bangalore,Mumbai Indians,2011-05-27,43,0
501257, Kings XI Punjab,Delhi Daredevils,Himachal Pradesh Cricket Association Stadium,Dharamsala,Delhi Daredevils,field,Kings XI Punjab,Delhi Daredevils,2011-05-15,29,0
598040, Delhi Daredevils,Kolkata Knight Riders,Shaheed Veer Narayan Singh International Stadium,Raipur,Kolkata Knight Riders,bat,Delhi Daredevils,Kolkata Knight Riders,2013-05-01,0,7
980937, Gujarat Lions,Royal Challengers Bangalore,Saurashtra Cricket Association Stadium,Rajkot,Royal Challengers Bangalore,bat,Gujarat Lions,Royal Challengers Bangalore,2016-04-24,0,6
392188, Royal Challengers Bangalore,Deccan Chargers,Newlands,Cape Town,Deccan Chargers,bat,Deccan Chargers,Royal Challengers Bangalore,2009-04-22,24,0
419122, Mumbai Indians,Kolkata Knight Riders,Brabourne Stadium,Mumbai,Kolkata Knight Riders,bat,Mumbai Indians,Kolkata Knight Riders,2010-03-22,0,7
336007, Chennai Super Kings,Deccan Chargers,MA Chidambaram Stadium  Chepauk,Chennai,Deccan Chargers,field,Deccan Chargers,Chennai Super Kings,2008-05-06,0,7
548327, Royal Challengers Bangalore,Pune Warriors,M Chinnaswamy Stadium,Bangalore,Pune Warriors,bat,Royal Challengers Bangalore,Pune Warriors,2012-04-17,0,6
829771, Royal Challengers Bangalore,Kolkata Knight Riders,M Chinnaswamy Stadium,Bangalore,Royal Challengers Bangalore,field,Royal Challengers Bangalore,Kolkata Knight Riders,2015-05-02,0,7
980995, Kolkata Knight Riders,Royal Challengers Bangalore,Eden Gardens,Kolkata,Royal Challengers Bangalore,field,Royal Challengers Bangalore,Kolkata Knight Riders,2016-05-16,0,9
336004, Mumbai Indians,Delhi Daredevils,Dr DY Patil Sports Academy,Mumbai,Delhi Daredevils,field,Mumbai Indians,Delhi Daredevils,2008-05-04,29,0
392234, Chennai Super Kings,Kings XI Punjab,Kingsmead,Durban,Chennai Super Kings,bat,Chennai Super Kings,Kings XI Punjab,2009-05-20,24,0
980977, Kings XI Punjab,Royal Challengers Bangalore,Punjab Cricket Association IS Bindra Stadium  Mohali,Chandigarh,Kings XI Punjab,field,Royal Challengers Bangalore,Kings XI Punjab,2016-05-09,1,0
981007, Gujarat Lions,Mumbai Indians,Green Park,Kanpur,Gujarat Lions,field,Gujarat Lions,Mumbai Indians,2016-05-21,0,6
419119, Mumbai Indians,Royal Challengers Bangalore,Brabourne Stadium,Mumbai,Mumbai Indians,bat,Royal Challengers Bangalore,Mumbai Indians,2010-03-20,0,7
392206, Chennai Super Kings,Delhi Daredevils,New Wanderers Stadium,Johannesburg,Delhi Daredevils,field,Chennai Super Kings,Delhi Daredevils,2009-05-02,18,0
501249, Rajasthan Royals,Chennai Super Kings,Sawai Mansingh Stadium,Jaipur,Rajasthan Royals,field,Chennai Super Kings,Rajasthan Royals,2011-05-09,63,0
598027, Royal Challengers Bangalore,Pune Warriors,M Chinnaswamy Stadium,Bangalore,Pune Warriors,field,Royal Challengers Bangalore,Pune Warriors,2013-04-23,130,0
419163, Chennai Super Kings,Deccan Chargers,Dr DY Patil Sports Academy,Mumbai,Chennai Super Kings,bat,Chennai Super Kings,Deccan Chargers,2010-04-22,38,0
829761, Kolkata Knight Riders,Delhi Daredevils,Eden Gardens,Kolkata,Kolkata Knight Riders,bat,Kolkata Knight Riders,Delhi Daredevils,2015-05-07,13,0
734047, Chennai Super Kings,Kings XI Punjab,Wankhede Stadium,Mumbai,Chennai Super Kings,field,Kings XI Punjab,Chennai Super Kings,2014-05-30,24,0
829769, Mumbai Indians,Rajasthan Royals,Wankhede Stadium,Mumbai,Rajasthan Royals,field,Mumbai Indians,Rajasthan Royals,2015-05-01,8,0
419143, Rajasthan Royals,Kings XI Punjab,Sawai Mansingh Stadium,Jaipur,Kings XI Punjab,bat,Rajasthan Royals,Kings XI Punjab,2010-04-07,0,9
336021, Mumbai Indians,Kolkata Knight Riders,Wankhede Stadium,Mumbai,Mumbai Indians,field,Mumbai Indians,Kolkata Knight Riders,2008-05-16,0,8
501254, Kochi Tuskers Kerala,Kings XI Punjab,Holkar Cricket Stadium,Indore,Kings XI Punjab,field,Kings XI Punjab,Kochi Tuskers Kerala,2011-05-13,0,6
734039, Kings XI Punjab,Delhi Daredevils,Punjab Cricket Association Stadium  Mohali,Chandigarh,Kings XI Punjab,field,Kings XI Punjab,Delhi Daredevils,2014-05-25,0,7
501224, Deccan Chargers,Mumbai Indians,Rajiv Gandhi International Stadium  Uppal,Hyderabad,Deccan Chargers,field,Mumbai Indians,Deccan Chargers,2011-04-24,37,0
548317, Mumbai Indians,Rajasthan Royals,Wankhede Stadium,Mumbai,Rajasthan Royals,field,Mumbai Indians,Rajasthan Royals,2012-04-11,27,0
336036, Rajasthan Royals,Mumbai Indians,Sawai Mansingh Stadium,Jaipur,Rajasthan Royals,field,Rajasthan Royals,Mumbai Indians,2008-05-26,0,5
336018, Mumbai Indians,Chennai Super Kings,Wankhede Stadium,Mumbai,Mumbai Indians,field,Mumbai Indians,Chennai Super Kings,2008-05-14,0,9
598024, Delhi Daredevils,Mumbai Indians,Feroz Shah Kotla,Delhi,Mumbai Indians,bat,Delhi Daredevils,Mumbai Indians,2013-04-21,0,9
501259, Pune Warriors,Deccan Chargers,Dr DY Patil Sports Academy,Mumbai,Deccan Chargers,field,Deccan Chargers,Pune Warriors,2011-05-16,0,6
733989, Rajasthan Royals,Sunrisers Hyderabad,Sardar Patel Stadium  Motera,Ahmedabad,Rajasthan Royals,field,Sunrisers Hyderabad,Rajasthan Royals,2014-05-08,32,0
419130, Deccan Chargers,Mumbai Indians,Dr DY Patil Sports Academy,Mumbai,Deccan Chargers,field,Mumbai Indians,Deccan Chargers,2010-03-28,41,0
336039, Chennai Super Kings,Kings XI Punjab,Wankhede Stadium,Mumbai,Kings XI Punjab,bat,Chennai Super Kings,Kings XI Punjab,2008-05-31,0,9
980901, Mumbai Indians,Rising Pune Supergiants,Wankhede Stadium,Mumbai,Mumbai Indians,bat,Rising Pune Supergiants,Mumbai Indians,2016-04-09,0,9
336032, Delhi Daredevils,Mumbai Indians,Feroz Shah Kotla,Delhi,Delhi Daredevils,field,Delhi Daredevils,Mumbai Indians,2008-05-24,0,5
419159, Kings XI Punjab,Chennai Super Kings,Himachal Pradesh Cricket Association Stadium,Dharamsala,Chennai Super Kings,field,Chennai Super Kings,Kings XI Punjab,2010-04-18,0,6
335987, Rajasthan Royals,Kings XI Punjab,Sawai Mansingh Stadium,Jaipur,Kings XI Punjab,bat,Rajasthan Royals,Kings XI Punjab,2008-04-21,0,6
336001, Chennai Super Kings,Delhi Daredevils,MA Chidambaram Stadium  Chepauk,Chennai,Chennai Super Kings,bat,Delhi Daredevils,Chennai Super Kings,2008-05-02,0,8
419157, Royal Challengers Bangalore,Mumbai Indians,M Chinnaswamy Stadium,Bangalore,Royal Challengers Bangalore,field,Mumbai Indians,Royal Challengers Bangalore,2010-04-17,57,0
548368, Kolkata Knight Riders,Chennai Super Kings,Eden Gardens,Kolkata,Chennai Super Kings,field,Chennai Super Kings,Kolkata Knight Riders,2012-05-14,0,5
980919, Kings XI Punjab,Rising Pune Supergiants,Punjab Cricket Association IS Bindra Stadium  Mohali,Chandigarh,Rising Pune Supergiants,bat,Kings XI Punjab,Rising Pune Supergiants,2016-04-17,0,6
734023, Kolkata Knight Riders,Chennai Super Kings,Eden Gardens,Kolkata,Kolkata Knight Riders,field,Kolkata Knight Riders,Chennai Super Kings,2014-05-20,0,8
548381, Kolkata Knight Riders,Chennai Super Kings,MA Chidambaram Stadium  Chepauk,Chennai,Chennai Super Kings,bat,Kolkata Knight Riders,Chennai Super Kings,2012-05-27,0,5
419111, Rajasthan Royals,Delhi Daredevils,Sardar Patel Stadium  Motera,Ahmedabad,Delhi Daredevils,field,Delhi Daredevils,Rajasthan Royals,2010-03-15,0,6
548359, Deccan Chargers,Kings XI Punjab,Rajiv Gandhi International Stadium  Uppal,Hyderabad,Deccan Chargers,field,Kings XI Punjab,Deccan Chargers,2012-05-08,25,0
392181, Chennai Super Kings,Mumbai Indians,Newlands,Cape Town,Chennai Super Kings,field,Mumbai Indians,Chennai Super Kings,2009-04-18,19,0
501220, Kings XI Punjab,Rajasthan Royals,Punjab Cricket Association Stadium  Mohali,Chandigarh,Rajasthan Royals,field,Kings XI Punjab,Rajasthan Royals,2011-04-21,48,0
419158, Kolkata Knight Riders,Rajasthan Royals,Eden Gardens,Kolkata,Rajasthan Royals,bat,Kolkata Knight Riders,Rajasthan Royals,2010-04-17,0,8
392238, Royal Challengers Bangalore,Chennai Super Kings,New Wanderers Stadium,Johannesburg,Royal Challengers Bangalore,field,Royal Challengers Bangalore,Chennai Super Kings,2009-05-23,0,6
392233, Kolkata Knight Riders,Rajasthan Royals,Kingsmead,Durban,Kolkata Knight Riders,field,Kolkata Knight Riders,Rajasthan Royals,2009-05-20,0,4
419161, Kolkata Knight Riders,Mumbai Indians,Eden Gardens,Kolkata,Mumbai Indians,bat,Kolkata Knight Riders,Mumbai Indians,2010-04-19,0,9
392205, Deccan Chargers,Rajasthan Royals,St George's Park,Port Elizabeth,Deccan Chargers,bat,Rajasthan Royals,Deccan Chargers,2009-05-02,0,3
419127, Kings XI Punjab,Kolkata Knight Riders,Punjab Cricket Association Stadium  Mohali,Chandigarh,Kolkata Knight Riders,bat,Kolkata Knight Riders,Kings XI Punjab,2010-03-27,39,0
392183, Delhi Daredevils,Kings XI Punjab,Newlands,Cape Town,Delhi Daredevils,field,Delhi Daredevils,Kings XI Punjab,2009-04-19,0,10
392210, Kings XI Punjab,Rajasthan Royals,Kingsmead,Durban,Kings XI Punjab,field,Rajasthan Royals,Kings XI Punjab,2009-05-05,78,0
419136, Kings XI Punjab,Royal Challengers Bangalore,Punjab Cricket Association Stadium  Mohali,Chandigarh,Kings XI Punjab,bat,Royal Challengers Bangalore,Kings XI Punjab,2010-04-02,0,6
733991, Royal Challengers Bangalore,Kings XI Punjab,M Chinnaswamy Stadium,Bangalore,Royal Challengers Bangalore,field,Kings XI Punjab,Royal Challengers Bangalore,2014-05-09,32,0
734011, Rajasthan Royals,Delhi Daredevils,Sardar Patel Stadium  Motera,Ahmedabad,Delhi Daredevils,field,Rajasthan Royals,Delhi Daredevils,2014-05-15,62,0
598001, Delhi Daredevils,Rajasthan Royals,Feroz Shah Kotla,Delhi,Rajasthan Royals,bat,Rajasthan Royals,Delhi Daredevils,2013-04-06,5,0
336031, Kings XI Punjab,Deccan Chargers,Punjab Cricket Association Stadium  Mohali,Chandigarh,Kings XI Punjab,field,Kings XI Punjab,Deccan Chargers,2008-05-23,0,6
548365, Rajasthan Royals,Pune Warriors,Sawai Mansingh Stadium,Jaipur,Rajasthan Royals,bat,Rajasthan Royals,Pune Warriors,2012-05-13,45,0
729293, Chennai Super Kings,Delhi Daredevils,Sheikh Zayed Stadium,Abu Dhabi,Chennai Super Kings,bat,Chennai Super Kings,Delhi Daredevils,2014-04-21,93,0
598042, Pune Warriors,Royal Challengers Bangalore,Subrata Roy Sahara Stadium,Pune,Royal Challengers Bangalore,bat,Royal Challengers Bangalore,Pune Warriors,2013-05-02,17,0
501199, Deccan Chargers,Rajasthan Royals,Rajiv Gandhi International Stadium  Uppal,Hyderabad,Rajasthan Royals,field,Rajasthan Royals,Deccan Chargers,2011-04-09,0,8
501238, Delhi Daredevils,Kochi Tuskers Kerala,Feroz Shah Kotla,Delhi,Kochi Tuskers Kerala,field,Kochi Tuskers Kerala,Delhi Daredevils,2011-05-02,0,7
392195, Kings XI Punjab,Rajasthan Royals,Newlands,Cape Town,Kings XI Punjab,bat,Kings XI Punjab,Rajasthan Royals,2009-04-26,27,0
733977, Royal Challengers Bangalore,Sunrisers Hyderabad,M Chinnaswamy Stadium,Bangalore,Royal Challengers Bangalore,field,Royal Challengers Bangalore,Sunrisers Hyderabad,2014-05-04,0,4
419123, Royal Challengers Bangalore,Chennai Super Kings,M Chinnaswamy Stadium,Bangalore,Chennai Super Kings,field,Royal Challengers Bangalore,Chennai Super Kings,2010-03-23,36,0
734043, Kings XI Punjab,Kolkata Knight Riders,Eden Gardens,Kolkata,Kings XI Punjab,field,Kolkata Knight Riders,Kings XI Punjab,2014-05-27,28,0
598058, Rajasthan Royals,Chennai Super Kings,Sawai Mansingh Stadium,Jaipur,Rajasthan Royals,field,Rajasthan Royals,Chennai Super Kings,2013-05-12,0,5
336010, Kolkata Knight Riders,Royal Challengers Bangalore,Eden Gardens,Kolkata,Kolkata Knight Riders,bat,Kolkata Knight Riders,Royal Challengers Bangalore,2008-05-08,5,0
392208, Royal Challengers Bangalore,Mumbai Indians,New Wanderers Stadium,Johannesburg,Mumbai Indians,bat,Royal Challengers Bangalore,Mumbai Indians,2009-05-03,0,9
733973, Mumbai Indians,Kings XI Punjab,Wankhede Stadium,Mumbai,Kings XI Punjab,bat,Mumbai Indians,Kings XI Punjab,2014-05-03,0,5
980959, Royal Challengers Bangalore,Kolkata Knight Riders,M Chinnaswamy Stadium,Bangalore,Kolkata Knight Riders,field,Kolkata Knight Riders,Royal Challengers Bangalore,2016-05-02,0,5
501263, Mumbai Indians,Rajasthan Royals,Wankhede Stadium,Mumbai,Mumbai Indians,bat,Rajasthan Royals,Mumbai Indians,2011-05-20,0,10
598068, Royal Challengers Bangalore,Chennai Super Kings,M Chinnaswamy Stadium,Bangalore,Chennai Super Kings,field,Royal Challengers Bangalore,Chennai Super Kings,2013-05-18,24,0
734049, Kolkata Knight Riders,Kings XI Punjab,M Chinnaswamy Stadium,Bangalore,Kolkata Knight Riders,field,Kolkata Knight Riders,Kings XI Punjab,2014-06-01,0,3
598034, Chennai Super Kings,Kolkata Knight Riders,MA Chidambaram Stadium  Chepauk,Chennai,Kolkata Knight Riders,field,Chennai Super Kings,Kolkata Knight Riders,2013-04-28,14,0
392215, Delhi Daredevils,Mumbai Indians,Buffalo Park,East London,Mumbai Indians,bat,Delhi Daredevils,Mumbai Indians,2009-05-08,0,7
501212, Deccan Chargers,Kings XI Punjab,Rajiv Gandhi International Stadium  Uppal,Hyderabad,Kings XI Punjab,field,Kings XI Punjab,Deccan Chargers,2011-04-16,0,8
336025, Kolkata Knight Riders,Chennai Super Kings,Eden Gardens,Kolkata,Kolkata Knight Riders,bat,Chennai Super Kings,Kolkata Knight Riders,2008-05-18,3,0
419116, Delhi Daredevils,Chennai Super Kings,Feroz Shah Kotla,Delhi,Delhi Daredevils,bat,Chennai Super Kings,Delhi Daredevils,2010-03-19,0,5
598012, Chennai Super Kings,Royal Challengers Bangalore,MA Chidambaram Stadium  Chepauk,Chennai,Chennai Super Kings,field,Chennai Super Kings,Royal Challengers Bangalore,2013-04-13,0,4
548360, Mumbai Indians,Royal Challengers Bangalore,Wankhede Stadium,Mumbai,Royal Challengers Bangalore,field,Royal Challengers Bangalore,Mumbai Indians,2012-05-09,0,9
548310, Royal Challengers Bangalore,Delhi Daredevils,M Chinnaswamy Stadium,Bangalore,Delhi Daredevils,field,Royal Challengers Bangalore,Delhi Daredevils,2012-04-07,20,0
335991, Kings XI Punjab,Mumbai Indians,Punjab Cricket Association Stadium  Mohali,Chandigarh,Mumbai Indians,field,Kings XI Punjab,Mumbai Indians,2008-04-25,66,0
598057, Kolkata Knight Riders,Royal Challengers Bangalore,JSCA International Stadium Complex,Ranchi,Kolkata Knight Riders,field,Kolkata Knight Riders,Royal Challengers Bangalore,2013-05-12,0,5
598013, Kolkata Knight Riders,Sunrisers Hyderabad,Eden Gardens,Kolkata,Kolkata Knight Riders,bat,Kolkata Knight Riders,Sunrisers Hyderabad,2013-04-14,48,0
548375, Pune Warriors,Kolkata Knight Riders,Subrata Roy Sahara Stadium,Pune,Kolkata Knight Riders,bat,Kolkata Knight Riders,Pune Warriors,2012-05-19,34,0
336034, Royal Challengers Bangalore,Deccan Chargers,M Chinnaswamy Stadium,Bangalore,Deccan Chargers,field,Royal Challengers Bangalore,Deccan Chargers,2008-05-03,3,0
548376, Deccan Chargers,Royal Challengers Bangalore,Rajiv Gandhi International Stadium  Uppal,Hyderabad,Royal Challengers Bangalore,field,Deccan Chargers,Royal Challengers Bangalore,2012-05-20,9,0
419148, Royal Challengers Bangalore,Kolkata Knight Riders,M Chinnaswamy Stadium,Bangalore,Royal Challengers Bangalore,field,Royal Challengers Bangalore,Kolkata Knight Riders,2010-04-10,0,7
829823, Mumbai Indians,Chennai Super Kings,Eden Gardens,Kolkata,Chennai Super Kings,field,Mumbai Indians,Chennai Super Kings,2015-05-24,41,0
548343, Chennai Super Kings,Kings XI Punjab,MA Chidambaram Stadium  Chepauk,Chennai,Kings XI Punjab,bat,Kings XI Punjab,Chennai Super Kings,2012-04-28,7,0
419139, Kolkata Knight Riders,Kings XI Punjab,Eden Gardens,Kolkata,Kolkata Knight Riders,bat,Kings XI Punjab,Kolkata Knight Riders,2010-04-04,0,8
980985, Mumbai Indians,Kings XI Punjab,Dr. Y.S. Rajasekhara Reddy ACA-VDCA Cricket Stadium,Visakhapatnam,Mumbai Indians,bat,Kings XI Punjab,Mumbai Indians,2016-05-13,0,7
548354, Kings XI Punjab,Rajasthan Royals,Punjab Cricket Association Stadium  Mohali,Chandigarh,Rajasthan Royals,bat,Rajasthan Royals,Kings XI Punjab,2012-05-05,43,0
419134, Delhi Daredevils,Rajasthan Royals,Feroz Shah Kotla,Delhi,Delhi Daredevils,bat,Delhi Daredevils,Rajasthan Royals,2010-03-31,67,0
501231, Rajasthan Royals,Mumbai Indians,Sawai Mansingh Stadium,Jaipur,Rajasthan Royals,field,Rajasthan Royals,Mumbai Indians,2011-04-29,0,7
597999, Royal Challengers Bangalore,Mumbai Indians,M Chinnaswamy Stadium,Bangalore,Mumbai Indians,field,Royal Challengers Bangalore,Mumbai Indians,2013-04-04,2,0
419155, Chennai Super Kings,Delhi Daredevils,MA Chidambaram Stadium  Chepauk,Chennai,Chennai Super Kings,bat,Delhi Daredevils,Chennai Super Kings,2010-04-15,0,6
501232, Royal Challengers Bangalore,Pune Warriors,M Chinnaswamy Stadium,Bangalore,Pune Warriors,field,Royal Challengers Bangalore,Pune Warriors,2011-04-29,26,0
501205, Royal Challengers Bangalore,Mumbai Indians,M Chinnaswamy Stadium,Bangalore,Mumbai Indians,field,Mumbai Indians,Royal Challengers Bangalore,2011-04-12,0,9
829751, Mumbai Indians,Sunrisers Hyderabad,Wankhede Stadium,Mumbai,Mumbai Indians,bat,Mumbai Indians,Sunrisers Hyderabad,2015-04-25,20,0
598007, Kings XI Punjab,Chennai Super Kings,Punjab Cricket Association Stadium  Mohali,Chandigarh,Chennai Super Kings,field,Chennai Super Kings,Kings XI Punjab,2013-04-10,0,10
392198, Delhi Daredevils,Rajasthan Royals,SuperSport Park,Centurion,Delhi Daredevils,bat,Rajasthan Royals,Delhi Daredevils,2009-04-28,0,5
336035, Kolkata Knight Riders,Kings XI Punjab,Eden Gardens,Kolkata,Kings XI Punjab,bat,Kolkata Knight Riders,Kings XI Punjab,2008-05-25,0,3
548321, Delhi Daredevils,Deccan Chargers,Feroz Shah Kotla,Delhi,Deccan Chargers,bat,Delhi Daredevils,Deccan Chargers,2012-04-19,0,5
598028, Kings XI Punjab,Delhi Daredevils,Himachal Pradesh Cricket Association Stadium,Dharamsala,Delhi Daredevils,field,Kings XI Punjab,Delhi Daredevils,2013-05-16,7,0
598008, Royal Challengers Bangalore,Kolkata Knight Riders,M Chinnaswamy Stadium,Bangalore,Royal Challengers Bangalore,field,Royal Challengers Bangalore,Kolkata Knight Riders,2013-04-11,0,8
392219, Delhi Daredevils,Kolkata Knight Riders,New Wanderers Stadium,Johannesburg,Delhi Daredevils,field,Delhi Daredevils,Kolkata Knight Riders,2009-05-10,0,7
501266, Royal Challengers Bangalore,Chennai Super Kings,M Chinnaswamy Stadium,Bangalore,Royal Challengers Bangalore,field,Royal Challengers Bangalore,Chennai Super Kings,2011-05-22,0,8
733981, Delhi Daredevils,Chennai Super Kings,Feroz Shah Kotla,Delhi,Chennai Super Kings,field,Chennai Super Kings,Delhi Daredevils,2014-05-05,0,8
548313, Pune Warriors,Kings XI Punjab,Subrata Roy Sahara Stadium,Pune,Pune Warriors,bat,Pune Warriors,Kings XI Punjab,2012-04-08,22,0
419144, Kolkata Knight Riders,Delhi Daredevils,Eden Gardens,Kolkata,Kolkata Knight Riders,bat,Kolkata Knight Riders,Delhi Daredevils,2010-04-07,14,0
548349, Rajasthan Royals,Delhi Daredevils,Sawai Mansingh Stadium,Jaipur,Rajasthan Royals,bat,Delhi Daredevils,Rajasthan Royals,2012-05-01,0,6
548344, Kolkata Knight Riders,Royal Challengers Bangalore,Eden Gardens,Kolkata,Kolkata Knight Riders,bat,Kolkata Knight Riders,Royal Challengers Bangalore,2012-04-28,47,0
336022, Delhi Daredevils,Kings XI Punjab,Feroz Shah Kotla,Delhi,Delhi Daredevils,bat,Kings XI Punjab,Delhi Daredevils,2008-05-17,6,0
336033, Chennai Super Kings,Rajasthan Royals,MA Chidambaram Stadium  Chepauk,Chennai,Rajasthan Royals,bat,Rajasthan Royals,Chennai Super Kings,2008-05-24,10,0
548316, Delhi Daredevils,Chennai Super Kings,Feroz Shah Kotla,Delhi,Delhi Daredevils,field,Delhi Daredevils,Chennai Super Kings,2012-04-10,0,8
729285, Sunrisers Hyderabad,Rajasthan Royals,Sheikh Zayed Stadium,Abu Dhabi,Rajasthan Royals,field,Rajasthan Royals,Sunrisers Hyderabad,2014-04-18,0,4
336019, Kings XI Punjab,Rajasthan Royals,Punjab Cricket Association Stadium  Mohali,Chandigarh,Rajasthan Royals,field,Kings XI Punjab,Rajasthan Royals,2008-05-28,41,0
733979, Rajasthan Royals,Kolkata Knight Riders,Sardar Patel Stadium  Motera,Ahmedabad,Kolkata Knight Riders,field,Rajasthan Royals,Kolkata Knight Riders,2014-05-05,10,0
598055, Pune Warriors,Mumbai Indians,Subrata Roy Sahara Stadium,Pune,Pune Warriors,bat,Mumbai Indians,Pune Warriors,2013-05-11,0,5
829711, Chennai Super Kings,Sunrisers Hyderabad,MA Chidambaram Stadium  Chepauk,Chennai,Chennai Super Kings,bat,Chennai Super Kings,Sunrisers Hyderabad,2015-04-11,45,0
335990, Deccan Chargers,Rajasthan Royals,Rajiv Gandhi International Stadium  Uppal,Hyderabad,Rajasthan Royals,field,Rajasthan Royals,Deccan Chargers,2008-04-24,0,3
598072, Mumbai Indians,Rajasthan Royals,Eden Gardens,Kolkata,Rajasthan Royals,bat,Mumbai Indians,Rajasthan Royals,2013-05-24,0,4
548318, Chennai Super Kings,Royal Challengers Bangalore,MA Chidambaram Stadium  Chepauk,Chennai,Royal Challengers Bangalore,bat,Chennai Super Kings,Royal Challengers Bangalore,2012-04-12,0,5
548342, Delhi Daredevils,Mumbai Indians,Feroz Shah Kotla,Delhi,Mumbai Indians,field,Delhi Daredevils,Mumbai Indians,2012-04-27,37,0
501221, Mumbai Indians,Chennai Super Kings,Wankhede Stadium,Mumbai,Chennai Super Kings,field,Mumbai Indians,Chennai Super Kings,2011-04-22,8,0
980987, Royal Challengers Bangalore,Gujarat Lions,M Chinnaswamy Stadium,Bangalore,Gujarat Lions,field,Royal Challengers Bangalore,Gujarat Lions,2016-05-14,144,0
598063, Mumbai Indians,Rajasthan Royals,Wankhede Stadium,Mumbai,Rajasthan Royals,field,Mumbai Indians,Rajasthan Royals,2013-05-15,14,0
336028, Mumbai Indians,Kings XI Punjab,Wankhede Stadium,Mumbai,Mumbai Indians,field,Kings XI Punjab,Mumbai Indians,2008-05-21,1,0
980925, Kings XI Punjab,Kolkata Knight Riders,Punjab Cricket Association IS Bindra Stadium  Mohali,Chandigarh,Kolkata Knight Riders,field,Kolkata Knight Riders,Kings XI Punjab,2016-04-19,0,6
336017, Kolkata Knight Riders,Delhi Daredevils,Eden Gardens,Kolkata,Kolkata Knight Riders,bat,Kolkata Knight Riders,Delhi Daredevils,2008-05-13,23,0
501218, Mumbai Indians,Pune Warriors,Wankhede Stadium,Mumbai,Pune Warriors,bat,Mumbai Indians,Pune Warriors,2011-04-20,0,7
501271, Chennai Super Kings,Royal Challengers Bangalore,MA Chidambaram Stadium  Chepauk,Chennai,Chennai Super Kings,bat,Chennai Super Kings,Royal Challengers Bangalore,2011-05-28,58,0
598051, Sunrisers Hyderabad,Chennai Super Kings,Rajiv Gandhi International Stadium  Uppal,Hyderabad,Sunrisers Hyderabad,field,Chennai Super Kings,Sunrisers Hyderabad,2013-05-08,77,0
419160, Delhi Daredevils,Deccan Chargers,Feroz Shah Kotla,Delhi,Deccan Chargers,bat,Deccan Chargers,Delhi Daredevils,2010-04-18,11,0
829737, Royal Challengers Bangalore,Mumbai Indians,M Chinnaswamy Stadium,Bangalore,Royal Challengers Bangalore,field,Mumbai Indians,Royal Challengers Bangalore,2015-04-19,18,0
419138, Mumbai Indians,Deccan Chargers,Brabourne Stadium,Mumbai,Mumbai Indians,bat,Mumbai Indians,Deccan Chargers,2010-04-03,63,0
419126, Rajasthan Royals,Deccan Chargers,Sardar Patel Stadium  Motera,Ahmedabad,Deccan Chargers,bat,Rajasthan Royals,Deccan Chargers,2010-03-26,0,8
392211, Delhi Daredevils,Kolkata Knight Riders,Kingsmead,Durban,Kolkata Knight Riders,bat,Delhi Daredevils,Kolkata Knight Riders,2009-05-05,0,9
501236, Chennai Super Kings,Deccan Chargers,MA Chidambaram Stadium  Chepauk,Chennai,Chennai Super Kings,bat,Chennai Super Kings,Deccan Chargers,2011-05-01,19,0
501204, Rajasthan Royals,Delhi Daredevils,Sawai Mansingh Stadium,Jaipur,Delhi Daredevils,bat,Rajasthan Royals,Delhi Daredevils,2011-04-12,0,6
501260, Kings XI Punjab,Royal Challengers Bangalore,Himachal Pradesh Cricket Association Stadium,Dharamsala,Kings XI Punjab,bat,Kings XI Punjab,Royal Challengers Bangalore,2011-05-17,111,0
548309, Rajasthan Royals,Kings XI Punjab,Sawai Mansingh Stadium,Jaipur,Kings XI Punjab,field,Rajasthan Royals,Kings XI Punjab,2012-04-06,31,0
501261, Chennai Super Kings,Kochi Tuskers Kerala,MA Chidambaram Stadium  Chepauk,Chennai,Chennai Super Kings,bat,Chennai Super Kings,Kochi Tuskers Kerala,2011-05-18,11,0
392232, Royal Challengers Bangalore,Delhi Daredevils,New Wanderers Stadium,Johannesburg,Delhi Daredevils,bat,Royal Challengers Bangalore,Delhi Daredevils,2009-05-19,0,7
734001, Sunrisers Hyderabad,Mumbai Indians,Rajiv Gandhi International Stadium  Uppal,Hyderabad,Sunrisers Hyderabad,bat,Mumbai Indians,Sunrisers Hyderabad,2014-05-12,0,7
335986, Kolkata Knight Riders,Deccan Chargers,Eden Gardens,Kolkata,Deccan Chargers,bat,Kolkata Knight Riders,Deccan Chargers,2008-04-20,0,5
829789, Chennai Super Kings,Mumbai Indians,MA Chidambaram Stadium  Chepauk,Chennai,Chennai Super Kings,bat,Mumbai Indians,Chennai Super Kings,2015-05-08,0,6
734019, Delhi Daredevils,Kings XI Punjab,Feroz Shah Kotla,Delhi,Kings XI Punjab,field,Kings XI Punjab,Delhi Daredevils,2014-05-19,0,4
501233, Kochi Tuskers Kerala,Delhi Daredevils,Nehru Stadium,Kochi,Delhi Daredevils,bat,Delhi Daredevils,Kochi Tuskers Kerala,2011-04-30,38,0
548320, Kolkata Knight Riders,Rajasthan Royals,Eden Gardens,Kolkata,Rajasthan Royals,bat,Kolkata Knight Riders,Rajasthan Royals,2012-04-13,0,5
598046, Mumbai Indians,Chennai Super Kings,Wankhede Stadium,Mumbai,Mumbai Indians,bat,Mumbai Indians,Chennai Super Kings,2013-05-05,60,0
598056, Kings XI Punjab,Sunrisers Hyderabad,Punjab Cricket Association Stadium  Mohali,Chandigarh,Kings XI Punjab,field,Sunrisers Hyderabad,Kings XI Punjab,2013-05-11,30,0
829785, Royal Challengers Bangalore,Kings XI Punjab,M Chinnaswamy Stadium,Bangalore,Kings XI Punjab,field,Royal Challengers Bangalore,Kings XI Punjab,2015-05-06,138,0
392236, Royal Challengers Bangalore,Deccan Chargers,SuperSport Park,Centurion,Royal Challengers Bangalore,bat,Royal Challengers Bangalore,Deccan Chargers,2009-05-21,12,0
829713, Kolkata Knight Riders,Royal Challengers Bangalore,Eden Gardens,Kolkata,Royal Challengers Bangalore,field,Royal Challengers Bangalore,Kolkata Knight Riders,2015-04-11,0,3
548367, Royal Challengers Bangalore,Mumbai Indians,M Chinnaswamy Stadium,Bangalore,Mumbai Indians,field,Mumbai Indians,Royal Challengers Bangalore,2012-05-14,0,5
829709, Kings XI Punjab,Rajasthan Royals,Maharashtra Cricket Association Stadium,Pune,Kings XI Punjab,field,Rajasthan Royals,Kings XI Punjab,2015-04-10,26,0
501242, Kochi Tuskers Kerala,Kolkata Knight Riders,Nehru Stadium,Kochi,Kolkata Knight Riders,field,Kochi Tuskers Kerala,Kolkata Knight Riders,2011-05-05,17,0
729279, Mumbai Indians,Kolkata Knight Riders,Sheikh Zayed Stadium,Abu Dhabi,Kolkata Knight Riders,bat,Kolkata Knight Riders,Mumbai Indians,2014-04-16,41,0
733971, Chennai Super Kings,Kolkata Knight Riders,JSCA International Stadium Complex,Ranchi,Chennai Super Kings,bat,Chennai Super Kings,Kolkata Knight Riders,2014-05-02,34,0
501207, Pune Warriors,Kochi Tuskers Kerala,Dr DY Patil Sports Academy,Mumbai,Kochi Tuskers Kerala,bat,Pune Warriors,Kochi Tuskers Kerala,2011-04-13,0,4
392185, Royal Challengers Bangalore,Chennai Super Kings,St George's Park,Port Elizabeth,Chennai Super Kings,bat,Chennai Super Kings,Royal Challengers Bangalore,2009-04-20,92,0
734009, Kolkata Knight Riders,Mumbai Indians,Barabati Stadium,Cuttack,Kolkata Knight Riders,field,Kolkata Knight Riders,Mumbai Indians,2014-05-14,0,6
419131, Delhi Daredevils,Kolkata Knight Riders,Feroz Shah Kotla,Delhi,Delhi Daredevils,bat,Delhi Daredevils,Kolkata Knight Riders,2010-03-29,40,0
734045, Chennai Super Kings,Mumbai Indians,Brabourne Stadium,Mumbai,Chennai Super Kings,field,Chennai Super Kings,Mumbai Indians,2014-05-28,0,7
336003, Kings XI Punjab,Kolkata Knight Riders,Punjab Cricket Association Stadium  Mohali,Chandigarh,Kings XI Punjab,bat,Kings XI Punjab,Kolkata Knight Riders,2008-05-03,9,0
501245, Kolkata Knight Riders,Chennai Super Kings,Eden Gardens,Kolkata,Chennai Super Kings,bat,Kolkata Knight Riders,Chennai Super Kings,2011-05-07,10,0
598038, Pune Warriors,Chennai Super Kings,Subrata Roy Sahara Stadium,Pune,Chennai Super Kings,bat,Chennai Super Kings,Pune Warriors,2013-04-30,37,0
336024, Deccan Chargers,Mumbai Indians,Rajiv Gandhi International Stadium  Uppal,Hyderabad,Deccan Chargers,field,Mumbai Indians,Deccan Chargers,2008-05-18,25,0
501250, Deccan Chargers,Pune Warriors,Rajiv Gandhi International Stadium  Uppal,Hyderabad,Deccan Chargers,bat,Pune Warriors,Deccan Chargers,2011-05-10,0,6
501215, Kochi Tuskers Kerala,Chennai Super Kings,Nehru Stadium,Kochi,Kochi Tuskers Kerala,field,Kochi Tuskers Kerala,Chennai Super Kings,2011-04-18,0,7
598002, Chennai Super Kings,Mumbai Indians,MA Chidambaram Stadium  Chepauk,Chennai,Mumbai Indians,bat,Mumbai Indians,Chennai Super Kings,2013-04-06,9,0
548311, Deccan Chargers,Chennai Super Kings,Dr. Y.S. Rajasekhara Reddy ACA-VDCA Cricket Stadium,Visakhapatnam,Deccan Chargers,field,Chennai Super Kings,Deccan Chargers,2012-04-07,74,0
548352, Chennai Super Kings,Deccan Chargers,MA Chidambaram Stadium  Chepauk,Chennai,Chennai Super Kings,bat,Chennai Super Kings,Deccan Chargers,2012-05-04,10,0
419120, Deccan Chargers,Delhi Daredevils,Barabati Stadium,Cuttack,Deccan Chargers,bat,Deccan Chargers,Delhi Daredevils,2010-03-21,10,0
598054, Delhi Daredevils,Royal Challengers Bangalore,Feroz Shah Kotla,Delhi,Delhi Daredevils,field,Royal Challengers Bangalore,Delhi Daredevils,2013-05-10,4,0
829753, Chennai Super Kings,Kings XI Punjab,MA Chidambaram Stadium  Chepauk,Chennai,Chennai Super Kings,bat,Chennai Super Kings,Kings XI Punjab,2015-04-25,97,0
335985, Mumbai Indians,Royal Challengers Bangalore,Wankhede Stadium,Mumbai,Mumbai Indians,bat,Royal Challengers Bangalore,Mumbai Indians,2008-04-20,0,5
501219, Kolkata Knight Riders,Kochi Tuskers Kerala,Eden Gardens,Kolkata,Kolkata Knight Riders,field,Kochi Tuskers Kerala,Kolkata Knight Riders,2011-04-20,6,0
392184, Deccan Chargers,Kolkata Knight Riders,Newlands,Cape Town,Kolkata Knight Riders,bat,Deccan Chargers,Kolkata Knight Riders,2009-04-19,0,8
548347, Chennai Super Kings,Kolkata Knight Riders,MA Chidambaram Stadium  Chepauk,Chennai,Chennai Super Kings,bat,Kolkata Knight Riders,Chennai Super Kings,2012-04-30,0,5
733999, Royal Challengers Bangalore,Rajasthan Royals,M Chinnaswamy Stadium,Bangalore,Royal Challengers Bangalore,bat,Rajasthan Royals,Royal Challengers Bangalore,2014-05-11,0,5
734035, Royal Challengers Bangalore,Chennai Super Kings,M Chinnaswamy Stadium,Bangalore,Chennai Super Kings,field,Chennai Super Kings,Royal Challengers Bangalore,2014-05-24,0,8
829815, Sunrisers Hyderabad,Mumbai Indians,Rajiv Gandhi International Stadium  Uppal,Hyderabad,Sunrisers Hyderabad,bat,Mumbai Indians,Sunrisers Hyderabad,2015-05-17,0,9
598025, Kings XI Punjab,Pune Warriors,Punjab Cricket Association Stadium  Mohali,Chandigarh,Kings XI Punjab,field,Kings XI Punjab,Pune Warriors,2013-04-21,0,7
336005, Rajasthan Royals,Chennai Super Kings,Sawai Mansingh Stadium,Jaipur,Chennai Super Kings,bat,Rajasthan Royals,Chennai Super Kings,2008-05-04,0,8
829733, Kings XI Punjab,Kolkata Knight Riders,Maharashtra Cricket Association Stadium,Pune,Kolkata Knight Riders,field,Kolkata Knight Riders,Kings XI Punjab,2015-04-18,0,4
548335, Deccan Chargers,Kolkata Knight Riders,Barabati Stadium,Cuttack,Kolkata Knight Riders,field,Kolkata Knight Riders,Deccan Chargers,2012-04-22,0,5
598035, Delhi Daredevils,Pune Warriors,Shaheed Veer Narayan Singh International Stadium,Raipur,Pune Warriors,field,Delhi Daredevils,Pune Warriors,2013-04-28,15,0
392192, Deccan Chargers,Mumbai Indians,Kingsmead,Durban,Deccan Chargers,bat,Deccan Chargers,Mumbai Indians,2009-04-25,12,0
548379, Chennai Super Kings,Mumbai Indians,M Chinnaswamy Stadium,Bangalore,Mumbai Indians,field,Chennai Super Kings,Mumbai Indians,2012-05-23,38,0
501214, Kolkata Knight Riders,Rajasthan Royals,Eden Gardens,Kolkata,Kolkata Knight Riders,field,Kolkata Knight Riders,Rajasthan Royals,2011-04-17,0,8
548326, Rajasthan Royals,Deccan Chargers,Sawai Mansingh Stadium,Jaipur,Deccan Chargers,bat,Rajasthan Royals,Deccan Chargers,2012-04-17,0,5
734017, Rajasthan Royals,Mumbai Indians,Sardar Patel Stadium  Motera,Ahmedabad,Mumbai Indians,bat,Mumbai Indians,Rajasthan Royals,2014-05-19,25,0
419133, Chennai Super Kings,Royal Challengers Bangalore,MA Chidambaram Stadium  Chepauk,Chennai,Royal Challengers Bangalore,bat,Chennai Super Kings,Royal Challengers Bangalore,2010-03-31,0,5
829725, Kings XI Punjab,Delhi Daredevils,Maharashtra Cricket Association Stadium,Pune,Kings XI Punjab,bat,Delhi Daredevils,Kings XI Punjab,2015-04-15,0,5
392209, Chennai Super Kings,Deccan Chargers,Buffalo Park,East London,Chennai Super Kings,bat,Chennai Super Kings,Deccan Chargers,2009-05-04,78,0
548361, Rajasthan Royals,Chennai Super Kings,Sawai Mansingh Stadium,Jaipur,Chennai Super Kings,field,Chennai Super Kings,Rajasthan Royals,2012-05-10,0,4
980965, Delhi Daredevils,Rising Pune Supergiants,Feroz Shah Kotla,Delhi,Rising Pune Supergiants,field,Rising Pune Supergiants,Delhi Daredevils,2016-05-05,0,7
419156, Kings XI Punjab,Deccan Chargers,Himachal Pradesh Cricket Association Stadium,Dharamsala,Deccan Chargers,field,Deccan Chargers,Kings XI Punjab,2010-04-16,0,5
336006, Royal Challengers Bangalore,Kings XI Punjab,M Chinnaswamy Stadium,Bangalore,Kings XI Punjab,field,Kings XI Punjab,Royal Challengers Bangalore,2008-05-05,0,6
336015, Rajasthan Royals,Delhi Daredevils,Sawai Mansingh Stadium,Jaipur,Rajasthan Royals,field,Rajasthan Royals,Delhi Daredevils,2008-05-11,0,3
598022, Kolkata Knight Riders,Chennai Super Kings,Eden Gardens,Kolkata,Kolkata Knight Riders,bat,Chennai Super Kings,Kolkata Knight Riders,2013-04-20,0,4
829801, Delhi Daredevils,Chennai Super Kings,Shaheed Veer Narayan Singh International Stadium,Raipur,Chennai Super Kings,bat,Delhi Daredevils,Chennai Super Kings,2015-05-12,0,6
335995, Kings XI Punjab,Delhi Daredevils,Punjab Cricket Association Stadium  Mohali,Chandigarh,Delhi Daredevils,bat,Kings XI Punjab,Delhi Daredevils,2008-04-27,0,4
501216, Delhi Daredevils,Deccan Chargers,Feroz Shah Kotla,Delhi,Deccan Chargers,bat,Deccan Chargers,Delhi Daredevils,2011-04-19,16,0
392228, Deccan Chargers,Kolkata Knight Riders,New Wanderers Stadium,Johannesburg,Deccan Chargers,field,Deccan Chargers,Kolkata Knight Riders,2009-05-16,0,6
501243, Deccan Chargers,Delhi Daredevils,Rajiv Gandhi International Stadium  Uppal,Hyderabad,Delhi Daredevils,field,Delhi Daredevils,Deccan Chargers,2011-05-05,0,4
419118, Rajasthan Royals,Kolkata Knight Riders,Sardar Patel Stadium  Motera,Ahmedabad,Rajasthan Royals,bat,Rajasthan Royals,Kolkata Knight Riders,2010-03-20,34,0
336011, Rajasthan Royals,Deccan Chargers,Sawai Mansingh Stadium,Jaipur,Rajasthan Royals,field,Rajasthan Royals,Deccan Chargers,2008-05-09,0,8
392201, Deccan Chargers,Delhi Daredevils,SuperSport Park,Centurion,Delhi Daredevils,field,Delhi Daredevils,Deccan Chargers,2009-04-30,0,6
734031, Mumbai Indians,Delhi Daredevils,Wankhede Stadium,Mumbai,Delhi Daredevils,field,Mumbai Indians,Delhi Daredevils,2014-05-23,15,0
548366, Kings XI Punjab,Deccan Chargers,Punjab Cricket Association Stadium  Mohali,Chandigarh,Deccan Chargers,bat,Kings XI Punjab,Deccan Chargers,2012-05-13,0,4
501269, Mumbai Indians,Kolkata Knight Riders,Wankhede Stadium,Mumbai,Mumbai Indians,field,Mumbai Indians,Kolkata Knight Riders,2011-05-25,0,4
501258, Kochi Tuskers Kerala,Rajasthan Royals,Holkar Cricket Stadium,Indore,Kochi Tuskers Kerala,field,Kochi Tuskers Kerala,Rajasthan Royals,2011-05-15,0,8
336023, Rajasthan Royals,Royal Challengers Bangalore,Sawai Mansingh Stadium,Jaipur,Royal Challengers Bangalore,field,Rajasthan Royals,Royal Challengers Bangalore,2008-05-17,65,0
598016, Kings XI Punjab,Kolkata Knight Riders,Punjab Cricket Association Stadium  Mohali,Chandigarh,Kolkata Knight Riders,field,Kings XI Punjab,Kolkata Knight Riders,2013-04-16,4,0
419146, Kings XI Punjab,Mumbai Indians,Punjab Cricket Association Stadium  Mohali,Chandigarh,Mumbai Indians,bat,Kings XI Punjab,Mumbai Indians,2010-04-09,0,6
501239, Deccan Chargers,Kolkata Knight Riders,Rajiv Gandhi International Stadium  Uppal,Hyderabad,Deccan Chargers,field,Kolkata Knight Riders,Deccan Chargers,2011-05-03,20,0
733983, Mumbai Indians,Royal Challengers Bangalore,Wankhede Stadium,Mumbai,Royal Challengers Bangalore,field,Mumbai Indians,Royal Challengers Bangalore,2014-05-06,19,0
980935, Sunrisers Hyderabad,Kings XI Punjab,Rajiv Gandhi International Stadium  Uppal,Hyderabad,Sunrisers Hyderabad,field,Sunrisers Hyderabad,Kings XI Punjab,2016-04-23,0,5
335996, Royal Challengers Bangalore,Chennai Super Kings,M Chinnaswamy Stadium,Bangalore,Chennai Super Kings,bat,Chennai Super Kings,Royal Challengers Bangalore,2008-04-28,13,0
733987, Kings XI Punjab,Chennai Super Kings,Barabati Stadium,Cuttack,Chennai Super Kings,field,Kings XI Punjab,Chennai Super Kings,2014-05-07,44,0
548351, Pune Warriors,Mumbai Indians,Subrata Roy Sahara Stadium,Pune,Mumbai Indians,bat,Mumbai Indians,Pune Warriors,2012-05-03,1,0
981005, Rising Pune Supergiants,Kings XI Punjab,Dr. Y.S. Rajasekhara Reddy ACA-VDCA Cricket Stadium,Visakhapatnam,Kings XI Punjab,bat,Rising Pune Supergiants,Kings XI Punjab,2016-05-21,0,4
598052, Kings XI Punjab,Rajasthan Royals,Punjab Cricket Association Stadium  Mohali,Chandigarh,Rajasthan Royals,field,Rajasthan Royals,Kings XI Punjab,2013-05-09,0,8
598066, Kings XI Punjab,Mumbai Indians,Himachal Pradesh Cricket Association Stadium,Dharamsala,Mumbai Indians,field,Kings XI Punjab,Mumbai Indians,2013-05-18,50,0
980939, Rising Pune Supergiants,Kolkata Knight Riders,Maharashtra Cricket Association Stadium,Pune,Kolkata Knight Riders,field,Kolkata Knight Riders,Rising Pune Supergiants,2016-04-24,0,2
419140, Delhi Daredevils,Royal Challengers Bangalore,Feroz Shah Kotla,Delhi,Delhi Daredevils,bat,Delhi Daredevils,Royal Challengers Bangalore,2010-04-04,37,0
392214, Chennai Super Kings,Kings XI Punjab,SuperSport Park,Centurion,Chennai Super Kings,bat,Chennai Super Kings,Kings XI Punjab,2009-05-07,12,0
548371, Kings XI Punjab,Chennai Super Kings,Himachal Pradesh Cricket Association Stadium,Dharamsala,Kings XI Punjab,field,Kings XI Punjab,Chennai Super Kings,2012-05-17,0,6
980981, Royal Challengers Bangalore,Mumbai Indians,M Chinnaswamy Stadium,Bangalore,Mumbai Indians,field,Mumbai Indians,Royal Challengers Bangalore,2016-05-11,0,6
734005, Royal Challengers Bangalore,Delhi Daredevils,M Chinnaswamy Stadium,Bangalore,Delhi Daredevils,field,Royal Challengers Bangalore,Delhi Daredevils,2014-05-13,16,0
548357, Delhi Daredevils,Kolkata Knight Riders,Feroz Shah Kotla,Delhi,Delhi Daredevils,bat,Kolkata Knight Riders,Delhi Daredevils,2012-05-07,0,6
501255, Royal Challengers Bangalore,Kolkata Knight Riders,M Chinnaswamy Stadium,Bangalore,Royal Challengers Bangalore,field,Royal Challengers Bangalore,Kolkata Knight Riders,2011-05-14,0,4
829759, Kings XI Punjab,Sunrisers Hyderabad,Punjab Cricket Association Stadium  Mohali,Chandigarh,Kings XI Punjab,field,Sunrisers Hyderabad,Kings XI Punjab,2015-04-27,20,0
419150, Rajasthan Royals,Mumbai Indians,Sawai Mansingh Stadium,Jaipur,Rajasthan Royals,field,Mumbai Indians,Rajasthan Royals,2010-04-11,37,0
548378, Delhi Daredevils,Kolkata Knight Riders,Subrata Roy Sahara Stadium,Pune,Kolkata Knight Riders,bat,Kolkata Knight Riders,Delhi Daredevils,2012-05-22,18,0
501235, Rajasthan Royals,Pune Warriors,Sawai Mansingh Stadium,Jaipur,Rajasthan Royals,field,Rajasthan Royals,Pune Warriors,2011-05-01,0,6
419154, Rajasthan Royals,Royal Challengers Bangalore,Sawai Mansingh Stadium,Jaipur,Rajasthan Royals,bat,Royal Challengers Bangalore,Rajasthan Royals,2010-04-14,0,5
829735, Rajasthan Royals,Chennai Super Kings,Sardar Patel Stadium  Motera,Ahmedabad,Chennai Super Kings,bat,Rajasthan Royals,Chennai Super Kings,2015-04-19,0,8
733985, Delhi Daredevils,Kolkata Knight Riders,Feroz Shah Kotla,Delhi,Delhi Daredevils,bat,Kolkata Knight Riders,Delhi Daredevils,2014-05-07,0,8
501237, Mumbai Indians,Kings XI Punjab,Wankhede Stadium,Mumbai,Kings XI Punjab,field,Mumbai Indians,Kings XI Punjab,2011-05-02,23,0
392237, Delhi Daredevils,Deccan Chargers,SuperSport Park,Centurion,Deccan Chargers,field,Deccan Chargers,Delhi Daredevils,2009-05-22,0,6
981013, Gujarat Lions,Royal Challengers Bangalore,M Chinnaswamy Stadium,Bangalore,Royal Challengers Bangalore,field,Royal Challengers Bangalore,Gujarat Lions,2016-05-24,0,4
598071, Rajasthan Royals,Sunrisers Hyderabad,Feroz Shah Kotla,Delhi,Sunrisers Hyderabad,bat,Rajasthan Royals,Sunrisers Hyderabad,2013-05-22,0,4
980979, Rising Pune Supergiants,Sunrisers Hyderabad,Dr. Y.S. Rajasekhara Reddy ACA-VDCA Cricket Stadium,Visakhapatnam,Sunrisers Hyderabad,bat,Sunrisers Hyderabad,Rising Pune Supergiants,2016-05-10,4,0
598073, Chennai Super Kings,Mumbai Indians,Eden Gardens,Kolkata,Mumbai Indians,bat,Mumbai Indians,Chennai Super Kings,2013-05-26,23,0
548369, Delhi Daredevils,Kings XI Punjab,Feroz Shah Kotla,Delhi,Kings XI Punjab,bat,Delhi Daredevils,Kings XI Punjab,2012-05-15,0,5
336016, Kings XI Punjab,Royal Challengers Bangalore,Punjab Cricket Association Stadium  Mohali,Chandigarh,Royal Challengers Bangalore,bat,Kings XI Punjab,Royal Challengers Bangalore,2008-05-12,0,9
598059, Delhi Daredevils,Kings XI Punjab,Feroz Shah Kotla,Delhi,Kings XI Punjab,field,Kings XI Punjab,Delhi Daredevils,2013-04-23,0,5
392196, Chennai Super Kings,Deccan Chargers,Kingsmead,Durban,Deccan Chargers,field,Deccan Chargers,Chennai Super Kings,2009-04-27,0,6
598045, Royal Challengers Bangalore,Kings XI Punjab,M Chinnaswamy Stadium,Bangalore,Kings XI Punjab,field,Kings XI Punjab,Royal Challengers Bangalore,2013-05-14,0,7
829757, Delhi Daredevils,Royal Challengers Bangalore,Feroz Shah Kotla,Delhi,Royal Challengers Bangalore,field,Royal Challengers Bangalore,Delhi Daredevils,2015-04-26,0,10
419137, Chennai Super Kings,Rajasthan Royals,MA Chidambaram Stadium  Chepauk,Chennai,Chennai Super Kings,bat,Chennai Super Kings,Rajasthan Royals,2010-04-03,23,0
734033, Kings XI Punjab,Rajasthan Royals,Punjab Cricket Association Stadium  Mohali,Chandigarh,Rajasthan Royals,field,Kings XI Punjab,Rajasthan Royals,2014-05-23,16,0
598010, Delhi Daredevils,Sunrisers Hyderabad,Feroz Shah Kotla,Delhi,Delhi Daredevils,bat,Sunrisers Hyderabad,Delhi Daredevils,2013-04-12,0,3
733975, Delhi Daredevils,Rajasthan Royals,Feroz Shah Kotla,Delhi,Rajasthan Royals,field,Rajasthan Royals,Delhi Daredevils,2014-05-03,0,7
392204, Royal Challengers Bangalore,Kings XI Punjab,Kingsmead,Durban,Royal Challengers Bangalore,bat,Royal Challengers Bangalore,Kings XI Punjab,2009-05-01,8,0
501253, Chennai Super Kings,Delhi Daredevils,MA Chidambaram Stadium  Chepauk,Chennai,Chennai Super Kings,bat,Chennai Super Kings,Delhi Daredevils,2011-05-12,18,0
734037, Kolkata Knight Riders,Sunrisers Hyderabad,Eden Gardens,Kolkata,Kolkata Knight Riders,field,Kolkata Knight Riders,Sunrisers Hyderabad,2014-05-24,0,4
336029, Chennai Super Kings,Royal Challengers Bangalore,MA Chidambaram Stadium  Chepauk,Chennai,Royal Challengers Bangalore,bat,Royal Challengers Bangalore,Chennai Super Kings,2008-05-21,14,0
980951, Delhi Daredevils,Kolkata Knight Riders,Feroz Shah Kotla,Delhi,Kolkata Knight Riders,field,Delhi Daredevils,Kolkata Knight Riders,2016-04-30,27,0
598003, Pune Warriors,Kings XI Punjab,Subrata Roy Sahara Stadium,Pune,Pune Warriors,bat,Kings XI Punjab,Pune Warriors,2013-04-07,0,8
829787, Rajasthan Royals,Sunrisers Hyderabad,Brabourne Stadium,Mumbai,Rajasthan Royals,field,Sunrisers Hyderabad,Rajasthan Royals,2015-05-07,7,0
392235, Delhi Daredevils,Mumbai Indians,SuperSport Park,Centurion,Delhi Daredevils,field,Delhi Daredevils,Mumbai Indians,2009-05-21,0,4
598050, Mumbai Indians,Kolkata Knight Riders,Wankhede Stadium,Mumbai,Mumbai Indians,bat,Mumbai Indians,Kolkata Knight Riders,2013-05-07,65,0
336026, Royal Challengers Bangalore,Delhi Daredevils,M Chinnaswamy Stadium,Bangalore,Delhi Daredevils,field,Delhi Daredevils,Royal Challengers Bangalore,2008-05-19,0,5
501198, Chennai Super Kings,Kolkata Knight Riders,MA Chidambaram Stadium  Chepauk,Chennai,Chennai Super Kings,bat,Chennai Super Kings,Kolkata Knight Riders,2011-04-08,2,0
598000, Sunrisers Hyderabad,Pune Warriors,Rajiv Gandhi International Stadium  Uppal,Hyderabad,Pune Warriors,field,Sunrisers Hyderabad,Pune Warriors,2013-04-05,22,0
598049, Rajasthan Royals,Delhi Daredevils,Sawai Mansingh Stadium,Jaipur,Delhi Daredevils,bat,Rajasthan Royals,Delhi Daredevils,2013-05-07,0,9
501210, Mumbai Indians,Kochi Tuskers Kerala,Wankhede Stadium,Mumbai,Kochi Tuskers Kerala,field,Kochi Tuskers Kerala,Mumbai Indians,2011-04-15,0,8
829749, Rajasthan Royals,Royal Challengers Bangalore,Sardar Patel Stadium  Motera,Ahmedabad,Royal Challengers Bangalore,field,Royal Challengers Bangalore,Rajasthan Royals,2015-04-24,0,9
501256, Mumbai Indians,Deccan Chargers,Wankhede Stadium,Mumbai,Deccan Chargers,bat,Deccan Chargers,Mumbai Indians,2011-05-14,10,0
392220, Deccan Chargers,Rajasthan Royals,De Beers Diamond Oval,Kimberley,Deccan Chargers,bat,Deccan Chargers,Rajasthan Royals,2009-05-11,53,0
548331, Kings XI Punjab,Royal Challengers Bangalore,Punjab Cricket Association Stadium  Mohali,Chandigarh,Royal Challengers Bangalore,field,Royal Challengers Bangalore,Kings XI Punjab,2012-04-20,0,5
548328, Kings XI Punjab,Kolkata Knight Riders,Punjab Cricket Association Stadium  Mohali,Chandigarh,Kings XI Punjab,bat,Kolkata Knight Riders,Kings XI Punjab,2012-04-18,0,8
598014, Rajasthan Royals,Kings XI Punjab,Sawai Mansingh Stadium,Jaipur,Rajasthan Royals,field,Rajasthan Royals,Kings XI Punjab,2013-04-14,0,6
598064, Kings XI Punjab,Royal Challengers Bangalore,Punjab Cricket Association Stadium  Mohali,Chandigarh,Kings XI Punjab,field,Kings XI Punjab,Royal Challengers Bangalore,2013-05-06,0,6
980909, Kolkata Knight Riders,Mumbai Indians,Eden Gardens,Kolkata,Mumbai Indians,field,Mumbai Indians,Kolkata Knight Riders,2016-04-13,0,6
980961, Gujarat Lions,Delhi Daredevils,Saurashtra Cricket Association Stadium,Rajkot,Delhi Daredevils,field,Delhi Daredevils,Gujarat Lions,2016-05-03,0,8
980945, Delhi Daredevils,Gujarat Lions,Feroz Shah Kotla,Delhi,Delhi Daredevils,field,Gujarat Lions,Delhi Daredevils,2016-04-27,1,0
598029, Kolkata Knight Riders,Mumbai Indians,Eden Gardens,Kolkata,Kolkata Knight Riders,bat,Mumbai Indians,Kolkata Knight Riders,2013-04-24,0,5
829779, Chennai Super Kings,Royal Challengers Bangalore,MA Chidambaram Stadium  Chepauk,Chennai,Chennai Super Kings,bat,Chennai Super Kings,Royal Challengers Bangalore,2015-05-04,24,0
548308, Mumbai Indians,Pune Warriors,Wankhede Stadium,Mumbai,Mumbai Indians,field,Pune Warriors,Mumbai Indians,2012-04-06,28,0
392191, Royal Challengers Bangalore,Kings XI Punjab,Kingsmead,Durban,Royal Challengers Bangalore,bat,Kings XI Punjab,Royal Challengers Bangalore,2009-04-24,0,7
501264, Kings XI Punjab,Deccan Chargers,Himachal Pradesh Cricket Association Stadium,Dharamsala,Kings XI Punjab,field,Deccan Chargers,Kings XI Punjab,2011-05-21,82,0
598065, Sunrisers Hyderabad,Rajasthan Royals,Rajiv Gandhi International Stadium  Uppal,Hyderabad,Sunrisers Hyderabad,bat,Sunrisers Hyderabad,Rajasthan Royals,2013-05-17,23,0
980975, Kolkata Knight Riders,Gujarat Lions,Eden Gardens,Kolkata,Gujarat Lions,field,Gujarat Lions,Kolkata Knight Riders,2016-05-08,0,5
548337, Pune Warriors,Delhi Daredevils,Subrata Roy Sahara Stadium,Pune,Pune Warriors,bat,Delhi Daredevils,Pune Warriors,2012-04-24,0,8
829727, Sunrisers Hyderabad,Rajasthan Royals,Dr. Y.S. Rajasekhara Reddy ACA-VDCA Cricket Stadium,Visakhapatnam,Rajasthan Royals,field,Rajasthan Royals,Sunrisers Hyderabad,2015-04-16,0,6
548373, Deccan Chargers,Rajasthan Royals,Rajiv Gandhi International Stadium  Uppal,Hyderabad,Rajasthan Royals,bat,Deccan Chargers,Rajasthan Royals,2012-05-18,0,5
392216, Deccan Chargers,Kings XI Punjab,De Beers Diamond Oval,Kimberley,Kings XI Punjab,field,Kings XI Punjab,Deccan Chargers,2009-05-09,0,3
980943, Sunrisers Hyderabad,Rising Pune Supergiants,Rajiv Gandhi International Stadium  Uppal,Hyderabad,Rising Pune Supergiants,field,Rising Pune Supergiants,Sunrisers Hyderabad,2016-04-26,34,0
548377, Rajasthan Royals,Mumbai Indians,Sawai Mansingh Stadium,Jaipur,Rajasthan Royals,bat,Mumbai Indians,Rajasthan Royals,2012-05-20,0,10
980929, Gujarat Lions,Sunrisers Hyderabad,Saurashtra Cricket Association Stadium,Rajkot,Sunrisers Hyderabad,field,Sunrisers Hyderabad,Gujarat Lions,2016-04-21,0,10
829719, Royal Challengers Bangalore,Sunrisers Hyderabad,M Chinnaswamy Stadium,Bangalore,Sunrisers Hyderabad,field,Sunrisers Hyderabad,Royal Challengers Bangalore,2015-04-13,0,8
829797, Chennai Super Kings,Rajasthan Royals,MA Chidambaram Stadium  Chepauk,Chennai,Chennai Super Kings,bat,Chennai Super Kings,Rajasthan Royals,2015-05-10,12,0
501240, Chennai Super Kings,Rajasthan Royals,MA Chidambaram Stadium  Chepauk,Chennai,Rajasthan Royals,bat,Chennai Super Kings,Rajasthan Royals,2011-05-04,0,8
392186, Kings XI Punjab,Kolkata Knight Riders,Kingsmead,Durban,Kolkata Knight Riders,field,Kolkata Knight Riders,Kings XI Punjab,2009-04-21,11,0
829731, Sunrisers Hyderabad,Delhi Daredevils,Dr. Y.S. Rajasekhara Reddy ACA-VDCA Cricket Stadium,Visakhapatnam,Delhi Daredevils,bat,Delhi Daredevils,Sunrisers Hyderabad,2015-04-18,4,0
598041, Chennai Super Kings,Kings XI Punjab,MA Chidambaram Stadium  Chepauk,Chennai,Chennai Super Kings,bat,Chennai Super Kings,Kings XI Punjab,2013-05-02,15,0
980957, Rising Pune Supergiants,Mumbai Indians,Maharashtra Cricket Association Stadium,Pune,Mumbai Indians,field,Mumbai Indians,Rising Pune Supergiants,2016-05-01,0,8
501251, Kings XI Punjab,Mumbai Indians,Punjab Cricket Association Stadium  Mohali,Chandigarh,Mumbai Indians,field,Kings XI Punjab,Mumbai Indians,2011-05-10,76,0
548355, Mumbai Indians,Chennai Super Kings,Wankhede Stadium,Mumbai,Mumbai Indians,field,Mumbai Indians,Chennai Super Kings,2012-05-06,0,2
548345, Delhi Daredevils,Rajasthan Royals,Feroz Shah Kotla,Delhi,Delhi Daredevils,bat,Delhi Daredevils,Rajasthan Royals,2012-04-29,1,0
980911, Gujarat Lions,Rising Pune Supergiants,Saurashtra Cricket Association Stadium,Rajkot,Rising Pune Supergiants,bat,Gujarat Lions,Rising Pune Supergiants,2016-04-14,0,7
981019, Royal Challengers Bangalore,Sunrisers Hyderabad,M Chinnaswamy Stadium,Bangalore,Sunrisers Hyderabad,bat,Sunrisers Hyderabad,Royal Challengers Bangalore,2016-05-29,8,0
336013, Chennai Super Kings,Kings XI Punjab,MA Chidambaram Stadium  Chepauk,Chennai,Kings XI Punjab,field,Chennai Super Kings,Kings XI Punjab,2008-05-10,18,0
548363, Kolkata Knight Riders,Mumbai Indians,Eden Gardens,Kolkata,Mumbai Indians,bat,Mumbai Indians,Kolkata Knight Riders,2012-05-12,27,0
501211, Chennai Super Kings,Royal Challengers Bangalore,MA Chidambaram Stadium  Chepauk,Chennai,Chennai Super Kings,bat,Chennai Super Kings,Royal Challengers Bangalore,2011-04-16,21,0
501246, Mumbai Indians,Delhi Daredevils,Wankhede Stadium,Mumbai,Delhi Daredevils,field,Mumbai Indians,Delhi Daredevils,2011-05-07,32,0
501247, Royal Challengers Bangalore,Kochi Tuskers Kerala,M Chinnaswamy Stadium,Bangalore,Kochi Tuskers Kerala,bat,Royal Challengers Bangalore,Kochi Tuskers Kerala,2011-05-08,0,9
598043, Kolkata Knight Riders,Rajasthan Royals,Eden Gardens,Kolkata,Rajasthan Royals,bat,Kolkata Knight Riders,Rajasthan Royals,2013-05-03,0,8
980927, Mumbai Indians,Royal Challengers Bangalore,Wankhede Stadium,Mumbai,Mumbai Indians,field,Mumbai Indians,Royal Challengers Bangalore,2016-04-20,0,6
829739, Delhi Daredevils,Kolkata Knight Riders,Feroz Shah Kotla,Delhi,Kolkata Knight Riders,field,Kolkata Knight Riders,Delhi Daredevils,2015-04-20,0,6
419152, Mumbai Indians,Delhi Daredevils,Brabourne Stadium,Mumbai,Mumbai Indians,bat,Mumbai Indians,Delhi Daredevils,2010-04-13,39,0
419132, Mumbai Indians,Kings XI Punjab,Brabourne Stadium,Mumbai,Mumbai Indians,field,Mumbai Indians,Kings XI Punjab,2010-03-30,0,4
501244, Royal Challengers Bangalore,Kings XI Punjab,M Chinnaswamy Stadium,Bangalore,Kings XI Punjab,field,Royal Challengers Bangalore,Kings XI Punjab,2011-05-06,85,0
392197, Kolkata Knight Riders,Mumbai Indians,St George's Park,Port Elizabeth,Mumbai Indians,bat,Mumbai Indians,Kolkata Knight Riders,2009-04-27,92,0
981001, Gujarat Lions,Kolkata Knight Riders,Green Park,Kanpur,Gujarat Lions,field,Gujarat Lions,Kolkata Knight Riders,2016-05-19,0,6
419164, Royal Challengers Bangalore,Deccan Chargers,Dr DY Patil Sports Academy,Mumbai,Deccan Chargers,bat,Royal Challengers Bangalore,Deccan Chargers,2010-04-24,0,9
829717, Mumbai Indians,Kings XI Punjab,Wankhede Stadium,Mumbai,Mumbai Indians,field,Kings XI Punjab,Mumbai Indians,2015-04-12,18,0
501213, Pune Warriors,Delhi Daredevils,Dr DY Patil Sports Academy,Mumbai,Delhi Daredevils,field,Delhi Daredevils,Pune Warriors,2011-04-17,0,3
419165, Chennai Super Kings,Mumbai Indians,Dr DY Patil Sports Academy,Mumbai,Chennai Super Kings,bat,Chennai Super Kings,Mumbai Indians,2010-04-25,22,0
548312, Rajasthan Royals,Kolkata Knight Riders,Sawai Mansingh Stadium,Jaipur,Kolkata Knight Riders,field,Rajasthan Royals,Kolkata Knight Riders,2012-04-08,22,0
981009, Kolkata Knight Riders,Sunrisers Hyderabad,Eden Gardens,Kolkata,Sunrisers Hyderabad,field,Kolkata Knight Riders,Sunrisers Hyderabad,2016-05-22,22,0
598023, Royal Challengers Bangalore,Rajasthan Royals,M Chinnaswamy Stadium,Bangalore,Royal Challengers Bangalore,field,Royal Challengers Bangalore,Rajasthan Royals,2013-04-20,0,7
829803, Kings XI Punjab,Royal Challengers Bangalore,Punjab Cricket Association Stadium  Mohali,Chandigarh,Royal Challengers Bangalore,field,Kings XI Punjab,Royal Challengers Bangalore,2015-05-13,22,0
598032, Rajasthan Royals,Sunrisers Hyderabad,Sawai Mansingh Stadium,Jaipur,Sunrisers Hyderabad,bat,Rajasthan Royals,Sunrisers Hyderabad,2013-04-27,0,8
829781, Kolkata Knight Riders,Sunrisers Hyderabad,Eden Gardens,Kolkata,Sunrisers Hyderabad,field,Kolkata Knight Riders,Sunrisers Hyderabad,2015-05-04,35,0
392217, Chennai Super Kings,Rajasthan Royals,De Beers Diamond Oval,Kimberley,Rajasthan Royals,bat,Chennai Super Kings,Rajasthan Royals,2009-05-09,0,7
597998, Kolkata Knight Riders,Delhi Daredevils,Eden Gardens,Kolkata,Kolkata Knight Riders,field,Kolkata Knight Riders,Delhi Daredevils,2013-04-03,0,6
548314, Deccan Chargers,Mumbai Indians,Dr. Y.S. Rajasekhara Reddy ACA-VDCA Cricket Stadium,Visakhapatnam,Deccan Chargers,bat,Mumbai Indians,Deccan Chargers,2012-04-09,0,5
598009, Pune Warriors,Rajasthan Royals,Subrata Roy Sahara Stadium,Pune,Rajasthan Royals,bat,Pune Warriors,Rajasthan Royals,2013-04-11,0,7
980905, Kings XI Punjab,Gujarat Lions,Punjab Cricket Association IS Bindra Stadium  Mohali,Chandigarh,Gujarat Lions,field,Gujarat Lions,Kings XI Punjab,2016-04-11,0,5
980903, Kolkata Knight Riders,Delhi Daredevils,Eden Gardens,Kolkata,Kolkata Knight Riders,field,Kolkata Knight Riders,Delhi Daredevils,2016-04-10,0,9
336037, Deccan Chargers,Chennai Super Kings,Rajiv Gandhi International Stadium  Uppal,Hyderabad,Deccan Chargers,bat,Chennai Super Kings,Deccan Chargers,2008-05-27,0,7
548324, Royal Challengers Bangalore,Rajasthan Royals,M Chinnaswamy Stadium,Bangalore,Rajasthan Royals,bat,Rajasthan Royals,Royal Challengers Bangalore,2012-04-15,59,0
734007, Sunrisers Hyderabad,Kings XI Punjab,Rajiv Gandhi International Stadium  Uppal,Hyderabad,Kings XI Punjab,field,Kings XI Punjab,Sunrisers Hyderabad,2014-05-14,0,6
598047, Rajasthan Royals,Pune Warriors,Sawai Mansingh Stadium,Jaipur,Pune Warriors,bat,Rajasthan Royals,Pune Warriors,2013-05-05,0,5
980941, Kings XI Punjab,Mumbai Indians,Punjab Cricket Association IS Bindra Stadium  Mohali,Chandigarh,Kings XI Punjab,field,Mumbai Indians,Kings XI Punjab,2016-04-25,25,0
734021, Sunrisers Hyderabad,Royal Challengers Bangalore,Rajiv Gandhi International Stadium  Uppal,Hyderabad,Royal Challengers Bangalore,bat,Sunrisers Hyderabad,Royal Challengers Bangalore,2014-05-20,0,7
829791, Kolkata Knight Riders,Kings XI Punjab,Eden Gardens,Kolkata,Kings XI Punjab,bat,Kolkata Knight Riders,Kings XI Punjab,2015-05-09,0,1
829799, Sunrisers Hyderabad,Kings XI Punjab,Rajiv Gandhi International Stadium  Uppal,Hyderabad,Sunrisers Hyderabad,bat,Sunrisers Hyderabad,Kings XI Punjab,2015-05-11,5,0
